ISO-10303-21;
HEADER;
/* Generated by software containing ST-Developer
 * from STEP Tools, Inc. (www.steptools.com) 
 */

FILE_DESCRIPTION(
/* description */ (''),
/* implementation_level */ '2;1');

FILE_NAME(
/* name */ 'Bottom.step',
/* time_stamp */ '2026-09-09T19:16:30+07:00',
/* author */ (''),
/* organization */ (''),
/* preprocessor_version */ 'ST-DEVELOPER v20.2',
/* originating_system */ 'Autodesk Translation Framework v15.15.0.0',
/* authorisation */ '');

FILE_SCHEMA (('AUTOMOTIVE_DESIGN { 1 0 10303 214 3 1 1 }'));
ENDSEC;

DATA;
#10=MECHANICAL_DESIGN_GEOMETRIC_PRESENTATION_REPRESENTATION('',(#13),#2851);
#11=SHAPE_REPRESENTATION_RELATIONSHIP('SRR','None',#2858,#12);
#12=ADVANCED_BREP_SHAPE_REPRESENTATION('',(#14),#2850);
#13=STYLED_ITEM('',(#2868),#14);
#14=MANIFOLD_SOLID_BREP('bottom',#1667);
#15=FACE_BOUND('',#267,.T.);
#16=FACE_BOUND('',#270,.T.);
#17=FACE_BOUND('',#277,.T.);
#18=FACE_BOUND('',#278,.T.);
#19=FACE_BOUND('',#283,.T.);
#20=FACE_BOUND('',#287,.T.);
#21=FACE_BOUND('',#292,.T.);
#22=FACE_BOUND('',#293,.T.);
#23=FACE_BOUND('',#295,.T.);
#24=FACE_BOUND('',#322,.T.);
#25=FACE_BOUND('',#327,.T.);
#26=FACE_BOUND('',#332,.T.);
#27=FACE_BOUND('',#349,.T.);
#28=TOROIDAL_SURFACE('',#1686,5.49999850585019,0.5);
#29=TOROIDAL_SURFACE('',#1692,5.49999850585019,0.5);
#30=TOROIDAL_SURFACE('',#1704,4.99999850585019,1.);
#31=TOROIDAL_SURFACE('',#1710,4.99999850585019,1.);
#32=CIRCLE('',#1684,0.5);
#33=CIRCLE('',#1685,0.499999999999998);
#34=CIRCLE('',#1687,0.499999999999998);
#35=CIRCLE('',#1688,5.49999850585018);
#36=CIRCLE('',#1689,5.99999850585019);
#37=CIRCLE('',#1691,0.499999999999998);
#38=CIRCLE('',#1693,0.500000000000004);
#39=CIRCLE('',#1694,5.49999850585019);
#40=CIRCLE('',#1695,5.99999850585019);
#41=CIRCLE('',#1697,0.5);
#42=CIRCLE('',#1699,4.09999850585051);
#43=CIRCLE('',#1700,4.09999850585053);
#44=CIRCLE('',#1702,1.);
#45=CIRCLE('',#1703,1.);
#46=CIRCLE('',#1705,1.00000000000035);
#47=CIRCLE('',#1706,4.99999850585019);
#48=CIRCLE('',#1707,5.99999850585019);
#49=CIRCLE('',#1709,1.00000000000001);
#50=CIRCLE('',#1711,1.00000000000037);
#51=CIRCLE('',#1712,4.99999850585019);
#52=CIRCLE('',#1713,5.99999850585019);
#53=CIRCLE('',#1715,1.);
#54=CIRCLE('',#1723,3.5);
#55=CIRCLE('',#1724,1.6);
#56=CIRCLE('',#1726,3.5);
#57=CIRCLE('',#1728,3.5);
#58=CIRCLE('',#1729,1.6);
#59=CIRCLE('',#1731,3.5);
#60=CIRCLE('',#1733,4.09999850585053);
#61=CIRCLE('',#1736,4.09999850585051);
#62=CIRCLE('',#1740,3.99999850585054);
#63=CIRCLE('',#1741,3.99999850585056);
#64=CIRCLE('',#1743,1.6);
#65=CIRCLE('',#1745,1.6);
#66=CIRCLE('',#1747,3.5);
#67=CIRCLE('',#1748,1.6);
#68=CIRCLE('',#1750,3.5);
#69=CIRCLE('',#1752,1.6);
#70=CIRCLE('',#1754,3.5);
#71=CIRCLE('',#1755,1.6);
#72=CIRCLE('',#1757,3.5);
#73=CIRCLE('',#1759,1.6);
#74=CIRCLE('',#1761,6.38700846938058);
#75=CIRCLE('',#1762,1.799870744281);
#76=CIRCLE('',#1763,2.19999952142599);
#77=CIRCLE('',#1764,7.5);
#78=CIRCLE('',#1765,7.50000011175871);
#79=CIRCLE('',#1766,5.);
#80=CIRCLE('',#1767,5.);
#81=CIRCLE('',#1768,1.799999521427);
#82=CIRCLE('',#1769,2.19999952142581);
#83=CIRCLE('',#1770,7.5);
#84=CIRCLE('',#1771,2.2001050908681);
#85=CIRCLE('',#1773,3.99999850585056);
#86=CIRCLE('',#1774,3.99999952142599);
#87=CIRCLE('',#1775,3.99987538803872);
#88=CIRCLE('',#1776,4.00010509091141);
#89=CIRCLE('',#1777,3.99999952142582);
#90=CIRCLE('',#1779,4.00010509091141);
#91=CIRCLE('',#1780,3.99987538803872);
#92=CIRCLE('',#1781,3.99999952142597);
#93=CIRCLE('',#1782,3.99999850585027);
#94=CIRCLE('',#1783,3.99999850585028);
#95=CIRCLE('',#1784,3.99999850585027);
#96=CIRCLE('',#1785,3.9999995214258);
#97=CIRCLE('',#1786,2.19999952142581);
#98=CIRCLE('',#1787,1.799999521427);
#99=CIRCLE('',#1788,2.19999850585049);
#100=CIRCLE('',#1789,2.19999850585051);
#101=CIRCLE('',#1790,2.19999850585049);
#102=CIRCLE('',#1791,2.19999952142599);
#103=CIRCLE('',#1792,1.799870744281);
#104=CIRCLE('',#1793,2.19987538803871);
#105=CIRCLE('',#1794,2.2001050908681);
#106=CIRCLE('',#1797,2.19999850585051);
#107=CIRCLE('',#1800,2.19999850585049);
#108=CIRCLE('',#1816,7.5);
#109=CIRCLE('',#1818,2.19999850585049);
#110=CIRCLE('',#1820,6.38700846938058);
#111=CIRCLE('',#1823,2.2001050908681);
#112=CIRCLE('',#1824,2.19987538803871);
#113=CIRCLE('',#1826,7.50000011175871);
#114=CIRCLE('',#1828,7.5);
#115=CIRCLE('',#1832,5.);
#116=CIRCLE('',#1838,5.);
#117=CYLINDRICAL_SURFACE('',#1683,0.5);
#118=CYLINDRICAL_SURFACE('',#1690,0.5);
#119=CYLINDRICAL_SURFACE('',#1696,0.5);
#120=CYLINDRICAL_SURFACE('',#1701,1.);
#121=CYLINDRICAL_SURFACE('',#1708,1.);
#122=CYLINDRICAL_SURFACE('',#1714,1.);
#123=CYLINDRICAL_SURFACE('',#1717,5.99999850585019);
#124=CYLINDRICAL_SURFACE('',#1719,5.99999850585019);
#125=CYLINDRICAL_SURFACE('',#1725,3.5);
#126=CYLINDRICAL_SURFACE('',#1730,3.5);
#127=CYLINDRICAL_SURFACE('',#1732,4.09999850585053);
#128=CYLINDRICAL_SURFACE('',#1735,4.09999850585051);
#129=CYLINDRICAL_SURFACE('',#1742,1.6);
#130=CYLINDRICAL_SURFACE('',#1744,1.6);
#131=CYLINDRICAL_SURFACE('',#1749,3.5);
#132=CYLINDRICAL_SURFACE('',#1751,1.6);
#133=CYLINDRICAL_SURFACE('',#1756,3.5);
#134=CYLINDRICAL_SURFACE('',#1758,1.6);
#135=CYLINDRICAL_SURFACE('',#1796,2.19999850585051);
#136=CYLINDRICAL_SURFACE('',#1799,2.19999850585049);
#137=CYLINDRICAL_SURFACE('',#1802,1.799999521427);
#138=CYLINDRICAL_SURFACE('',#1804,2.19999952142581);
#139=CYLINDRICAL_SURFACE('',#1807,3.99999952142597);
#140=CYLINDRICAL_SURFACE('',#1810,3.99987538803872);
#141=CYLINDRICAL_SURFACE('',#1812,4.00010509091141);
#142=CYLINDRICAL_SURFACE('',#1815,7.5);
#143=CYLINDRICAL_SURFACE('',#1819,6.38700846938058);
#144=CYLINDRICAL_SURFACE('',#1825,7.50000011175871);
#145=CYLINDRICAL_SURFACE('',#1827,7.5);
#146=CYLINDRICAL_SURFACE('',#1831,5.);
#147=CYLINDRICAL_SURFACE('',#1837,5.);
#148=CYLINDRICAL_SURFACE('',#1840,2.2001050908681);
#149=CYLINDRICAL_SURFACE('',#1842,2.19987538803871);
#150=CYLINDRICAL_SURFACE('',#1844,1.799870744281);
#151=CYLINDRICAL_SURFACE('',#1846,2.19999952142599);
#152=CYLINDRICAL_SURFACE('',#1848,2.19999850585049);
#153=CYLINDRICAL_SURFACE('',#1849,3.9999995214258);
#154=CYLINDRICAL_SURFACE('',#1851,3.99999850585027);
#155=CYLINDRICAL_SURFACE('',#1853,3.99999850585028);
#156=CYLINDRICAL_SURFACE('',#1854,3.99999850585027);
#157=FACE_OUTER_BOUND('',#247,.T.);
#158=FACE_OUTER_BOUND('',#248,.T.);
#159=FACE_OUTER_BOUND('',#249,.T.);
#160=FACE_OUTER_BOUND('',#250,.T.);
#161=FACE_OUTER_BOUND('',#251,.T.);
#162=FACE_OUTER_BOUND('',#252,.T.);
#163=FACE_OUTER_BOUND('',#253,.T.);
#164=FACE_OUTER_BOUND('',#254,.T.);
#165=FACE_OUTER_BOUND('',#255,.T.);
#166=FACE_OUTER_BOUND('',#256,.T.);
#167=FACE_OUTER_BOUND('',#257,.T.);
#168=FACE_OUTER_BOUND('',#258,.T.);
#169=FACE_OUTER_BOUND('',#259,.T.);
#170=FACE_OUTER_BOUND('',#260,.T.);
#171=FACE_OUTER_BOUND('',#261,.T.);
#172=FACE_OUTER_BOUND('',#262,.T.);
#173=FACE_OUTER_BOUND('',#263,.T.);
#174=FACE_OUTER_BOUND('',#264,.T.);
#175=FACE_OUTER_BOUND('',#265,.T.);
#176=FACE_OUTER_BOUND('',#266,.T.);
#177=FACE_OUTER_BOUND('',#268,.T.);
#178=FACE_OUTER_BOUND('',#269,.T.);
#179=FACE_OUTER_BOUND('',#271,.T.);
#180=FACE_OUTER_BOUND('',#272,.T.);
#181=FACE_OUTER_BOUND('',#273,.T.);
#182=FACE_OUTER_BOUND('',#274,.T.);
#183=FACE_OUTER_BOUND('',#275,.T.);
#184=FACE_OUTER_BOUND('',#276,.T.);
#185=FACE_OUTER_BOUND('',#279,.T.);
#186=FACE_OUTER_BOUND('',#280,.T.);
#187=FACE_OUTER_BOUND('',#281,.T.);
#188=FACE_OUTER_BOUND('',#282,.T.);
#189=FACE_OUTER_BOUND('',#284,.T.);
#190=FACE_OUTER_BOUND('',#285,.T.);
#191=FACE_OUTER_BOUND('',#286,.T.);
#192=FACE_OUTER_BOUND('',#288,.T.);
#193=FACE_OUTER_BOUND('',#289,.T.);
#194=FACE_OUTER_BOUND('',#290,.T.);
#195=FACE_OUTER_BOUND('',#291,.T.);
#196=FACE_OUTER_BOUND('',#294,.T.);
#197=FACE_OUTER_BOUND('',#296,.T.);
#198=FACE_OUTER_BOUND('',#297,.T.);
#199=FACE_OUTER_BOUND('',#298,.T.);
#200=FACE_OUTER_BOUND('',#299,.T.);
#201=FACE_OUTER_BOUND('',#300,.T.);
#202=FACE_OUTER_BOUND('',#301,.T.);
#203=FACE_OUTER_BOUND('',#302,.T.);
#204=FACE_OUTER_BOUND('',#303,.T.);
#205=FACE_OUTER_BOUND('',#304,.T.);
#206=FACE_OUTER_BOUND('',#305,.T.);
#207=FACE_OUTER_BOUND('',#306,.T.);
#208=FACE_OUTER_BOUND('',#307,.T.);
#209=FACE_OUTER_BOUND('',#308,.T.);
#210=FACE_OUTER_BOUND('',#309,.T.);
#211=FACE_OUTER_BOUND('',#310,.T.);
#212=FACE_OUTER_BOUND('',#311,.T.);
#213=FACE_OUTER_BOUND('',#312,.T.);
#214=FACE_OUTER_BOUND('',#313,.T.);
#215=FACE_OUTER_BOUND('',#314,.T.);
#216=FACE_OUTER_BOUND('',#315,.T.);
#217=FACE_OUTER_BOUND('',#316,.T.);
#218=FACE_OUTER_BOUND('',#317,.T.);
#219=FACE_OUTER_BOUND('',#318,.T.);
#220=FACE_OUTER_BOUND('',#319,.T.);
#221=FACE_OUTER_BOUND('',#320,.T.);
#222=FACE_OUTER_BOUND('',#321,.T.);
#223=FACE_OUTER_BOUND('',#323,.T.);
#224=FACE_OUTER_BOUND('',#324,.T.);
#225=FACE_OUTER_BOUND('',#325,.T.);
#226=FACE_OUTER_BOUND('',#326,.T.);
#227=FACE_OUTER_BOUND('',#328,.T.);
#228=FACE_OUTER_BOUND('',#329,.T.);
#229=FACE_OUTER_BOUND('',#330,.T.);
#230=FACE_OUTER_BOUND('',#331,.T.);
#231=FACE_OUTER_BOUND('',#333,.T.);
#232=FACE_OUTER_BOUND('',#334,.T.);
#233=FACE_OUTER_BOUND('',#335,.T.);
#234=FACE_OUTER_BOUND('',#336,.T.);
#235=FACE_OUTER_BOUND('',#337,.T.);
#236=FACE_OUTER_BOUND('',#338,.T.);
#237=FACE_OUTER_BOUND('',#339,.T.);
#238=FACE_OUTER_BOUND('',#340,.T.);
#239=FACE_OUTER_BOUND('',#341,.T.);
#240=FACE_OUTER_BOUND('',#342,.T.);
#241=FACE_OUTER_BOUND('',#343,.T.);
#242=FACE_OUTER_BOUND('',#344,.T.);
#243=FACE_OUTER_BOUND('',#345,.T.);
#244=FACE_OUTER_BOUND('',#346,.T.);
#245=FACE_OUTER_BOUND('',#347,.T.);
#246=FACE_OUTER_BOUND('',#348,.T.);
#247=EDGE_LOOP('',(#1053,#1054,#1055,#1056));
#248=EDGE_LOOP('',(#1057,#1058,#1059,#1060,#1061,#1062));
#249=EDGE_LOOP('',(#1063,#1064,#1065,#1066));
#250=EDGE_LOOP('',(#1067,#1068,#1069,#1070));
#251=EDGE_LOOP('',(#1071,#1072,#1073,#1074));
#252=EDGE_LOOP('',(#1075,#1076,#1077,#1078));
#253=EDGE_LOOP('',(#1079,#1080,#1081,#1082));
#254=EDGE_LOOP('',(#1083,#1084,#1085,#1086,#1087,#1088,#1089,#1090,#1091,
#1092,#1093,#1094,#1095));
#255=EDGE_LOOP('',(#1096,#1097,#1098,#1099));
#256=EDGE_LOOP('',(#1100,#1101,#1102,#1103));
#257=EDGE_LOOP('',(#1104,#1105,#1106,#1107));
#258=EDGE_LOOP('',(#1108,#1109,#1110,#1111));
#259=EDGE_LOOP('',(#1112,#1113,#1114,#1115));
#260=EDGE_LOOP('',(#1116,#1117,#1118,#1119));
#261=EDGE_LOOP('',(#1120,#1121,#1122,#1123));
#262=EDGE_LOOP('',(#1124,#1125,#1126,#1127));
#263=EDGE_LOOP('',(#1128,#1129,#1130,#1131));
#264=EDGE_LOOP('',(#1132,#1133,#1134,#1135,#1136,#1137,#1138,#1139,#1140,
#1141,#1142,#1143,#1144));
#265=EDGE_LOOP('',(#1145,#1146,#1147,#1148));
#266=EDGE_LOOP('',(#1149));
#267=EDGE_LOOP('',(#1150));
#268=EDGE_LOOP('',(#1151,#1152,#1153,#1154));
#269=EDGE_LOOP('',(#1155));
#270=EDGE_LOOP('',(#1156));
#271=EDGE_LOOP('',(#1157,#1158,#1159,#1160));
#272=EDGE_LOOP('',(#1161,#1162,#1163,#1164));
#273=EDGE_LOOP('',(#1165,#1166,#1167,#1168));
#274=EDGE_LOOP('',(#1169,#1170,#1171,#1172));
#275=EDGE_LOOP('',(#1173,#1174,#1175,#1176));
#276=EDGE_LOOP('',(#1177,#1178,#1179,#1180,#1181,#1182));
#277=EDGE_LOOP('',(#1183));
#278=EDGE_LOOP('',(#1184));
#279=EDGE_LOOP('',(#1185,#1186,#1187,#1188,#1189,#1190,#1191,#1192,#1193,
#1194));
#280=EDGE_LOOP('',(#1195,#1196,#1197,#1198));
#281=EDGE_LOOP('',(#1199,#1200,#1201,#1202));
#282=EDGE_LOOP('',(#1203));
#283=EDGE_LOOP('',(#1204));
#284=EDGE_LOOP('',(#1205,#1206,#1207,#1208));
#285=EDGE_LOOP('',(#1209,#1210,#1211,#1212));
#286=EDGE_LOOP('',(#1213));
#287=EDGE_LOOP('',(#1214));
#288=EDGE_LOOP('',(#1215,#1216,#1217,#1218));
#289=EDGE_LOOP('',(#1219,#1220,#1221,#1222));
#290=EDGE_LOOP('',(#1223,#1224,#1225,#1226,#1227,#1228,#1229,#1230,#1231,
#1232,#1233,#1234,#1235,#1236,#1237,#1238,#1239,#1240,#1241,#1242,#1243,
#1244,#1245,#1246,#1247,#1248));
#291=EDGE_LOOP('',(#1249,#1250,#1251,#1252,#1253,#1254,#1255,#1256,#1257,
#1258,#1259,#1260,#1261,#1262));
#292=EDGE_LOOP('',(#1263));
#293=EDGE_LOOP('',(#1264));
#294=EDGE_LOOP('',(#1265,#1266,#1267,#1268,#1269,#1270,#1271,#1272,#1273,
#1274,#1275,#1276,#1277,#1278,#1279,#1280));
#295=EDGE_LOOP('',(#1281,#1282,#1283,#1284,#1285,#1286,#1287,#1288,#1289,
#1290,#1291,#1292,#1293,#1294,#1295,#1296,#1297,#1298));
#296=EDGE_LOOP('',(#1299,#1300,#1301,#1302,#1303,#1304,#1305,#1306,#1307,
#1308,#1309,#1310));
#297=EDGE_LOOP('',(#1311,#1312,#1313,#1314));
#298=EDGE_LOOP('',(#1315,#1316,#1317,#1318,#1319,#1320,#1321,#1322));
#299=EDGE_LOOP('',(#1323,#1324,#1325,#1326));
#300=EDGE_LOOP('',(#1327,#1328,#1329,#1330,#1331,#1332));
#301=EDGE_LOOP('',(#1333,#1334,#1335,#1336));
#302=EDGE_LOOP('',(#1337,#1338,#1339,#1340));
#303=EDGE_LOOP('',(#1341,#1342,#1343,#1344));
#304=EDGE_LOOP('',(#1345,#1346,#1347,#1348,#1349,#1350,#1351,#1352));
#305=EDGE_LOOP('',(#1353,#1354,#1355,#1356));
#306=EDGE_LOOP('',(#1357,#1358,#1359,#1360));
#307=EDGE_LOOP('',(#1361,#1362,#1363,#1364));
#308=EDGE_LOOP('',(#1365,#1366,#1367,#1368));
#309=EDGE_LOOP('',(#1369,#1370,#1371,#1372));
#310=EDGE_LOOP('',(#1373,#1374,#1375,#1376));
#311=EDGE_LOOP('',(#1377,#1378,#1379,#1380));
#312=EDGE_LOOP('',(#1381,#1382,#1383,#1384));
#313=EDGE_LOOP('',(#1385,#1386,#1387,#1388,#1389));
#314=EDGE_LOOP('',(#1390,#1391,#1392,#1393));
#315=EDGE_LOOP('',(#1394,#1395,#1396,#1397));
#316=EDGE_LOOP('',(#1398,#1399,#1400,#1401));
#317=EDGE_LOOP('',(#1402,#1403,#1404,#1405));
#318=EDGE_LOOP('',(#1406,#1407,#1408,#1409,#1410,#1411));
#319=EDGE_LOOP('',(#1412,#1413,#1414,#1415));
#320=EDGE_LOOP('',(#1416,#1417,#1418,#1419));
#321=EDGE_LOOP('',(#1420,#1421));
#322=EDGE_LOOP('',(#1422));
#323=EDGE_LOOP('',(#1423,#1424,#1425,#1426));
#324=EDGE_LOOP('',(#1427,#1428,#1429,#1430));
#325=EDGE_LOOP('',(#1431,#1432,#1433,#1434));
#326=EDGE_LOOP('',(#1435,#1436,#1437,#1438,#1439,#1440));
#327=EDGE_LOOP('',(#1441));
#328=EDGE_LOOP('',(#1442,#1443,#1444,#1445));
#329=EDGE_LOOP('',(#1446,#1447,#1448,#1449));
#330=EDGE_LOOP('',(#1450,#1451,#1452,#1453));
#331=EDGE_LOOP('',(#1454,#1455,#1456,#1457,#1458,#1459));
#332=EDGE_LOOP('',(#1460));
#333=EDGE_LOOP('',(#1461,#1462,#1463,#1464,#1465,#1466));
#334=EDGE_LOOP('',(#1467,#1468,#1469,#1470));
#335=EDGE_LOOP('',(#1471,#1472,#1473,#1474));
#336=EDGE_LOOP('',(#1475,#1476,#1477,#1478,#1479,#1480));
#337=EDGE_LOOP('',(#1481,#1482,#1483,#1484));
#338=EDGE_LOOP('',(#1485,#1486,#1487,#1488));
#339=EDGE_LOOP('',(#1489,#1490,#1491,#1492));
#340=EDGE_LOOP('',(#1493,#1494,#1495,#1496,#1497,#1498));
#341=EDGE_LOOP('',(#1499,#1500,#1501,#1502));
#342=EDGE_LOOP('',(#1503,#1504,#1505,#1506));
#343=EDGE_LOOP('',(#1507,#1508,#1509,#1510));
#344=EDGE_LOOP('',(#1511,#1512,#1513,#1514,#1515));
#345=EDGE_LOOP('',(#1516,#1517,#1518,#1519));
#346=EDGE_LOOP('',(#1520,#1521,#1522,#1523));
#347=EDGE_LOOP('',(#1524,#1525,#1526,#1527));
#348=EDGE_LOOP('',(#1528,#1529));
#349=EDGE_LOOP('',(#1530));
#350=LINE('',#2366,#504);
#351=LINE('',#2368,#505);
#352=LINE('',#2370,#506);
#353=LINE('',#2371,#507);
#354=LINE('',#2374,#508);
#355=LINE('',#2376,#509);
#356=LINE('',#2378,#510);
#357=LINE('',#2380,#511);
#358=LINE('',#2382,#512);
#359=LINE('',#2383,#513);
#360=LINE('',#2389,#514);
#361=LINE('',#2392,#515);
#362=LINE('',#2403,#516);
#363=LINE('',#2404,#517);
#364=LINE('',#2415,#518);
#365=LINE('',#2416,#519);
#366=LINE('',#2418,#520);
#367=LINE('',#2422,#521);
#368=LINE('',#2426,#522);
#369=LINE('',#2427,#523);
#370=LINE('',#2433,#524);
#371=LINE('',#2436,#525);
#372=LINE('',#2447,#526);
#373=LINE('',#2448,#527);
#374=LINE('',#2459,#528);
#375=LINE('',#2460,#529);
#376=LINE('',#2462,#530);
#377=LINE('',#2463,#531);
#378=LINE('',#2465,#532);
#379=LINE('',#2467,#533);
#380=LINE('',#2469,#534);
#381=LINE('',#2472,#535);
#382=LINE('',#2474,#536);
#383=LINE('',#2475,#537);
#384=LINE('',#2476,#538);
#385=LINE('',#2477,#539);
#386=LINE('',#2487,#540);
#387=LINE('',#2496,#541);
#388=LINE('',#2501,#542);
#389=LINE('',#2502,#543);
#390=LINE('',#2505,#544);
#391=LINE('',#2506,#545);
#392=LINE('',#2510,#546);
#393=LINE('',#2516,#547);
#394=LINE('',#2519,#548);
#395=LINE('',#2522,#549);
#396=LINE('',#2526,#550);
#397=LINE('',#2536,#551);
#398=LINE('',#2539,#552);
#399=LINE('',#2549,#553);
#400=LINE('',#2552,#554);
#401=LINE('',#2559,#555);
#402=LINE('',#2561,#556);
#403=LINE('',#2565,#557);
#404=LINE('',#2569,#558);
#405=LINE('',#2573,#559);
#406=LINE('',#2577,#560);
#407=LINE('',#2579,#561);
#408=LINE('',#2583,#562);
#409=LINE('',#2585,#563);
#410=LINE('',#2587,#564);
#411=LINE('',#2591,#565);
#412=LINE('',#2593,#566);
#413=LINE('',#2597,#567);
#414=LINE('',#2601,#568);
#415=LINE('',#2605,#569);
#416=LINE('',#2609,#570);
#417=LINE('',#2613,#571);
#418=LINE('',#2617,#572);
#419=LINE('',#2619,#573);
#420=LINE('',#2623,#574);
#421=LINE('',#2627,#575);
#422=LINE('',#2630,#576);
#423=LINE('',#2634,#577);
#424=LINE('',#2638,#578);
#425=LINE('',#2642,#579);
#426=LINE('',#2644,#580);
#427=LINE('',#2648,#581);
#428=LINE('',#2652,#582);
#429=LINE('',#2656,#583);
#430=LINE('',#2659,#584);
#431=LINE('',#2663,#585);
#432=LINE('',#2667,#586);
#433=LINE('',#2671,#587);
#434=LINE('',#2675,#588);
#435=LINE('',#2679,#589);
#436=LINE('',#2683,#590);
#437=LINE('',#2687,#591);
#438=LINE('',#2691,#592);
#439=LINE('',#2695,#593);
#440=LINE('',#2699,#594);
#441=LINE('',#2701,#595);
#442=LINE('',#2702,#596);
#443=LINE('',#2704,#597);
#444=LINE('',#2706,#598);
#445=LINE('',#2707,#599);
#446=LINE('',#2709,#600);
#447=LINE('',#2711,#601);
#448=LINE('',#2712,#602);
#449=LINE('',#2715,#603);
#450=LINE('',#2719,#604);
#451=LINE('',#2721,#605);
#452=LINE('',#2722,#606);
#453=LINE('',#2724,#607);
#454=LINE('',#2725,#608);
#455=LINE('',#2728,#609);
#456=LINE('',#2731,#610);
#457=LINE('',#2733,#611);
#458=LINE('',#2734,#612);
#459=LINE('',#2736,#613);
#460=LINE('',#2738,#614);
#461=LINE('',#2740,#615);
#462=LINE('',#2742,#616);
#463=LINE('',#2744,#617);
#464=LINE('',#2746,#618);
#465=LINE('',#2747,#619);
#466=LINE('',#2749,#620);
#467=LINE('',#2750,#621);
#468=LINE('',#2752,#622);
#469=LINE('',#2754,#623);
#470=LINE('',#2756,#624);
#471=LINE('',#2758,#625);
#472=LINE('',#2760,#626);
#473=LINE('',#2762,#627);
#474=LINE('',#2764,#628);
#475=LINE('',#2766,#629);
#476=LINE('',#2767,#630);
#477=LINE('',#2770,#631);
#478=LINE('',#2775,#632);
#479=LINE('',#2778,#633);
#480=LINE('',#2781,#634);
#481=LINE('',#2784,#635);
#482=LINE('',#2785,#636);
#483=LINE('',#2790,#637);
#484=LINE('',#2793,#638);
#485=LINE('',#2801,#639);
#486=LINE('',#2802,#640);
#487=LINE('',#2806,#641);
#488=LINE('',#2808,#642);
#489=LINE('',#2812,#643);
#490=LINE('',#2813,#644);
#491=LINE('',#2816,#645);
#492=LINE('',#2817,#646);
#493=LINE('',#2822,#647);
#494=LINE('',#2824,#648);
#495=LINE('',#2826,#649);
#496=LINE('',#2828,#650);
#497=LINE('',#2830,#651);
#498=LINE('',#2832,#652);
#499=LINE('',#2834,#653);
#500=LINE('',#2836,#654);
#501=LINE('',#2839,#655);
#502=LINE('',#2842,#656);
#503=LINE('',#2844,#657);
#504=VECTOR('',#1860,10.);
#505=VECTOR('',#1861,10.);
#506=VECTOR('',#1862,10.);
#507=VECTOR('',#1863,10.);
#508=VECTOR('',#1866,10.);
#509=VECTOR('',#1867,10.);
#510=VECTOR('',#1868,10.);
#511=VECTOR('',#1869,10.);
#512=VECTOR('',#1870,10.);
#513=VECTOR('',#1871,10.);
#514=VECTOR('',#1876,10.);
#515=VECTOR('',#1879,10.);
#516=VECTOR('',#1892,10.);
#517=VECTOR('',#1893,10.);
#518=VECTOR('',#1906,10.);
#519=VECTOR('',#1907,10.);
#520=VECTOR('',#1910,10.);
#521=VECTOR('',#1913,10.);
#522=VECTOR('',#1916,10.);
#523=VECTOR('',#1917,10.);
#524=VECTOR('',#1922,10.);
#525=VECTOR('',#1925,10.);
#526=VECTOR('',#1938,10.);
#527=VECTOR('',#1939,10.);
#528=VECTOR('',#1952,10.);
#529=VECTOR('',#1953,10.);
#530=VECTOR('',#1956,10.);
#531=VECTOR('',#1957,10.);
#532=VECTOR('',#1960,10.);
#533=VECTOR('',#1963,10.);
#534=VECTOR('',#1966,10.);
#535=VECTOR('',#1969,10.);
#536=VECTOR('',#1970,10.);
#537=VECTOR('',#1971,10.);
#538=VECTOR('',#1972,10.);
#539=VECTOR('',#1973,10.);
#540=VECTOR('',#1986,2.5);
#541=VECTOR('',#1997,2.5);
#542=VECTOR('',#2002,10.);
#543=VECTOR('',#2003,10.);
#544=VECTOR('',#2006,10.);
#545=VECTOR('',#2007,10.);
#546=VECTOR('',#2014,10.);
#547=VECTOR('',#2021,10.);
#548=VECTOR('',#2024,10.);
#549=VECTOR('',#2027,1.6);
#550=VECTOR('',#2032,1.6);
#551=VECTOR('',#2045,2.5);
#552=VECTOR('',#2048,1.6);
#553=VECTOR('',#2061,2.5);
#554=VECTOR('',#2064,1.6);
#555=VECTOR('',#2071,10.);
#556=VECTOR('',#2072,10.);
#557=VECTOR('',#2075,10.);
#558=VECTOR('',#2078,10.);
#559=VECTOR('',#2081,10.);
#560=VECTOR('',#2084,10.);
#561=VECTOR('',#2085,10.);
#562=VECTOR('',#2088,10.);
#563=VECTOR('',#2089,10.);
#564=VECTOR('',#2090,10.);
#565=VECTOR('',#2093,10.);
#566=VECTOR('',#2094,10.);
#567=VECTOR('',#2097,10.);
#568=VECTOR('',#2100,10.);
#569=VECTOR('',#2103,10.);
#570=VECTOR('',#2108,10.);
#571=VECTOR('',#2111,10.);
#572=VECTOR('',#2114,10.);
#573=VECTOR('',#2115,10.);
#574=VECTOR('',#2118,10.);
#575=VECTOR('',#2121,10.);
#576=VECTOR('',#2124,10.);
#577=VECTOR('',#2127,10.);
#578=VECTOR('',#2130,10.);
#579=VECTOR('',#2133,10.);
#580=VECTOR('',#2134,10.);
#581=VECTOR('',#2137,10.);
#582=VECTOR('',#2140,10.);
#583=VECTOR('',#2143,10.);
#584=VECTOR('',#2146,10.);
#585=VECTOR('',#2149,10.);
#586=VECTOR('',#2152,10.);
#587=VECTOR('',#2155,10.);
#588=VECTOR('',#2158,10.);
#589=VECTOR('',#2161,10.);
#590=VECTOR('',#2164,10.);
#591=VECTOR('',#2167,10.);
#592=VECTOR('',#2170,10.);
#593=VECTOR('',#2173,10.);
#594=VECTOR('',#2178,10.);
#595=VECTOR('',#2179,10.);
#596=VECTOR('',#2180,10.);
#597=VECTOR('',#2181,10.);
#598=VECTOR('',#2182,10.);
#599=VECTOR('',#2183,10.);
#600=VECTOR('',#2184,10.);
#601=VECTOR('',#2185,10.);
#602=VECTOR('',#2186,10.);
#603=VECTOR('',#2189,10.);
#604=VECTOR('',#2194,10.);
#605=VECTOR('',#2195,10.);
#606=VECTOR('',#2196,10.);
#607=VECTOR('',#2197,10.);
#608=VECTOR('',#2198,10.);
#609=VECTOR('',#2201,10.);
#610=VECTOR('',#2206,10.);
#611=VECTOR('',#2207,10.);
#612=VECTOR('',#2208,10.);
#613=VECTOR('',#2211,10.);
#614=VECTOR('',#2214,10.);
#615=VECTOR('',#2217,10.);
#616=VECTOR('',#2220,10.);
#617=VECTOR('',#2221,10.);
#618=VECTOR('',#2222,10.);
#619=VECTOR('',#2223,10.);
#620=VECTOR('',#2226,10.);
#621=VECTOR('',#2227,10.);
#622=VECTOR('',#2230,10.);
#623=VECTOR('',#2233,10.);
#624=VECTOR('',#2236,10.);
#625=VECTOR('',#2239,10.);
#626=VECTOR('',#2242,10.);
#627=VECTOR('',#2245,10.);
#628=VECTOR('',#2248,10.);
#629=VECTOR('',#2251,10.);
#630=VECTOR('',#2252,10.);
#631=VECTOR('',#2255,10.);
#632=VECTOR('',#2262,10.);
#633=VECTOR('',#2265,10.);
#634=VECTOR('',#2268,10.);
#635=VECTOR('',#2271,10.);
#636=VECTOR('',#2272,10.);
#637=VECTOR('',#2277,10.);
#638=VECTOR('',#2280,10.);
#639=VECTOR('',#2293,10.);
#640=VECTOR('',#2294,10.);
#641=VECTOR('',#2299,10.);
#642=VECTOR('',#2302,10.);
#643=VECTOR('',#2307,10.);
#644=VECTOR('',#2308,10.);
#645=VECTOR('',#2311,10.);
#646=VECTOR('',#2312,10.);
#647=VECTOR('',#2321,10.);
#648=VECTOR('',#2324,10.);
#649=VECTOR('',#2327,10.);
#650=VECTOR('',#2330,10.);
#651=VECTOR('',#2333,10.);
#652=VECTOR('',#2336,10.);
#653=VECTOR('',#2339,10.);
#654=VECTOR('',#2342,10.);
#655=VECTOR('',#2347,10.);
#656=VECTOR('',#2352,10.);
#657=VECTOR('',#2355,10.);
#658=VERTEX_POINT('',#2364);
#659=VERTEX_POINT('',#2365);
#660=VERTEX_POINT('',#2367);
#661=VERTEX_POINT('',#2369);
#662=VERTEX_POINT('',#2373);
#663=VERTEX_POINT('',#2375);
#664=VERTEX_POINT('',#2377);
#665=VERTEX_POINT('',#2379);
#666=VERTEX_POINT('',#2381);
#667=VERTEX_POINT('',#2385);
#668=VERTEX_POINT('',#2386);
#669=VERTEX_POINT('',#2388);
#670=VERTEX_POINT('',#2390);
#671=VERTEX_POINT('',#2394);
#672=VERTEX_POINT('',#2395);
#673=VERTEX_POINT('',#2400);
#674=VERTEX_POINT('',#2401);
#675=VERTEX_POINT('',#2406);
#676=VERTEX_POINT('',#2407);
#677=VERTEX_POINT('',#2412);
#678=VERTEX_POINT('',#2413);
#679=VERTEX_POINT('',#2419);
#680=VERTEX_POINT('',#2421);
#681=VERTEX_POINT('',#2423);
#682=VERTEX_POINT('',#2425);
#683=VERTEX_POINT('',#2429);
#684=VERTEX_POINT('',#2430);
#685=VERTEX_POINT('',#2432);
#686=VERTEX_POINT('',#2434);
#687=VERTEX_POINT('',#2438);
#688=VERTEX_POINT('',#2439);
#689=VERTEX_POINT('',#2444);
#690=VERTEX_POINT('',#2445);
#691=VERTEX_POINT('',#2450);
#692=VERTEX_POINT('',#2451);
#693=VERTEX_POINT('',#2456);
#694=VERTEX_POINT('',#2457);
#695=VERTEX_POINT('',#2471);
#696=VERTEX_POINT('',#2473);
#697=VERTEX_POINT('',#2480);
#698=VERTEX_POINT('',#2482);
#699=VERTEX_POINT('',#2485);
#700=VERTEX_POINT('',#2489);
#701=VERTEX_POINT('',#2491);
#702=VERTEX_POINT('',#2494);
#703=VERTEX_POINT('',#2498);
#704=VERTEX_POINT('',#2499);
#705=VERTEX_POINT('',#2504);
#706=VERTEX_POINT('',#2513);
#707=VERTEX_POINT('',#2515);
#708=VERTEX_POINT('',#2517);
#709=VERTEX_POINT('',#2521);
#710=VERTEX_POINT('',#2525);
#711=VERTEX_POINT('',#2529);
#712=VERTEX_POINT('',#2531);
#713=VERTEX_POINT('',#2534);
#714=VERTEX_POINT('',#2538);
#715=VERTEX_POINT('',#2542);
#716=VERTEX_POINT('',#2544);
#717=VERTEX_POINT('',#2547);
#718=VERTEX_POINT('',#2551);
#719=VERTEX_POINT('',#2555);
#720=VERTEX_POINT('',#2556);
#721=VERTEX_POINT('',#2558);
#722=VERTEX_POINT('',#2560);
#723=VERTEX_POINT('',#2562);
#724=VERTEX_POINT('',#2564);
#725=VERTEX_POINT('',#2566);
#726=VERTEX_POINT('',#2568);
#727=VERTEX_POINT('',#2570);
#728=VERTEX_POINT('',#2572);
#729=VERTEX_POINT('',#2574);
#730=VERTEX_POINT('',#2576);
#731=VERTEX_POINT('',#2578);
#732=VERTEX_POINT('',#2580);
#733=VERTEX_POINT('',#2582);
#734=VERTEX_POINT('',#2584);
#735=VERTEX_POINT('',#2586);
#736=VERTEX_POINT('',#2588);
#737=VERTEX_POINT('',#2590);
#738=VERTEX_POINT('',#2592);
#739=VERTEX_POINT('',#2594);
#740=VERTEX_POINT('',#2596);
#741=VERTEX_POINT('',#2598);
#742=VERTEX_POINT('',#2600);
#743=VERTEX_POINT('',#2602);
#744=VERTEX_POINT('',#2604);
#745=VERTEX_POINT('',#2608);
#746=VERTEX_POINT('',#2610);
#747=VERTEX_POINT('',#2612);
#748=VERTEX_POINT('',#2614);
#749=VERTEX_POINT('',#2616);
#750=VERTEX_POINT('',#2618);
#751=VERTEX_POINT('',#2620);
#752=VERTEX_POINT('',#2622);
#753=VERTEX_POINT('',#2624);
#754=VERTEX_POINT('',#2626);
#755=VERTEX_POINT('',#2628);
#756=VERTEX_POINT('',#2632);
#757=VERTEX_POINT('',#2633);
#758=VERTEX_POINT('',#2635);
#759=VERTEX_POINT('',#2637);
#760=VERTEX_POINT('',#2639);
#761=VERTEX_POINT('',#2641);
#762=VERTEX_POINT('',#2643);
#763=VERTEX_POINT('',#2645);
#764=VERTEX_POINT('',#2647);
#765=VERTEX_POINT('',#2649);
#766=VERTEX_POINT('',#2651);
#767=VERTEX_POINT('',#2653);
#768=VERTEX_POINT('',#2655);
#769=VERTEX_POINT('',#2658);
#770=VERTEX_POINT('',#2661);
#771=VERTEX_POINT('',#2662);
#772=VERTEX_POINT('',#2664);
#773=VERTEX_POINT('',#2666);
#774=VERTEX_POINT('',#2668);
#775=VERTEX_POINT('',#2670);
#776=VERTEX_POINT('',#2672);
#777=VERTEX_POINT('',#2674);
#778=VERTEX_POINT('',#2676);
#779=VERTEX_POINT('',#2678);
#780=VERTEX_POINT('',#2680);
#781=VERTEX_POINT('',#2682);
#782=VERTEX_POINT('',#2684);
#783=VERTEX_POINT('',#2686);
#784=VERTEX_POINT('',#2688);
#785=VERTEX_POINT('',#2690);
#786=VERTEX_POINT('',#2692);
#787=VERTEX_POINT('',#2694);
#788=VERTEX_POINT('',#2698);
#789=VERTEX_POINT('',#2700);
#790=VERTEX_POINT('',#2703);
#791=VERTEX_POINT('',#2705);
#792=VERTEX_POINT('',#2708);
#793=VERTEX_POINT('',#2710);
#794=VERTEX_POINT('',#2714);
#795=VERTEX_POINT('',#2718);
#796=VERTEX_POINT('',#2720);
#797=VERTEX_POINT('',#2723);
#798=VERTEX_POINT('',#2727);
#799=VERTEX_POINT('',#2732);
#800=VERTEX_POINT('',#2743);
#801=VERTEX_POINT('',#2745);
#802=VERTEX_POINT('',#2769);
#803=VERTEX_POINT('',#2773);
#804=VERTEX_POINT('',#2777);
#805=VERTEX_POINT('',#2779);
#806=VERTEX_POINT('',#2783);
#807=VERTEX_POINT('',#2787);
#808=VERTEX_POINT('',#2789);
#809=VERTEX_POINT('',#2791);
#810=VERTEX_POINT('',#2800);
#811=VERTEX_POINT('',#2804);
#812=VERTEX_POINT('',#2811);
#813=VERTEX_POINT('',#2815);
#814=EDGE_CURVE('',#658,#659,#350,.T.);
#815=EDGE_CURVE('',#660,#658,#351,.T.);
#816=EDGE_CURVE('',#660,#661,#352,.T.);
#817=EDGE_CURVE('',#661,#659,#353,.T.);
#818=EDGE_CURVE('',#659,#662,#354,.T.);
#819=EDGE_CURVE('',#662,#663,#355,.T.);
#820=EDGE_CURVE('',#664,#663,#356,.T.);
#821=EDGE_CURVE('',#664,#665,#357,.T.);
#822=EDGE_CURVE('',#666,#665,#358,.T.);
#823=EDGE_CURVE('',#659,#666,#359,.T.);
#824=EDGE_CURVE('',#667,#668,#32,.T.);
#825=EDGE_CURVE('',#668,#669,#360,.T.);
#826=EDGE_CURVE('',#669,#670,#33,.T.);
#827=EDGE_CURVE('',#670,#667,#361,.T.);
#828=EDGE_CURVE('',#671,#672,#34,.T.);
#829=EDGE_CURVE('',#672,#670,#35,.T.);
#830=EDGE_CURVE('',#669,#671,#36,.T.);
#831=EDGE_CURVE('',#673,#674,#37,.T.);
#832=EDGE_CURVE('',#674,#672,#362,.T.);
#833=EDGE_CURVE('',#671,#673,#363,.T.);
#834=EDGE_CURVE('',#675,#676,#38,.T.);
#835=EDGE_CURVE('',#676,#674,#39,.T.);
#836=EDGE_CURVE('',#673,#675,#40,.T.);
#837=EDGE_CURVE('',#677,#678,#41,.T.);
#838=EDGE_CURVE('',#678,#676,#364,.T.);
#839=EDGE_CURVE('',#675,#677,#365,.T.);
#840=EDGE_CURVE('',#678,#662,#366,.T.);
#841=EDGE_CURVE('',#661,#679,#42,.T.);
#842=EDGE_CURVE('',#679,#680,#367,.T.);
#843=EDGE_CURVE('',#680,#681,#43,.T.);
#844=EDGE_CURVE('',#681,#682,#368,.T.);
#845=EDGE_CURVE('',#682,#667,#369,.T.);
#846=EDGE_CURVE('',#683,#684,#44,.T.);
#847=EDGE_CURVE('',#684,#685,#370,.T.);
#848=EDGE_CURVE('',#685,#686,#45,.T.);
#849=EDGE_CURVE('',#686,#683,#371,.T.);
#850=EDGE_CURVE('',#687,#688,#46,.T.);
#851=EDGE_CURVE('',#688,#686,#47,.T.);
#852=EDGE_CURVE('',#685,#687,#48,.T.);
#853=EDGE_CURVE('',#689,#690,#49,.T.);
#854=EDGE_CURVE('',#690,#688,#372,.T.);
#855=EDGE_CURVE('',#687,#689,#373,.T.);
#856=EDGE_CURVE('',#691,#692,#50,.T.);
#857=EDGE_CURVE('',#692,#690,#51,.T.);
#858=EDGE_CURVE('',#689,#691,#52,.T.);
#859=EDGE_CURVE('',#693,#694,#53,.T.);
#860=EDGE_CURVE('',#694,#692,#374,.T.);
#861=EDGE_CURVE('',#691,#693,#375,.T.);
#862=EDGE_CURVE('',#693,#668,#376,.T.);
#863=EDGE_CURVE('',#669,#691,#377,.T.);
#864=EDGE_CURVE('',#671,#689,#378,.T.);
#865=EDGE_CURVE('',#673,#687,#379,.T.);
#866=EDGE_CURVE('',#675,#685,#380,.T.);
#867=EDGE_CURVE('',#695,#682,#381,.T.);
#868=EDGE_CURVE('',#695,#696,#382,.T.);
#869=EDGE_CURVE('',#663,#696,#383,.T.);
#870=EDGE_CURVE('',#677,#684,#384,.T.);
#871=EDGE_CURVE('',#694,#683,#385,.T.);
#872=EDGE_CURVE('',#697,#697,#54,.F.);
#873=EDGE_CURVE('',#698,#698,#55,.T.);
#874=EDGE_CURVE('',#699,#699,#56,.T.);
#875=EDGE_CURVE('',#699,#697,#386,.T.);
#876=EDGE_CURVE('',#700,#700,#57,.F.);
#877=EDGE_CURVE('',#701,#701,#58,.T.);
#878=EDGE_CURVE('',#702,#702,#59,.T.);
#879=EDGE_CURVE('',#702,#700,#387,.T.);
#880=EDGE_CURVE('',#703,#704,#60,.T.);
#881=EDGE_CURVE('',#703,#681,#388,.T.);
#882=EDGE_CURVE('',#704,#680,#389,.T.);
#883=EDGE_CURVE('',#704,#705,#390,.T.);
#884=EDGE_CURVE('',#705,#679,#391,.T.);
#885=EDGE_CURVE('',#705,#660,#61,.T.);
#886=EDGE_CURVE('',#695,#703,#392,.T.);
#887=EDGE_CURVE('',#658,#706,#62,.T.);
#888=EDGE_CURVE('',#706,#707,#393,.T.);
#889=EDGE_CURVE('',#707,#708,#63,.T.);
#890=EDGE_CURVE('',#708,#696,#394,.T.);
#891=EDGE_CURVE('',#698,#709,#395,.T.);
#892=EDGE_CURVE('',#709,#709,#64,.T.);
#893=EDGE_CURVE('',#701,#710,#396,.T.);
#894=EDGE_CURVE('',#710,#710,#65,.T.);
#895=EDGE_CURVE('',#711,#711,#66,.F.);
#896=EDGE_CURVE('',#712,#712,#67,.T.);
#897=EDGE_CURVE('',#713,#713,#68,.T.);
#898=EDGE_CURVE('',#713,#711,#397,.T.);
#899=EDGE_CURVE('',#712,#714,#398,.T.);
#900=EDGE_CURVE('',#714,#714,#69,.T.);
#901=EDGE_CURVE('',#715,#715,#70,.F.);
#902=EDGE_CURVE('',#716,#716,#71,.T.);
#903=EDGE_CURVE('',#717,#717,#72,.T.);
#904=EDGE_CURVE('',#717,#715,#399,.T.);
#905=EDGE_CURVE('',#716,#718,#400,.T.);
#906=EDGE_CURVE('',#718,#718,#73,.T.);
#907=EDGE_CURVE('',#719,#720,#74,.T.);
#908=EDGE_CURVE('',#720,#721,#401,.T.);
#909=EDGE_CURVE('',#721,#722,#402,.T.);
#910=EDGE_CURVE('',#722,#723,#75,.T.);
#911=EDGE_CURVE('',#723,#724,#403,.T.);
#912=EDGE_CURVE('',#724,#725,#76,.T.);
#913=EDGE_CURVE('',#725,#726,#404,.T.);
#914=EDGE_CURVE('',#726,#727,#77,.T.);
#915=EDGE_CURVE('',#727,#728,#405,.T.);
#916=EDGE_CURVE('',#728,#729,#78,.T.);
#917=EDGE_CURVE('',#729,#730,#406,.T.);
#918=EDGE_CURVE('',#731,#730,#407,.T.);
#919=EDGE_CURVE('',#731,#732,#79,.T.);
#920=EDGE_CURVE('',#732,#733,#408,.T.);
#921=EDGE_CURVE('',#733,#734,#409,.T.);
#922=EDGE_CURVE('',#735,#734,#410,.T.);
#923=EDGE_CURVE('',#735,#736,#80,.T.);
#924=EDGE_CURVE('',#736,#737,#411,.T.);
#925=EDGE_CURVE('',#737,#738,#412,.T.);
#926=EDGE_CURVE('',#738,#739,#81,.T.);
#927=EDGE_CURVE('',#739,#740,#413,.T.);
#928=EDGE_CURVE('',#740,#741,#82,.T.);
#929=EDGE_CURVE('',#741,#742,#414,.T.);
#930=EDGE_CURVE('',#742,#743,#83,.T.);
#931=EDGE_CURVE('',#743,#744,#415,.T.);
#932=EDGE_CURVE('',#744,#719,#84,.T.);
#933=EDGE_CURVE('',#696,#745,#416,.T.);
#934=EDGE_CURVE('',#745,#746,#85,.T.);
#935=EDGE_CURVE('',#746,#747,#417,.T.);
#936=EDGE_CURVE('',#747,#748,#86,.T.);
#937=EDGE_CURVE('',#748,#749,#418,.T.);
#938=EDGE_CURVE('',#749,#750,#419,.T.);
#939=EDGE_CURVE('',#750,#751,#87,.T.);
#940=EDGE_CURVE('',#751,#752,#420,.T.);
#941=EDGE_CURVE('',#752,#753,#88,.T.);
#942=EDGE_CURVE('',#753,#754,#421,.T.);
#943=EDGE_CURVE('',#754,#755,#89,.T.);
#944=EDGE_CURVE('',#755,#664,#422,.T.);
#945=EDGE_CURVE('',#756,#757,#423,.T.);
#946=EDGE_CURVE('',#757,#758,#90,.T.);
#947=EDGE_CURVE('',#758,#759,#424,.T.);
#948=EDGE_CURVE('',#759,#760,#91,.T.);
#949=EDGE_CURVE('',#760,#761,#425,.T.);
#950=EDGE_CURVE('',#761,#762,#426,.T.);
#951=EDGE_CURVE('',#762,#763,#92,.T.);
#952=EDGE_CURVE('',#763,#764,#427,.T.);
#953=EDGE_CURVE('',#764,#765,#93,.T.);
#954=EDGE_CURVE('',#765,#766,#428,.T.);
#955=EDGE_CURVE('',#766,#767,#94,.T.);
#956=EDGE_CURVE('',#767,#768,#429,.T.);
#957=EDGE_CURVE('',#768,#666,#95,.T.);
#958=EDGE_CURVE('',#665,#769,#430,.T.);
#959=EDGE_CURVE('',#769,#756,#96,.T.);
#960=EDGE_CURVE('',#770,#771,#431,.T.);
#961=EDGE_CURVE('',#771,#772,#97,.T.);
#962=EDGE_CURVE('',#772,#773,#432,.T.);
#963=EDGE_CURVE('',#773,#774,#98,.T.);
#964=EDGE_CURVE('',#774,#775,#433,.T.);
#965=EDGE_CURVE('',#775,#776,#99,.T.);
#966=EDGE_CURVE('',#776,#777,#434,.T.);
#967=EDGE_CURVE('',#777,#778,#100,.T.);
#968=EDGE_CURVE('',#778,#779,#435,.T.);
#969=EDGE_CURVE('',#779,#780,#101,.T.);
#970=EDGE_CURVE('',#780,#781,#436,.T.);
#971=EDGE_CURVE('',#781,#782,#102,.T.);
#972=EDGE_CURVE('',#782,#783,#437,.T.);
#973=EDGE_CURVE('',#783,#784,#103,.T.);
#974=EDGE_CURVE('',#784,#785,#438,.T.);
#975=EDGE_CURVE('',#785,#786,#104,.T.);
#976=EDGE_CURVE('',#786,#787,#439,.T.);
#977=EDGE_CURVE('',#787,#770,#105,.T.);
#978=EDGE_CURVE('',#788,#778,#440,.T.);
#979=EDGE_CURVE('',#788,#789,#441,.T.);
#980=EDGE_CURVE('',#789,#730,#442,.T.);
#981=EDGE_CURVE('',#729,#790,#443,.T.);
#982=EDGE_CURVE('',#790,#791,#444,.T.);
#983=EDGE_CURVE('',#791,#728,#445,.T.);
#984=EDGE_CURVE('',#727,#792,#446,.T.);
#985=EDGE_CURVE('',#792,#793,#447,.T.);
#986=EDGE_CURVE('',#793,#779,#448,.T.);
#987=EDGE_CURVE('',#794,#777,#449,.T.);
#988=EDGE_CURVE('',#794,#788,#106,.T.);
#989=EDGE_CURVE('',#795,#776,#450,.T.);
#990=EDGE_CURVE('',#795,#796,#451,.T.);
#991=EDGE_CURVE('',#796,#734,#452,.T.);
#992=EDGE_CURVE('',#733,#797,#453,.T.);
#993=EDGE_CURVE('',#797,#794,#454,.T.);
#994=EDGE_CURVE('',#798,#775,#455,.T.);
#995=EDGE_CURVE('',#798,#795,#107,.T.);
#996=EDGE_CURVE('',#738,#774,#456,.T.);
#997=EDGE_CURVE('',#737,#799,#457,.T.);
#998=EDGE_CURVE('',#799,#798,#458,.T.);
#999=EDGE_CURVE('',#739,#773,#459,.T.);
#1000=EDGE_CURVE('',#772,#740,#460,.T.);
#1001=EDGE_CURVE('',#741,#771,#461,.T.);
#1002=EDGE_CURVE('',#744,#770,#462,.T.);
#1003=EDGE_CURVE('',#743,#800,#463,.T.);
#1004=EDGE_CURVE('',#800,#801,#464,.T.);
#1005=EDGE_CURVE('',#801,#742,#465,.T.);
#1006=EDGE_CURVE('',#747,#763,#466,.T.);
#1007=EDGE_CURVE('',#746,#764,#467,.T.);
#1008=EDGE_CURVE('',#748,#762,#468,.T.);
#1009=EDGE_CURVE('',#749,#761,#469,.T.);
#1010=EDGE_CURVE('',#750,#760,#470,.T.);
#1011=EDGE_CURVE('',#751,#759,#471,.T.);
#1012=EDGE_CURVE('',#752,#758,#472,.T.);
#1013=EDGE_CURVE('',#757,#753,#473,.T.);
#1014=EDGE_CURVE('',#754,#756,#474,.T.);
#1015=EDGE_CURVE('',#745,#765,#475,.T.);
#1016=EDGE_CURVE('',#708,#766,#476,.T.);
#1017=EDGE_CURVE('',#802,#726,#477,.T.);
#1018=EDGE_CURVE('',#792,#802,#108,.T.);
#1019=EDGE_CURVE('',#793,#803,#109,.T.);
#1020=EDGE_CURVE('',#803,#802,#478,.T.);
#1021=EDGE_CURVE('',#804,#719,#479,.T.);
#1022=EDGE_CURVE('',#805,#804,#110,.T.);
#1023=EDGE_CURVE('',#720,#805,#480,.T.);
#1024=EDGE_CURVE('',#806,#805,#481,.T.);
#1025=EDGE_CURVE('',#721,#806,#482,.T.);
#1026=EDGE_CURVE('',#807,#804,#111,.T.);
#1027=EDGE_CURVE('',#808,#807,#483,.T.);
#1028=EDGE_CURVE('',#809,#808,#112,.T.);
#1029=EDGE_CURVE('',#806,#809,#484,.T.);
#1030=EDGE_CURVE('',#790,#791,#113,.T.);
#1031=EDGE_CURVE('',#800,#801,#114,.T.);
#1032=EDGE_CURVE('',#810,#789,#485,.T.);
#1033=EDGE_CURVE('',#731,#810,#486,.T.);
#1034=EDGE_CURVE('',#811,#810,#115,.T.);
#1035=EDGE_CURVE('',#732,#811,#487,.T.);
#1036=EDGE_CURVE('',#797,#811,#488,.T.);
#1037=EDGE_CURVE('',#736,#812,#489,.T.);
#1038=EDGE_CURVE('',#799,#812,#490,.T.);
#1039=EDGE_CURVE('',#813,#796,#491,.T.);
#1040=EDGE_CURVE('',#735,#813,#492,.T.);
#1041=EDGE_CURVE('',#812,#813,#116,.T.);
#1042=EDGE_CURVE('',#807,#787,#493,.T.);
#1043=EDGE_CURVE('',#808,#786,#494,.T.);
#1044=EDGE_CURVE('',#809,#785,#495,.T.);
#1045=EDGE_CURVE('',#722,#784,#496,.T.);
#1046=EDGE_CURVE('',#723,#783,#497,.T.);
#1047=EDGE_CURVE('',#724,#782,#498,.T.);
#1048=EDGE_CURVE('',#725,#781,#499,.T.);
#1049=EDGE_CURVE('',#803,#780,#500,.T.);
#1050=EDGE_CURVE('',#755,#769,#501,.T.);
#1051=EDGE_CURVE('',#706,#768,#502,.T.);
#1052=EDGE_CURVE('',#707,#767,#503,.T.);
#1053=ORIENTED_EDGE('',*,*,#814,.F.);
#1054=ORIENTED_EDGE('',*,*,#815,.F.);
#1055=ORIENTED_EDGE('',*,*,#816,.T.);
#1056=ORIENTED_EDGE('',*,*,#817,.T.);
#1057=ORIENTED_EDGE('',*,*,#818,.T.);
#1058=ORIENTED_EDGE('',*,*,#819,.T.);
#1059=ORIENTED_EDGE('',*,*,#820,.F.);
#1060=ORIENTED_EDGE('',*,*,#821,.T.);
#1061=ORIENTED_EDGE('',*,*,#822,.F.);
#1062=ORIENTED_EDGE('',*,*,#823,.F.);
#1063=ORIENTED_EDGE('',*,*,#824,.T.);
#1064=ORIENTED_EDGE('',*,*,#825,.T.);
#1065=ORIENTED_EDGE('',*,*,#826,.T.);
#1066=ORIENTED_EDGE('',*,*,#827,.T.);
#1067=ORIENTED_EDGE('',*,*,#828,.T.);
#1068=ORIENTED_EDGE('',*,*,#829,.T.);
#1069=ORIENTED_EDGE('',*,*,#826,.F.);
#1070=ORIENTED_EDGE('',*,*,#830,.T.);
#1071=ORIENTED_EDGE('',*,*,#831,.T.);
#1072=ORIENTED_EDGE('',*,*,#832,.T.);
#1073=ORIENTED_EDGE('',*,*,#828,.F.);
#1074=ORIENTED_EDGE('',*,*,#833,.T.);
#1075=ORIENTED_EDGE('',*,*,#834,.T.);
#1076=ORIENTED_EDGE('',*,*,#835,.T.);
#1077=ORIENTED_EDGE('',*,*,#831,.F.);
#1078=ORIENTED_EDGE('',*,*,#836,.T.);
#1079=ORIENTED_EDGE('',*,*,#837,.T.);
#1080=ORIENTED_EDGE('',*,*,#838,.T.);
#1081=ORIENTED_EDGE('',*,*,#834,.F.);
#1082=ORIENTED_EDGE('',*,*,#839,.T.);
#1083=ORIENTED_EDGE('',*,*,#827,.F.);
#1084=ORIENTED_EDGE('',*,*,#829,.F.);
#1085=ORIENTED_EDGE('',*,*,#832,.F.);
#1086=ORIENTED_EDGE('',*,*,#835,.F.);
#1087=ORIENTED_EDGE('',*,*,#838,.F.);
#1088=ORIENTED_EDGE('',*,*,#840,.T.);
#1089=ORIENTED_EDGE('',*,*,#818,.F.);
#1090=ORIENTED_EDGE('',*,*,#817,.F.);
#1091=ORIENTED_EDGE('',*,*,#841,.T.);
#1092=ORIENTED_EDGE('',*,*,#842,.T.);
#1093=ORIENTED_EDGE('',*,*,#843,.T.);
#1094=ORIENTED_EDGE('',*,*,#844,.T.);
#1095=ORIENTED_EDGE('',*,*,#845,.T.);
#1096=ORIENTED_EDGE('',*,*,#846,.T.);
#1097=ORIENTED_EDGE('',*,*,#847,.T.);
#1098=ORIENTED_EDGE('',*,*,#848,.T.);
#1099=ORIENTED_EDGE('',*,*,#849,.T.);
#1100=ORIENTED_EDGE('',*,*,#850,.T.);
#1101=ORIENTED_EDGE('',*,*,#851,.T.);
#1102=ORIENTED_EDGE('',*,*,#848,.F.);
#1103=ORIENTED_EDGE('',*,*,#852,.T.);
#1104=ORIENTED_EDGE('',*,*,#853,.T.);
#1105=ORIENTED_EDGE('',*,*,#854,.T.);
#1106=ORIENTED_EDGE('',*,*,#850,.F.);
#1107=ORIENTED_EDGE('',*,*,#855,.T.);
#1108=ORIENTED_EDGE('',*,*,#856,.T.);
#1109=ORIENTED_EDGE('',*,*,#857,.T.);
#1110=ORIENTED_EDGE('',*,*,#853,.F.);
#1111=ORIENTED_EDGE('',*,*,#858,.T.);
#1112=ORIENTED_EDGE('',*,*,#859,.T.);
#1113=ORIENTED_EDGE('',*,*,#860,.T.);
#1114=ORIENTED_EDGE('',*,*,#856,.F.);
#1115=ORIENTED_EDGE('',*,*,#861,.T.);
#1116=ORIENTED_EDGE('',*,*,#825,.F.);
#1117=ORIENTED_EDGE('',*,*,#862,.F.);
#1118=ORIENTED_EDGE('',*,*,#861,.F.);
#1119=ORIENTED_EDGE('',*,*,#863,.F.);
#1120=ORIENTED_EDGE('',*,*,#830,.F.);
#1121=ORIENTED_EDGE('',*,*,#863,.T.);
#1122=ORIENTED_EDGE('',*,*,#858,.F.);
#1123=ORIENTED_EDGE('',*,*,#864,.F.);
#1124=ORIENTED_EDGE('',*,*,#833,.F.);
#1125=ORIENTED_EDGE('',*,*,#864,.T.);
#1126=ORIENTED_EDGE('',*,*,#855,.F.);
#1127=ORIENTED_EDGE('',*,*,#865,.F.);
#1128=ORIENTED_EDGE('',*,*,#836,.F.);
#1129=ORIENTED_EDGE('',*,*,#865,.T.);
#1130=ORIENTED_EDGE('',*,*,#852,.F.);
#1131=ORIENTED_EDGE('',*,*,#866,.F.);
#1132=ORIENTED_EDGE('',*,*,#824,.F.);
#1133=ORIENTED_EDGE('',*,*,#845,.F.);
#1134=ORIENTED_EDGE('',*,*,#867,.F.);
#1135=ORIENTED_EDGE('',*,*,#868,.T.);
#1136=ORIENTED_EDGE('',*,*,#869,.F.);
#1137=ORIENTED_EDGE('',*,*,#819,.F.);
#1138=ORIENTED_EDGE('',*,*,#840,.F.);
#1139=ORIENTED_EDGE('',*,*,#837,.F.);
#1140=ORIENTED_EDGE('',*,*,#870,.T.);
#1141=ORIENTED_EDGE('',*,*,#846,.F.);
#1142=ORIENTED_EDGE('',*,*,#871,.F.);
#1143=ORIENTED_EDGE('',*,*,#859,.F.);
#1144=ORIENTED_EDGE('',*,*,#862,.T.);
#1145=ORIENTED_EDGE('',*,*,#839,.F.);
#1146=ORIENTED_EDGE('',*,*,#866,.T.);
#1147=ORIENTED_EDGE('',*,*,#847,.F.);
#1148=ORIENTED_EDGE('',*,*,#870,.F.);
#1149=ORIENTED_EDGE('',*,*,#872,.F.);
#1150=ORIENTED_EDGE('',*,*,#873,.T.);
#1151=ORIENTED_EDGE('',*,*,#874,.F.);
#1152=ORIENTED_EDGE('',*,*,#875,.T.);
#1153=ORIENTED_EDGE('',*,*,#872,.T.);
#1154=ORIENTED_EDGE('',*,*,#875,.F.);
#1155=ORIENTED_EDGE('',*,*,#876,.F.);
#1156=ORIENTED_EDGE('',*,*,#877,.T.);
#1157=ORIENTED_EDGE('',*,*,#878,.F.);
#1158=ORIENTED_EDGE('',*,*,#879,.T.);
#1159=ORIENTED_EDGE('',*,*,#876,.T.);
#1160=ORIENTED_EDGE('',*,*,#879,.F.);
#1161=ORIENTED_EDGE('',*,*,#880,.F.);
#1162=ORIENTED_EDGE('',*,*,#881,.T.);
#1163=ORIENTED_EDGE('',*,*,#843,.F.);
#1164=ORIENTED_EDGE('',*,*,#882,.F.);
#1165=ORIENTED_EDGE('',*,*,#883,.F.);
#1166=ORIENTED_EDGE('',*,*,#882,.T.);
#1167=ORIENTED_EDGE('',*,*,#842,.F.);
#1168=ORIENTED_EDGE('',*,*,#884,.F.);
#1169=ORIENTED_EDGE('',*,*,#885,.F.);
#1170=ORIENTED_EDGE('',*,*,#884,.T.);
#1171=ORIENTED_EDGE('',*,*,#841,.F.);
#1172=ORIENTED_EDGE('',*,*,#816,.F.);
#1173=ORIENTED_EDGE('',*,*,#886,.F.);
#1174=ORIENTED_EDGE('',*,*,#867,.T.);
#1175=ORIENTED_EDGE('',*,*,#844,.F.);
#1176=ORIENTED_EDGE('',*,*,#881,.F.);
#1177=ORIENTED_EDGE('',*,*,#860,.F.);
#1178=ORIENTED_EDGE('',*,*,#871,.T.);
#1179=ORIENTED_EDGE('',*,*,#849,.F.);
#1180=ORIENTED_EDGE('',*,*,#851,.F.);
#1181=ORIENTED_EDGE('',*,*,#854,.F.);
#1182=ORIENTED_EDGE('',*,*,#857,.F.);
#1183=ORIENTED_EDGE('',*,*,#874,.T.);
#1184=ORIENTED_EDGE('',*,*,#878,.T.);
#1185=ORIENTED_EDGE('',*,*,#815,.T.);
#1186=ORIENTED_EDGE('',*,*,#887,.T.);
#1187=ORIENTED_EDGE('',*,*,#888,.T.);
#1188=ORIENTED_EDGE('',*,*,#889,.T.);
#1189=ORIENTED_EDGE('',*,*,#890,.T.);
#1190=ORIENTED_EDGE('',*,*,#868,.F.);
#1191=ORIENTED_EDGE('',*,*,#886,.T.);
#1192=ORIENTED_EDGE('',*,*,#880,.T.);
#1193=ORIENTED_EDGE('',*,*,#883,.T.);
#1194=ORIENTED_EDGE('',*,*,#885,.T.);
#1195=ORIENTED_EDGE('',*,*,#873,.F.);
#1196=ORIENTED_EDGE('',*,*,#891,.T.);
#1197=ORIENTED_EDGE('',*,*,#892,.F.);
#1198=ORIENTED_EDGE('',*,*,#891,.F.);
#1199=ORIENTED_EDGE('',*,*,#877,.F.);
#1200=ORIENTED_EDGE('',*,*,#893,.T.);
#1201=ORIENTED_EDGE('',*,*,#894,.F.);
#1202=ORIENTED_EDGE('',*,*,#893,.F.);
#1203=ORIENTED_EDGE('',*,*,#895,.F.);
#1204=ORIENTED_EDGE('',*,*,#896,.T.);
#1205=ORIENTED_EDGE('',*,*,#897,.F.);
#1206=ORIENTED_EDGE('',*,*,#898,.T.);
#1207=ORIENTED_EDGE('',*,*,#895,.T.);
#1208=ORIENTED_EDGE('',*,*,#898,.F.);
#1209=ORIENTED_EDGE('',*,*,#896,.F.);
#1210=ORIENTED_EDGE('',*,*,#899,.T.);
#1211=ORIENTED_EDGE('',*,*,#900,.F.);
#1212=ORIENTED_EDGE('',*,*,#899,.F.);
#1213=ORIENTED_EDGE('',*,*,#901,.F.);
#1214=ORIENTED_EDGE('',*,*,#902,.T.);
#1215=ORIENTED_EDGE('',*,*,#903,.F.);
#1216=ORIENTED_EDGE('',*,*,#904,.T.);
#1217=ORIENTED_EDGE('',*,*,#901,.T.);
#1218=ORIENTED_EDGE('',*,*,#904,.F.);
#1219=ORIENTED_EDGE('',*,*,#902,.F.);
#1220=ORIENTED_EDGE('',*,*,#905,.T.);
#1221=ORIENTED_EDGE('',*,*,#906,.F.);
#1222=ORIENTED_EDGE('',*,*,#905,.F.);
#1223=ORIENTED_EDGE('',*,*,#907,.T.);
#1224=ORIENTED_EDGE('',*,*,#908,.T.);
#1225=ORIENTED_EDGE('',*,*,#909,.T.);
#1226=ORIENTED_EDGE('',*,*,#910,.T.);
#1227=ORIENTED_EDGE('',*,*,#911,.T.);
#1228=ORIENTED_EDGE('',*,*,#912,.T.);
#1229=ORIENTED_EDGE('',*,*,#913,.T.);
#1230=ORIENTED_EDGE('',*,*,#914,.T.);
#1231=ORIENTED_EDGE('',*,*,#915,.T.);
#1232=ORIENTED_EDGE('',*,*,#916,.T.);
#1233=ORIENTED_EDGE('',*,*,#917,.T.);
#1234=ORIENTED_EDGE('',*,*,#918,.F.);
#1235=ORIENTED_EDGE('',*,*,#919,.T.);
#1236=ORIENTED_EDGE('',*,*,#920,.T.);
#1237=ORIENTED_EDGE('',*,*,#921,.T.);
#1238=ORIENTED_EDGE('',*,*,#922,.F.);
#1239=ORIENTED_EDGE('',*,*,#923,.T.);
#1240=ORIENTED_EDGE('',*,*,#924,.T.);
#1241=ORIENTED_EDGE('',*,*,#925,.T.);
#1242=ORIENTED_EDGE('',*,*,#926,.T.);
#1243=ORIENTED_EDGE('',*,*,#927,.T.);
#1244=ORIENTED_EDGE('',*,*,#928,.T.);
#1245=ORIENTED_EDGE('',*,*,#929,.T.);
#1246=ORIENTED_EDGE('',*,*,#930,.T.);
#1247=ORIENTED_EDGE('',*,*,#931,.T.);
#1248=ORIENTED_EDGE('',*,*,#932,.T.);
#1249=ORIENTED_EDGE('',*,*,#869,.T.);
#1250=ORIENTED_EDGE('',*,*,#933,.T.);
#1251=ORIENTED_EDGE('',*,*,#934,.T.);
#1252=ORIENTED_EDGE('',*,*,#935,.T.);
#1253=ORIENTED_EDGE('',*,*,#936,.T.);
#1254=ORIENTED_EDGE('',*,*,#937,.T.);
#1255=ORIENTED_EDGE('',*,*,#938,.T.);
#1256=ORIENTED_EDGE('',*,*,#939,.T.);
#1257=ORIENTED_EDGE('',*,*,#940,.T.);
#1258=ORIENTED_EDGE('',*,*,#941,.T.);
#1259=ORIENTED_EDGE('',*,*,#942,.T.);
#1260=ORIENTED_EDGE('',*,*,#943,.T.);
#1261=ORIENTED_EDGE('',*,*,#944,.T.);
#1262=ORIENTED_EDGE('',*,*,#820,.T.);
#1263=ORIENTED_EDGE('',*,*,#897,.T.);
#1264=ORIENTED_EDGE('',*,*,#903,.T.);
#1265=ORIENTED_EDGE('',*,*,#945,.T.);
#1266=ORIENTED_EDGE('',*,*,#946,.T.);
#1267=ORIENTED_EDGE('',*,*,#947,.T.);
#1268=ORIENTED_EDGE('',*,*,#948,.T.);
#1269=ORIENTED_EDGE('',*,*,#949,.T.);
#1270=ORIENTED_EDGE('',*,*,#950,.T.);
#1271=ORIENTED_EDGE('',*,*,#951,.T.);
#1272=ORIENTED_EDGE('',*,*,#952,.T.);
#1273=ORIENTED_EDGE('',*,*,#953,.T.);
#1274=ORIENTED_EDGE('',*,*,#954,.T.);
#1275=ORIENTED_EDGE('',*,*,#955,.T.);
#1276=ORIENTED_EDGE('',*,*,#956,.T.);
#1277=ORIENTED_EDGE('',*,*,#957,.T.);
#1278=ORIENTED_EDGE('',*,*,#822,.T.);
#1279=ORIENTED_EDGE('',*,*,#958,.T.);
#1280=ORIENTED_EDGE('',*,*,#959,.T.);
#1281=ORIENTED_EDGE('',*,*,#960,.T.);
#1282=ORIENTED_EDGE('',*,*,#961,.T.);
#1283=ORIENTED_EDGE('',*,*,#962,.T.);
#1284=ORIENTED_EDGE('',*,*,#963,.T.);
#1285=ORIENTED_EDGE('',*,*,#964,.T.);
#1286=ORIENTED_EDGE('',*,*,#965,.T.);
#1287=ORIENTED_EDGE('',*,*,#966,.T.);
#1288=ORIENTED_EDGE('',*,*,#967,.T.);
#1289=ORIENTED_EDGE('',*,*,#968,.T.);
#1290=ORIENTED_EDGE('',*,*,#969,.T.);
#1291=ORIENTED_EDGE('',*,*,#970,.T.);
#1292=ORIENTED_EDGE('',*,*,#971,.T.);
#1293=ORIENTED_EDGE('',*,*,#972,.T.);
#1294=ORIENTED_EDGE('',*,*,#973,.T.);
#1295=ORIENTED_EDGE('',*,*,#974,.T.);
#1296=ORIENTED_EDGE('',*,*,#975,.T.);
#1297=ORIENTED_EDGE('',*,*,#976,.T.);
#1298=ORIENTED_EDGE('',*,*,#977,.T.);
#1299=ORIENTED_EDGE('',*,*,#968,.F.);
#1300=ORIENTED_EDGE('',*,*,#978,.F.);
#1301=ORIENTED_EDGE('',*,*,#979,.T.);
#1302=ORIENTED_EDGE('',*,*,#980,.T.);
#1303=ORIENTED_EDGE('',*,*,#917,.F.);
#1304=ORIENTED_EDGE('',*,*,#981,.T.);
#1305=ORIENTED_EDGE('',*,*,#982,.T.);
#1306=ORIENTED_EDGE('',*,*,#983,.T.);
#1307=ORIENTED_EDGE('',*,*,#915,.F.);
#1308=ORIENTED_EDGE('',*,*,#984,.T.);
#1309=ORIENTED_EDGE('',*,*,#985,.T.);
#1310=ORIENTED_EDGE('',*,*,#986,.T.);
#1311=ORIENTED_EDGE('',*,*,#967,.F.);
#1312=ORIENTED_EDGE('',*,*,#987,.F.);
#1313=ORIENTED_EDGE('',*,*,#988,.T.);
#1314=ORIENTED_EDGE('',*,*,#978,.T.);
#1315=ORIENTED_EDGE('',*,*,#966,.F.);
#1316=ORIENTED_EDGE('',*,*,#989,.F.);
#1317=ORIENTED_EDGE('',*,*,#990,.T.);
#1318=ORIENTED_EDGE('',*,*,#991,.T.);
#1319=ORIENTED_EDGE('',*,*,#921,.F.);
#1320=ORIENTED_EDGE('',*,*,#992,.T.);
#1321=ORIENTED_EDGE('',*,*,#993,.T.);
#1322=ORIENTED_EDGE('',*,*,#987,.T.);
#1323=ORIENTED_EDGE('',*,*,#965,.F.);
#1324=ORIENTED_EDGE('',*,*,#994,.F.);
#1325=ORIENTED_EDGE('',*,*,#995,.T.);
#1326=ORIENTED_EDGE('',*,*,#989,.T.);
#1327=ORIENTED_EDGE('',*,*,#964,.F.);
#1328=ORIENTED_EDGE('',*,*,#996,.F.);
#1329=ORIENTED_EDGE('',*,*,#925,.F.);
#1330=ORIENTED_EDGE('',*,*,#997,.T.);
#1331=ORIENTED_EDGE('',*,*,#998,.T.);
#1332=ORIENTED_EDGE('',*,*,#994,.T.);
#1333=ORIENTED_EDGE('',*,*,#963,.F.);
#1334=ORIENTED_EDGE('',*,*,#999,.F.);
#1335=ORIENTED_EDGE('',*,*,#926,.F.);
#1336=ORIENTED_EDGE('',*,*,#996,.T.);
#1337=ORIENTED_EDGE('',*,*,#962,.F.);
#1338=ORIENTED_EDGE('',*,*,#1000,.T.);
#1339=ORIENTED_EDGE('',*,*,#927,.F.);
#1340=ORIENTED_EDGE('',*,*,#999,.T.);
#1341=ORIENTED_EDGE('',*,*,#961,.F.);
#1342=ORIENTED_EDGE('',*,*,#1001,.F.);
#1343=ORIENTED_EDGE('',*,*,#928,.F.);
#1344=ORIENTED_EDGE('',*,*,#1000,.F.);
#1345=ORIENTED_EDGE('',*,*,#960,.F.);
#1346=ORIENTED_EDGE('',*,*,#1002,.F.);
#1347=ORIENTED_EDGE('',*,*,#931,.F.);
#1348=ORIENTED_EDGE('',*,*,#1003,.T.);
#1349=ORIENTED_EDGE('',*,*,#1004,.T.);
#1350=ORIENTED_EDGE('',*,*,#1005,.T.);
#1351=ORIENTED_EDGE('',*,*,#929,.F.);
#1352=ORIENTED_EDGE('',*,*,#1001,.T.);
#1353=ORIENTED_EDGE('',*,*,#952,.F.);
#1354=ORIENTED_EDGE('',*,*,#1006,.F.);
#1355=ORIENTED_EDGE('',*,*,#935,.F.);
#1356=ORIENTED_EDGE('',*,*,#1007,.T.);
#1357=ORIENTED_EDGE('',*,*,#951,.F.);
#1358=ORIENTED_EDGE('',*,*,#1008,.F.);
#1359=ORIENTED_EDGE('',*,*,#936,.F.);
#1360=ORIENTED_EDGE('',*,*,#1006,.T.);
#1361=ORIENTED_EDGE('',*,*,#950,.F.);
#1362=ORIENTED_EDGE('',*,*,#1009,.F.);
#1363=ORIENTED_EDGE('',*,*,#937,.F.);
#1364=ORIENTED_EDGE('',*,*,#1008,.T.);
#1365=ORIENTED_EDGE('',*,*,#949,.F.);
#1366=ORIENTED_EDGE('',*,*,#1010,.F.);
#1367=ORIENTED_EDGE('',*,*,#938,.F.);
#1368=ORIENTED_EDGE('',*,*,#1009,.T.);
#1369=ORIENTED_EDGE('',*,*,#948,.F.);
#1370=ORIENTED_EDGE('',*,*,#1011,.F.);
#1371=ORIENTED_EDGE('',*,*,#939,.F.);
#1372=ORIENTED_EDGE('',*,*,#1010,.T.);
#1373=ORIENTED_EDGE('',*,*,#947,.F.);
#1374=ORIENTED_EDGE('',*,*,#1012,.F.);
#1375=ORIENTED_EDGE('',*,*,#940,.F.);
#1376=ORIENTED_EDGE('',*,*,#1011,.T.);
#1377=ORIENTED_EDGE('',*,*,#946,.F.);
#1378=ORIENTED_EDGE('',*,*,#1013,.T.);
#1379=ORIENTED_EDGE('',*,*,#941,.F.);
#1380=ORIENTED_EDGE('',*,*,#1012,.T.);
#1381=ORIENTED_EDGE('',*,*,#945,.F.);
#1382=ORIENTED_EDGE('',*,*,#1014,.F.);
#1383=ORIENTED_EDGE('',*,*,#942,.F.);
#1384=ORIENTED_EDGE('',*,*,#1013,.F.);
#1385=ORIENTED_EDGE('',*,*,#954,.F.);
#1386=ORIENTED_EDGE('',*,*,#1015,.F.);
#1387=ORIENTED_EDGE('',*,*,#933,.F.);
#1388=ORIENTED_EDGE('',*,*,#890,.F.);
#1389=ORIENTED_EDGE('',*,*,#1016,.T.);
#1390=ORIENTED_EDGE('',*,*,#914,.F.);
#1391=ORIENTED_EDGE('',*,*,#1017,.F.);
#1392=ORIENTED_EDGE('',*,*,#1018,.F.);
#1393=ORIENTED_EDGE('',*,*,#984,.F.);
#1394=ORIENTED_EDGE('',*,*,#1019,.F.);
#1395=ORIENTED_EDGE('',*,*,#985,.F.);
#1396=ORIENTED_EDGE('',*,*,#1018,.T.);
#1397=ORIENTED_EDGE('',*,*,#1020,.F.);
#1398=ORIENTED_EDGE('',*,*,#907,.F.);
#1399=ORIENTED_EDGE('',*,*,#1021,.F.);
#1400=ORIENTED_EDGE('',*,*,#1022,.F.);
#1401=ORIENTED_EDGE('',*,*,#1023,.F.);
#1402=ORIENTED_EDGE('',*,*,#908,.F.);
#1403=ORIENTED_EDGE('',*,*,#1023,.T.);
#1404=ORIENTED_EDGE('',*,*,#1024,.F.);
#1405=ORIENTED_EDGE('',*,*,#1025,.F.);
#1406=ORIENTED_EDGE('',*,*,#1026,.F.);
#1407=ORIENTED_EDGE('',*,*,#1027,.F.);
#1408=ORIENTED_EDGE('',*,*,#1028,.F.);
#1409=ORIENTED_EDGE('',*,*,#1029,.F.);
#1410=ORIENTED_EDGE('',*,*,#1024,.T.);
#1411=ORIENTED_EDGE('',*,*,#1022,.T.);
#1412=ORIENTED_EDGE('',*,*,#916,.F.);
#1413=ORIENTED_EDGE('',*,*,#983,.F.);
#1414=ORIENTED_EDGE('',*,*,#1030,.F.);
#1415=ORIENTED_EDGE('',*,*,#981,.F.);
#1416=ORIENTED_EDGE('',*,*,#930,.F.);
#1417=ORIENTED_EDGE('',*,*,#1005,.F.);
#1418=ORIENTED_EDGE('',*,*,#1031,.F.);
#1419=ORIENTED_EDGE('',*,*,#1003,.F.);
#1420=ORIENTED_EDGE('',*,*,#1031,.T.);
#1421=ORIENTED_EDGE('',*,*,#1004,.F.);
#1422=ORIENTED_EDGE('',*,*,#900,.T.);
#1423=ORIENTED_EDGE('',*,*,#918,.T.);
#1424=ORIENTED_EDGE('',*,*,#980,.F.);
#1425=ORIENTED_EDGE('',*,*,#1032,.F.);
#1426=ORIENTED_EDGE('',*,*,#1033,.F.);
#1427=ORIENTED_EDGE('',*,*,#919,.F.);
#1428=ORIENTED_EDGE('',*,*,#1033,.T.);
#1429=ORIENTED_EDGE('',*,*,#1034,.F.);
#1430=ORIENTED_EDGE('',*,*,#1035,.F.);
#1431=ORIENTED_EDGE('',*,*,#920,.F.);
#1432=ORIENTED_EDGE('',*,*,#1035,.T.);
#1433=ORIENTED_EDGE('',*,*,#1036,.F.);
#1434=ORIENTED_EDGE('',*,*,#992,.F.);
#1435=ORIENTED_EDGE('',*,*,#1036,.T.);
#1436=ORIENTED_EDGE('',*,*,#1034,.T.);
#1437=ORIENTED_EDGE('',*,*,#1032,.T.);
#1438=ORIENTED_EDGE('',*,*,#979,.F.);
#1439=ORIENTED_EDGE('',*,*,#988,.F.);
#1440=ORIENTED_EDGE('',*,*,#993,.F.);
#1441=ORIENTED_EDGE('',*,*,#894,.T.);
#1442=ORIENTED_EDGE('',*,*,#924,.F.);
#1443=ORIENTED_EDGE('',*,*,#1037,.T.);
#1444=ORIENTED_EDGE('',*,*,#1038,.F.);
#1445=ORIENTED_EDGE('',*,*,#997,.F.);
#1446=ORIENTED_EDGE('',*,*,#922,.T.);
#1447=ORIENTED_EDGE('',*,*,#991,.F.);
#1448=ORIENTED_EDGE('',*,*,#1039,.F.);
#1449=ORIENTED_EDGE('',*,*,#1040,.F.);
#1450=ORIENTED_EDGE('',*,*,#923,.F.);
#1451=ORIENTED_EDGE('',*,*,#1040,.T.);
#1452=ORIENTED_EDGE('',*,*,#1041,.F.);
#1453=ORIENTED_EDGE('',*,*,#1037,.F.);
#1454=ORIENTED_EDGE('',*,*,#1041,.T.);
#1455=ORIENTED_EDGE('',*,*,#1039,.T.);
#1456=ORIENTED_EDGE('',*,*,#990,.F.);
#1457=ORIENTED_EDGE('',*,*,#995,.F.);
#1458=ORIENTED_EDGE('',*,*,#998,.F.);
#1459=ORIENTED_EDGE('',*,*,#1038,.T.);
#1460=ORIENTED_EDGE('',*,*,#892,.T.);
#1461=ORIENTED_EDGE('',*,*,#977,.F.);
#1462=ORIENTED_EDGE('',*,*,#1042,.F.);
#1463=ORIENTED_EDGE('',*,*,#1026,.T.);
#1464=ORIENTED_EDGE('',*,*,#1021,.T.);
#1465=ORIENTED_EDGE('',*,*,#932,.F.);
#1466=ORIENTED_EDGE('',*,*,#1002,.T.);
#1467=ORIENTED_EDGE('',*,*,#976,.F.);
#1468=ORIENTED_EDGE('',*,*,#1043,.F.);
#1469=ORIENTED_EDGE('',*,*,#1027,.T.);
#1470=ORIENTED_EDGE('',*,*,#1042,.T.);
#1471=ORIENTED_EDGE('',*,*,#975,.F.);
#1472=ORIENTED_EDGE('',*,*,#1044,.F.);
#1473=ORIENTED_EDGE('',*,*,#1028,.T.);
#1474=ORIENTED_EDGE('',*,*,#1043,.T.);
#1475=ORIENTED_EDGE('',*,*,#974,.F.);
#1476=ORIENTED_EDGE('',*,*,#1045,.F.);
#1477=ORIENTED_EDGE('',*,*,#909,.F.);
#1478=ORIENTED_EDGE('',*,*,#1025,.T.);
#1479=ORIENTED_EDGE('',*,*,#1029,.T.);
#1480=ORIENTED_EDGE('',*,*,#1044,.T.);
#1481=ORIENTED_EDGE('',*,*,#973,.F.);
#1482=ORIENTED_EDGE('',*,*,#1046,.F.);
#1483=ORIENTED_EDGE('',*,*,#910,.F.);
#1484=ORIENTED_EDGE('',*,*,#1045,.T.);
#1485=ORIENTED_EDGE('',*,*,#972,.F.);
#1486=ORIENTED_EDGE('',*,*,#1047,.F.);
#1487=ORIENTED_EDGE('',*,*,#911,.F.);
#1488=ORIENTED_EDGE('',*,*,#1046,.T.);
#1489=ORIENTED_EDGE('',*,*,#971,.F.);
#1490=ORIENTED_EDGE('',*,*,#1048,.F.);
#1491=ORIENTED_EDGE('',*,*,#912,.F.);
#1492=ORIENTED_EDGE('',*,*,#1047,.T.);
#1493=ORIENTED_EDGE('',*,*,#970,.F.);
#1494=ORIENTED_EDGE('',*,*,#1049,.F.);
#1495=ORIENTED_EDGE('',*,*,#1020,.T.);
#1496=ORIENTED_EDGE('',*,*,#1017,.T.);
#1497=ORIENTED_EDGE('',*,*,#913,.F.);
#1498=ORIENTED_EDGE('',*,*,#1048,.T.);
#1499=ORIENTED_EDGE('',*,*,#969,.F.);
#1500=ORIENTED_EDGE('',*,*,#986,.F.);
#1501=ORIENTED_EDGE('',*,*,#1019,.T.);
#1502=ORIENTED_EDGE('',*,*,#1049,.T.);
#1503=ORIENTED_EDGE('',*,*,#959,.F.);
#1504=ORIENTED_EDGE('',*,*,#1050,.F.);
#1505=ORIENTED_EDGE('',*,*,#943,.F.);
#1506=ORIENTED_EDGE('',*,*,#1014,.T.);
#1507=ORIENTED_EDGE('',*,*,#958,.F.);
#1508=ORIENTED_EDGE('',*,*,#821,.F.);
#1509=ORIENTED_EDGE('',*,*,#944,.F.);
#1510=ORIENTED_EDGE('',*,*,#1050,.T.);
#1511=ORIENTED_EDGE('',*,*,#957,.F.);
#1512=ORIENTED_EDGE('',*,*,#1051,.F.);
#1513=ORIENTED_EDGE('',*,*,#887,.F.);
#1514=ORIENTED_EDGE('',*,*,#814,.T.);
#1515=ORIENTED_EDGE('',*,*,#823,.T.);
#1516=ORIENTED_EDGE('',*,*,#956,.F.);
#1517=ORIENTED_EDGE('',*,*,#1052,.F.);
#1518=ORIENTED_EDGE('',*,*,#888,.F.);
#1519=ORIENTED_EDGE('',*,*,#1051,.T.);
#1520=ORIENTED_EDGE('',*,*,#955,.F.);
#1521=ORIENTED_EDGE('',*,*,#1016,.F.);
#1522=ORIENTED_EDGE('',*,*,#889,.F.);
#1523=ORIENTED_EDGE('',*,*,#1052,.T.);
#1524=ORIENTED_EDGE('',*,*,#953,.F.);
#1525=ORIENTED_EDGE('',*,*,#1007,.F.);
#1526=ORIENTED_EDGE('',*,*,#934,.F.);
#1527=ORIENTED_EDGE('',*,*,#1015,.T.);
#1528=ORIENTED_EDGE('',*,*,#1030,.T.);
#1529=ORIENTED_EDGE('',*,*,#982,.F.);
#1530=ORIENTED_EDGE('',*,*,#906,.T.);
#1531=PLANE('',#1681);
#1532=PLANE('',#1682);
#1533=PLANE('',#1698);
#1534=PLANE('',#1716);
#1535=PLANE('',#1718);
#1536=PLANE('',#1720);
#1537=PLANE('',#1721);
#1538=PLANE('',#1722);
#1539=PLANE('',#1727);
#1540=PLANE('',#1734);
#1541=PLANE('',#1737);
#1542=PLANE('',#1738);
#1543=PLANE('',#1739);
#1544=PLANE('',#1746);
#1545=PLANE('',#1753);
#1546=PLANE('',#1760);
#1547=PLANE('',#1772);
#1548=PLANE('',#1778);
#1549=PLANE('',#1795);
#1550=PLANE('',#1798);
#1551=PLANE('',#1801);
#1552=PLANE('',#1803);
#1553=PLANE('',#1805);
#1554=PLANE('',#1806);
#1555=PLANE('',#1808);
#1556=PLANE('',#1809);
#1557=PLANE('',#1811);
#1558=PLANE('',#1813);
#1559=PLANE('',#1814);
#1560=PLANE('',#1817);
#1561=PLANE('',#1821);
#1562=PLANE('',#1822);
#1563=PLANE('',#1829);
#1564=PLANE('',#1830);
#1565=PLANE('',#1833);
#1566=PLANE('',#1834);
#1567=PLANE('',#1835);
#1568=PLANE('',#1836);
#1569=PLANE('',#1839);
#1570=PLANE('',#1841);
#1571=PLANE('',#1843);
#1572=PLANE('',#1845);
#1573=PLANE('',#1847);
#1574=PLANE('',#1850);
#1575=PLANE('',#1852);
#1576=PLANE('',#1855);
#1577=ADVANCED_FACE('',(#157),#1531,.T.);
#1578=ADVANCED_FACE('',(#158),#1532,.T.);
#1579=ADVANCED_FACE('',(#159),#117,.T.);
#1580=ADVANCED_FACE('',(#160),#28,.T.);
#1581=ADVANCED_FACE('',(#161),#118,.T.);
#1582=ADVANCED_FACE('',(#162),#29,.T.);
#1583=ADVANCED_FACE('',(#163),#119,.T.);
#1584=ADVANCED_FACE('',(#164),#1533,.F.);
#1585=ADVANCED_FACE('',(#165),#120,.T.);
#1586=ADVANCED_FACE('',(#166),#30,.T.);
#1587=ADVANCED_FACE('',(#167),#121,.T.);
#1588=ADVANCED_FACE('',(#168),#31,.T.);
#1589=ADVANCED_FACE('',(#169),#122,.T.);
#1590=ADVANCED_FACE('',(#170),#1534,.T.);
#1591=ADVANCED_FACE('',(#171),#123,.T.);
#1592=ADVANCED_FACE('',(#172),#1535,.T.);
#1593=ADVANCED_FACE('',(#173),#124,.T.);
#1594=ADVANCED_FACE('',(#174),#1536,.T.);
#1595=ADVANCED_FACE('',(#175),#1537,.T.);
#1596=ADVANCED_FACE('',(#176,#15),#1538,.F.);
#1597=ADVANCED_FACE('',(#177),#125,.F.);
#1598=ADVANCED_FACE('',(#178,#16),#1539,.F.);
#1599=ADVANCED_FACE('',(#179),#126,.F.);
#1600=ADVANCED_FACE('',(#180),#127,.F.);
#1601=ADVANCED_FACE('',(#181),#1540,.T.);
#1602=ADVANCED_FACE('',(#182),#128,.F.);
#1603=ADVANCED_FACE('',(#183),#1541,.T.);
#1604=ADVANCED_FACE('',(#184,#17,#18),#1542,.T.);
#1605=ADVANCED_FACE('',(#185),#1543,.F.);
#1606=ADVANCED_FACE('',(#186),#129,.F.);
#1607=ADVANCED_FACE('',(#187),#130,.F.);
#1608=ADVANCED_FACE('',(#188,#19),#1544,.F.);
#1609=ADVANCED_FACE('',(#189),#131,.F.);
#1610=ADVANCED_FACE('',(#190),#132,.F.);
#1611=ADVANCED_FACE('',(#191,#20),#1545,.F.);
#1612=ADVANCED_FACE('',(#192),#133,.F.);
#1613=ADVANCED_FACE('',(#193),#134,.F.);
#1614=ADVANCED_FACE('',(#194),#1546,.F.);
#1615=ADVANCED_FACE('',(#195,#21,#22),#1547,.T.);
#1616=ADVANCED_FACE('',(#196,#23),#1548,.T.);
#1617=ADVANCED_FACE('',(#197),#1549,.T.);
#1618=ADVANCED_FACE('',(#198),#135,.F.);
#1619=ADVANCED_FACE('',(#199),#1550,.T.);
#1620=ADVANCED_FACE('',(#200),#136,.F.);
#1621=ADVANCED_FACE('',(#201),#1551,.T.);
#1622=ADVANCED_FACE('',(#202),#137,.T.);
#1623=ADVANCED_FACE('',(#203),#1552,.T.);
#1624=ADVANCED_FACE('',(#204),#138,.F.);
#1625=ADVANCED_FACE('',(#205),#1553,.T.);
#1626=ADVANCED_FACE('',(#206),#1554,.T.);
#1627=ADVANCED_FACE('',(#207),#139,.T.);
#1628=ADVANCED_FACE('',(#208),#1555,.T.);
#1629=ADVANCED_FACE('',(#209),#1556,.T.);
#1630=ADVANCED_FACE('',(#210),#140,.T.);
#1631=ADVANCED_FACE('',(#211),#1557,.T.);
#1632=ADVANCED_FACE('',(#212),#141,.T.);
#1633=ADVANCED_FACE('',(#213),#1558,.T.);
#1634=ADVANCED_FACE('',(#214),#1559,.T.);
#1635=ADVANCED_FACE('',(#215),#142,.T.);
#1636=ADVANCED_FACE('',(#216),#1560,.F.);
#1637=ADVANCED_FACE('',(#217),#143,.T.);
#1638=ADVANCED_FACE('',(#218),#1561,.T.);
#1639=ADVANCED_FACE('',(#219),#1562,.F.);
#1640=ADVANCED_FACE('',(#220),#144,.T.);
#1641=ADVANCED_FACE('',(#221),#145,.T.);
#1642=ADVANCED_FACE('',(#222,#24),#1563,.F.);
#1643=ADVANCED_FACE('',(#223),#1564,.T.);
#1644=ADVANCED_FACE('',(#224),#146,.T.);
#1645=ADVANCED_FACE('',(#225),#1565,.T.);
#1646=ADVANCED_FACE('',(#226,#25),#1566,.F.);
#1647=ADVANCED_FACE('',(#227),#1567,.T.);
#1648=ADVANCED_FACE('',(#228),#1568,.T.);
#1649=ADVANCED_FACE('',(#229),#147,.T.);
#1650=ADVANCED_FACE('',(#230,#26),#1569,.F.);
#1651=ADVANCED_FACE('',(#231),#148,.F.);
#1652=ADVANCED_FACE('',(#232),#1570,.T.);
#1653=ADVANCED_FACE('',(#233),#149,.F.);
#1654=ADVANCED_FACE('',(#234),#1571,.T.);
#1655=ADVANCED_FACE('',(#235),#150,.T.);
#1656=ADVANCED_FACE('',(#236),#1572,.T.);
#1657=ADVANCED_FACE('',(#237),#151,.F.);
#1658=ADVANCED_FACE('',(#238),#1573,.T.);
#1659=ADVANCED_FACE('',(#239),#152,.F.);
#1660=ADVANCED_FACE('',(#240),#153,.T.);
#1661=ADVANCED_FACE('',(#241),#1574,.T.);
#1662=ADVANCED_FACE('',(#242),#154,.T.);
#1663=ADVANCED_FACE('',(#243),#1575,.T.);
#1664=ADVANCED_FACE('',(#244),#155,.T.);
#1665=ADVANCED_FACE('',(#245),#156,.T.);
#1666=ADVANCED_FACE('',(#246,#27),#1576,.F.);
#1667=CLOSED_SHELL('',(#1577,#1578,#1579,#1580,#1581,#1582,#1583,#1584,
#1585,#1586,#1587,#1588,#1589,#1590,#1591,#1592,#1593,#1594,#1595,#1596,
#1597,#1598,#1599,#1600,#1601,#1602,#1603,#1604,#1605,#1606,#1607,#1608,
#1609,#1610,#1611,#1612,#1613,#1614,#1615,#1616,#1617,#1618,#1619,#1620,
#1621,#1622,#1623,#1624,#1625,#1626,#1627,#1628,#1629,#1630,#1631,#1632,
#1633,#1634,#1635,#1636,#1637,#1638,#1639,#1640,#1641,#1642,#1643,#1644,
#1645,#1646,#1647,#1648,#1649,#1650,#1651,#1652,#1653,#1654,#1655,#1656,
#1657,#1658,#1659,#1660,#1661,#1662,#1663,#1664,#1665,#1666));
#1668=DERIVED_UNIT_ELEMENT(#1670,1.);
#1669=DERIVED_UNIT_ELEMENT(#2853,-3.);
#1670=(
MASS_UNIT()
NAMED_UNIT(*)
SI_UNIT(.KILO.,.GRAM.)
);
#1671=DERIVED_UNIT((#1668,#1669));
#1672=MEASURE_REPRESENTATION_ITEM('density measure',
POSITIVE_RATIO_MEASURE(7850.),#1671);
#1673=PROPERTY_DEFINITION_REPRESENTATION(#1678,#1675);
#1674=PROPERTY_DEFINITION_REPRESENTATION(#1679,#1676);
#1675=REPRESENTATION('material name',(#1677),#2850);
#1676=REPRESENTATION('density',(#1672),#2850);
#1677=DESCRIPTIVE_REPRESENTATION_ITEM('Steel','Steel');
#1678=PROPERTY_DEFINITION('material property','material name',#2860);
#1679=PROPERTY_DEFINITION('material property','density of part',#2860);
#1680=AXIS2_PLACEMENT_3D('',#2362,#1856,#1857);
#1681=AXIS2_PLACEMENT_3D('',#2363,#1858,#1859);
#1682=AXIS2_PLACEMENT_3D('',#2372,#1864,#1865);
#1683=AXIS2_PLACEMENT_3D('',#2384,#1872,#1873);
#1684=AXIS2_PLACEMENT_3D('',#2387,#1874,#1875);
#1685=AXIS2_PLACEMENT_3D('',#2391,#1877,#1878);
#1686=AXIS2_PLACEMENT_3D('',#2393,#1880,#1881);
#1687=AXIS2_PLACEMENT_3D('',#2396,#1882,#1883);
#1688=AXIS2_PLACEMENT_3D('',#2397,#1884,#1885);
#1689=AXIS2_PLACEMENT_3D('',#2398,#1886,#1887);
#1690=AXIS2_PLACEMENT_3D('',#2399,#1888,#1889);
#1691=AXIS2_PLACEMENT_3D('',#2402,#1890,#1891);
#1692=AXIS2_PLACEMENT_3D('',#2405,#1894,#1895);
#1693=AXIS2_PLACEMENT_3D('',#2408,#1896,#1897);
#1694=AXIS2_PLACEMENT_3D('',#2409,#1898,#1899);
#1695=AXIS2_PLACEMENT_3D('',#2410,#1900,#1901);
#1696=AXIS2_PLACEMENT_3D('',#2411,#1902,#1903);
#1697=AXIS2_PLACEMENT_3D('',#2414,#1904,#1905);
#1698=AXIS2_PLACEMENT_3D('',#2417,#1908,#1909);
#1699=AXIS2_PLACEMENT_3D('',#2420,#1911,#1912);
#1700=AXIS2_PLACEMENT_3D('',#2424,#1914,#1915);
#1701=AXIS2_PLACEMENT_3D('',#2428,#1918,#1919);
#1702=AXIS2_PLACEMENT_3D('',#2431,#1920,#1921);
#1703=AXIS2_PLACEMENT_3D('',#2435,#1923,#1924);
#1704=AXIS2_PLACEMENT_3D('',#2437,#1926,#1927);
#1705=AXIS2_PLACEMENT_3D('',#2440,#1928,#1929);
#1706=AXIS2_PLACEMENT_3D('',#2441,#1930,#1931);
#1707=AXIS2_PLACEMENT_3D('',#2442,#1932,#1933);
#1708=AXIS2_PLACEMENT_3D('',#2443,#1934,#1935);
#1709=AXIS2_PLACEMENT_3D('',#2446,#1936,#1937);
#1710=AXIS2_PLACEMENT_3D('',#2449,#1940,#1941);
#1711=AXIS2_PLACEMENT_3D('',#2452,#1942,#1943);
#1712=AXIS2_PLACEMENT_3D('',#2453,#1944,#1945);
#1713=AXIS2_PLACEMENT_3D('',#2454,#1946,#1947);
#1714=AXIS2_PLACEMENT_3D('',#2455,#1948,#1949);
#1715=AXIS2_PLACEMENT_3D('',#2458,#1950,#1951);
#1716=AXIS2_PLACEMENT_3D('',#2461,#1954,#1955);
#1717=AXIS2_PLACEMENT_3D('',#2464,#1958,#1959);
#1718=AXIS2_PLACEMENT_3D('',#2466,#1961,#1962);
#1719=AXIS2_PLACEMENT_3D('',#2468,#1964,#1965);
#1720=AXIS2_PLACEMENT_3D('',#2470,#1967,#1968);
#1721=AXIS2_PLACEMENT_3D('',#2478,#1974,#1975);
#1722=AXIS2_PLACEMENT_3D('',#2479,#1976,#1977);
#1723=AXIS2_PLACEMENT_3D('',#2481,#1978,#1979);
#1724=AXIS2_PLACEMENT_3D('',#2483,#1980,#1981);
#1725=AXIS2_PLACEMENT_3D('',#2484,#1982,#1983);
#1726=AXIS2_PLACEMENT_3D('',#2486,#1984,#1985);
#1727=AXIS2_PLACEMENT_3D('',#2488,#1987,#1988);
#1728=AXIS2_PLACEMENT_3D('',#2490,#1989,#1990);
#1729=AXIS2_PLACEMENT_3D('',#2492,#1991,#1992);
#1730=AXIS2_PLACEMENT_3D('',#2493,#1993,#1994);
#1731=AXIS2_PLACEMENT_3D('',#2495,#1995,#1996);
#1732=AXIS2_PLACEMENT_3D('',#2497,#1998,#1999);
#1733=AXIS2_PLACEMENT_3D('',#2500,#2000,#2001);
#1734=AXIS2_PLACEMENT_3D('',#2503,#2004,#2005);
#1735=AXIS2_PLACEMENT_3D('',#2507,#2008,#2009);
#1736=AXIS2_PLACEMENT_3D('',#2508,#2010,#2011);
#1737=AXIS2_PLACEMENT_3D('',#2509,#2012,#2013);
#1738=AXIS2_PLACEMENT_3D('',#2511,#2015,#2016);
#1739=AXIS2_PLACEMENT_3D('',#2512,#2017,#2018);
#1740=AXIS2_PLACEMENT_3D('',#2514,#2019,#2020);
#1741=AXIS2_PLACEMENT_3D('',#2518,#2022,#2023);
#1742=AXIS2_PLACEMENT_3D('',#2520,#2025,#2026);
#1743=AXIS2_PLACEMENT_3D('',#2523,#2028,#2029);
#1744=AXIS2_PLACEMENT_3D('',#2524,#2030,#2031);
#1745=AXIS2_PLACEMENT_3D('',#2527,#2033,#2034);
#1746=AXIS2_PLACEMENT_3D('',#2528,#2035,#2036);
#1747=AXIS2_PLACEMENT_3D('',#2530,#2037,#2038);
#1748=AXIS2_PLACEMENT_3D('',#2532,#2039,#2040);
#1749=AXIS2_PLACEMENT_3D('',#2533,#2041,#2042);
#1750=AXIS2_PLACEMENT_3D('',#2535,#2043,#2044);
#1751=AXIS2_PLACEMENT_3D('',#2537,#2046,#2047);
#1752=AXIS2_PLACEMENT_3D('',#2540,#2049,#2050);
#1753=AXIS2_PLACEMENT_3D('',#2541,#2051,#2052);
#1754=AXIS2_PLACEMENT_3D('',#2543,#2053,#2054);
#1755=AXIS2_PLACEMENT_3D('',#2545,#2055,#2056);
#1756=AXIS2_PLACEMENT_3D('',#2546,#2057,#2058);
#1757=AXIS2_PLACEMENT_3D('',#2548,#2059,#2060);
#1758=AXIS2_PLACEMENT_3D('',#2550,#2062,#2063);
#1759=AXIS2_PLACEMENT_3D('',#2553,#2065,#2066);
#1760=AXIS2_PLACEMENT_3D('',#2554,#2067,#2068);
#1761=AXIS2_PLACEMENT_3D('',#2557,#2069,#2070);
#1762=AXIS2_PLACEMENT_3D('',#2563,#2073,#2074);
#1763=AXIS2_PLACEMENT_3D('',#2567,#2076,#2077);
#1764=AXIS2_PLACEMENT_3D('',#2571,#2079,#2080);
#1765=AXIS2_PLACEMENT_3D('',#2575,#2082,#2083);
#1766=AXIS2_PLACEMENT_3D('',#2581,#2086,#2087);
#1767=AXIS2_PLACEMENT_3D('',#2589,#2091,#2092);
#1768=AXIS2_PLACEMENT_3D('',#2595,#2095,#2096);
#1769=AXIS2_PLACEMENT_3D('',#2599,#2098,#2099);
#1770=AXIS2_PLACEMENT_3D('',#2603,#2101,#2102);
#1771=AXIS2_PLACEMENT_3D('',#2606,#2104,#2105);
#1772=AXIS2_PLACEMENT_3D('',#2607,#2106,#2107);
#1773=AXIS2_PLACEMENT_3D('',#2611,#2109,#2110);
#1774=AXIS2_PLACEMENT_3D('',#2615,#2112,#2113);
#1775=AXIS2_PLACEMENT_3D('',#2621,#2116,#2117);
#1776=AXIS2_PLACEMENT_3D('',#2625,#2119,#2120);
#1777=AXIS2_PLACEMENT_3D('',#2629,#2122,#2123);
#1778=AXIS2_PLACEMENT_3D('',#2631,#2125,#2126);
#1779=AXIS2_PLACEMENT_3D('',#2636,#2128,#2129);
#1780=AXIS2_PLACEMENT_3D('',#2640,#2131,#2132);
#1781=AXIS2_PLACEMENT_3D('',#2646,#2135,#2136);
#1782=AXIS2_PLACEMENT_3D('',#2650,#2138,#2139);
#1783=AXIS2_PLACEMENT_3D('',#2654,#2141,#2142);
#1784=AXIS2_PLACEMENT_3D('',#2657,#2144,#2145);
#1785=AXIS2_PLACEMENT_3D('',#2660,#2147,#2148);
#1786=AXIS2_PLACEMENT_3D('',#2665,#2150,#2151);
#1787=AXIS2_PLACEMENT_3D('',#2669,#2153,#2154);
#1788=AXIS2_PLACEMENT_3D('',#2673,#2156,#2157);
#1789=AXIS2_PLACEMENT_3D('',#2677,#2159,#2160);
#1790=AXIS2_PLACEMENT_3D('',#2681,#2162,#2163);
#1791=AXIS2_PLACEMENT_3D('',#2685,#2165,#2166);
#1792=AXIS2_PLACEMENT_3D('',#2689,#2168,#2169);
#1793=AXIS2_PLACEMENT_3D('',#2693,#2171,#2172);
#1794=AXIS2_PLACEMENT_3D('',#2696,#2174,#2175);
#1795=AXIS2_PLACEMENT_3D('',#2697,#2176,#2177);
#1796=AXIS2_PLACEMENT_3D('',#2713,#2187,#2188);
#1797=AXIS2_PLACEMENT_3D('',#2716,#2190,#2191);
#1798=AXIS2_PLACEMENT_3D('',#2717,#2192,#2193);
#1799=AXIS2_PLACEMENT_3D('',#2726,#2199,#2200);
#1800=AXIS2_PLACEMENT_3D('',#2729,#2202,#2203);
#1801=AXIS2_PLACEMENT_3D('',#2730,#2204,#2205);
#1802=AXIS2_PLACEMENT_3D('',#2735,#2209,#2210);
#1803=AXIS2_PLACEMENT_3D('',#2737,#2212,#2213);
#1804=AXIS2_PLACEMENT_3D('',#2739,#2215,#2216);
#1805=AXIS2_PLACEMENT_3D('',#2741,#2218,#2219);
#1806=AXIS2_PLACEMENT_3D('',#2748,#2224,#2225);
#1807=AXIS2_PLACEMENT_3D('',#2751,#2228,#2229);
#1808=AXIS2_PLACEMENT_3D('',#2753,#2231,#2232);
#1809=AXIS2_PLACEMENT_3D('',#2755,#2234,#2235);
#1810=AXIS2_PLACEMENT_3D('',#2757,#2237,#2238);
#1811=AXIS2_PLACEMENT_3D('',#2759,#2240,#2241);
#1812=AXIS2_PLACEMENT_3D('',#2761,#2243,#2244);
#1813=AXIS2_PLACEMENT_3D('',#2763,#2246,#2247);
#1814=AXIS2_PLACEMENT_3D('',#2765,#2249,#2250);
#1815=AXIS2_PLACEMENT_3D('',#2768,#2253,#2254);
#1816=AXIS2_PLACEMENT_3D('',#2771,#2256,#2257);
#1817=AXIS2_PLACEMENT_3D('',#2772,#2258,#2259);
#1818=AXIS2_PLACEMENT_3D('',#2774,#2260,#2261);
#1819=AXIS2_PLACEMENT_3D('',#2776,#2263,#2264);
#1820=AXIS2_PLACEMENT_3D('',#2780,#2266,#2267);
#1821=AXIS2_PLACEMENT_3D('',#2782,#2269,#2270);
#1822=AXIS2_PLACEMENT_3D('',#2786,#2273,#2274);
#1823=AXIS2_PLACEMENT_3D('',#2788,#2275,#2276);
#1824=AXIS2_PLACEMENT_3D('',#2792,#2278,#2279);
#1825=AXIS2_PLACEMENT_3D('',#2794,#2281,#2282);
#1826=AXIS2_PLACEMENT_3D('',#2795,#2283,#2284);
#1827=AXIS2_PLACEMENT_3D('',#2796,#2285,#2286);
#1828=AXIS2_PLACEMENT_3D('',#2797,#2287,#2288);
#1829=AXIS2_PLACEMENT_3D('',#2798,#2289,#2290);
#1830=AXIS2_PLACEMENT_3D('',#2799,#2291,#2292);
#1831=AXIS2_PLACEMENT_3D('',#2803,#2295,#2296);
#1832=AXIS2_PLACEMENT_3D('',#2805,#2297,#2298);
#1833=AXIS2_PLACEMENT_3D('',#2807,#2300,#2301);
#1834=AXIS2_PLACEMENT_3D('',#2809,#2303,#2304);
#1835=AXIS2_PLACEMENT_3D('',#2810,#2305,#2306);
#1836=AXIS2_PLACEMENT_3D('',#2814,#2309,#2310);
#1837=AXIS2_PLACEMENT_3D('',#2818,#2313,#2314);
#1838=AXIS2_PLACEMENT_3D('',#2819,#2315,#2316);
#1839=AXIS2_PLACEMENT_3D('',#2820,#2317,#2318);
#1840=AXIS2_PLACEMENT_3D('',#2821,#2319,#2320);
#1841=AXIS2_PLACEMENT_3D('',#2823,#2322,#2323);
#1842=AXIS2_PLACEMENT_3D('',#2825,#2325,#2326);
#1843=AXIS2_PLACEMENT_3D('',#2827,#2328,#2329);
#1844=AXIS2_PLACEMENT_3D('',#2829,#2331,#2332);
#1845=AXIS2_PLACEMENT_3D('',#2831,#2334,#2335);
#1846=AXIS2_PLACEMENT_3D('',#2833,#2337,#2338);
#1847=AXIS2_PLACEMENT_3D('',#2835,#2340,#2341);
#1848=AXIS2_PLACEMENT_3D('',#2837,#2343,#2344);
#1849=AXIS2_PLACEMENT_3D('',#2838,#2345,#2346);
#1850=AXIS2_PLACEMENT_3D('',#2840,#2348,#2349);
#1851=AXIS2_PLACEMENT_3D('',#2841,#2350,#2351);
#1852=AXIS2_PLACEMENT_3D('',#2843,#2353,#2354);
#1853=AXIS2_PLACEMENT_3D('',#2845,#2356,#2357);
#1854=AXIS2_PLACEMENT_3D('',#2846,#2358,#2359);
#1855=AXIS2_PLACEMENT_3D('',#2847,#2360,#2361);
#1856=DIRECTION('axis',(0.,0.,1.));
#1857=DIRECTION('refdir',(1.,0.,0.));
#1858=DIRECTION('center_axis',(1.28353416783967E-8,-1.,0.));
#1859=DIRECTION('ref_axis',(0.,0.,1.));
#1860=DIRECTION('',(0.,0.,1.));
#1861=DIRECTION('',(-1.,-1.28353416783967E-8,0.));
#1862=DIRECTION('',(0.,0.,1.));
#1863=DIRECTION('',(-1.,-1.28353416783967E-8,0.));
#1864=DIRECTION('center_axis',(1.,1.28353430611572E-8,0.));
#1865=DIRECTION('ref_axis',(-1.28353430611572E-8,1.,0.));
#1866=DIRECTION('',(-1.28353430611572E-8,1.,0.));
#1867=DIRECTION('',(0.,0.,-1.));
#1868=DIRECTION('',(1.28353430611572E-8,-1.,0.));
#1869=DIRECTION('',(0.,0.,1.));
#1870=DIRECTION('',(-1.28353430611572E-8,1.,0.));
#1871=DIRECTION('',(0.,0.,1.));
#1872=DIRECTION('center_axis',(-8.67926818865325E-15,-1.,0.));
#1873=DIRECTION('ref_axis',(-0.707106781186553,6.28036983473506E-15,0.707106781186543));
#1874=DIRECTION('center_axis',(1.28353430199341E-8,-1.,0.));
#1875=DIRECTION('ref_axis',(-0.707106781186552,-9.07595808825085E-9,0.707106781186543));
#1876=DIRECTION('',(-8.67926818865325E-15,-1.,0.));
#1877=DIRECTION('center_axis',(8.88178419700128E-15,1.,0.));
#1878=DIRECTION('ref_axis',(-1.,8.88178419700128E-15,-5.5511151231258E-16));
#1879=DIRECTION('',(8.67926818865325E-15,1.,0.));
#1880=DIRECTION('center_axis',(0.,0.,1.));
#1881=DIRECTION('ref_axis',(-0.70710674917063,-0.707106813202463,0.));
#1882=DIRECTION('center_axis',(-0.999999999999876,-4.98050303221477E-7,
0.));
#1883=DIRECTION('ref_axis',(4.98050303221477E-7,-0.999999999999876,0.));
#1884=DIRECTION('center_axis',(0.,0.,-1.));
#1885=DIRECTION('ref_axis',(-0.707106737164672,-0.70710682520842,0.));
#1886=DIRECTION('center_axis',(0.,0.,1.));
#1887=DIRECTION('ref_axis',(-0.707106737164672,-0.70710682520842,0.));
#1888=DIRECTION('center_axis',(1.,-1.03856857470884E-14,0.));
#1889=DIRECTION('ref_axis',(-6.28036983473506E-15,-0.707106781186553,0.707106781186543));
#1890=DIRECTION('center_axis',(-1.,8.88178419700128E-15,0.));
#1891=DIRECTION('ref_axis',(-8.88178419700128E-15,-1.,-5.5511151231258E-16));
#1892=DIRECTION('',(-1.,1.03856857470884E-14,0.));
#1893=DIRECTION('',(1.,-1.03856857470884E-14,0.));
#1894=DIRECTION('center_axis',(0.,0.,1.));
#1895=DIRECTION('ref_axis',(1.,0.,0.));
#1896=DIRECTION('center_axis',(5.02328756368794E-7,-0.999999999999874,0.));
#1897=DIRECTION('ref_axis',(0.999999999999874,5.02328756368794E-7,0.));
#1898=DIRECTION('center_axis',(0.,0.,-1.));
#1899=DIRECTION('ref_axis',(0.707106826721084,-0.707106735652009,0.));
#1900=DIRECTION('center_axis',(0.,0.,1.));
#1901=DIRECTION('ref_axis',(0.707106826721084,-0.707106735652009,0.));
#1902=DIRECTION('center_axis',(-1.28353430564203E-8,1.,0.));
#1903=DIRECTION('ref_axis',(0.707106781186552,9.0759571396405E-9,0.707106781186543));
#1904=DIRECTION('center_axis',(1.28353430199341E-8,-1.,0.));
#1905=DIRECTION('ref_axis',(0.707106781186552,9.0759571396405E-9,0.707106781186543));
#1906=DIRECTION('',(1.28353430564203E-8,-1.,0.));
#1907=DIRECTION('',(-1.28353430564203E-8,1.,0.));
#1908=DIRECTION('center_axis',(0.,0.,-1.));
#1909=DIRECTION('ref_axis',(1.,0.,0.));
#1910=DIRECTION('',(-1.,-1.28353430199341E-8,0.));
#1911=DIRECTION('center_axis',(0.,0.,-1.));
#1912=DIRECTION('ref_axis',(0.999999999999734,7.29167263512313E-7,0.));
#1913=DIRECTION('',(-1.,1.25437501827173E-14,0.));
#1914=DIRECTION('center_axis',(0.,0.,-1.));
#1915=DIRECTION('ref_axis',(7.28854201085022E-7,-0.999999999999734,0.));
#1916=DIRECTION('',(1.01258127967282E-14,1.,0.));
#1917=DIRECTION('',(-1.,-1.28353430199341E-8,0.));
#1918=DIRECTION('center_axis',(1.28353430564203E-8,-1.,0.));
#1919=DIRECTION('ref_axis',(0.707106781186547,9.07596027982551E-9,-0.707106781186548));
#1920=DIRECTION('center_axis',(1.28353430199341E-8,-1.,0.));
#1921=DIRECTION('ref_axis',(0.707106781186547,9.07596027982551E-9,-0.707106781186548));
#1922=DIRECTION('',(1.28353430564203E-8,-1.,0.));
#1923=DIRECTION('center_axis',(-1.28353461192887E-8,1.,0.));
#1924=DIRECTION('ref_axis',(1.,1.28353461192887E-8,0.));
#1925=DIRECTION('',(-1.28353430564203E-8,1.,0.));
#1926=DIRECTION('center_axis',(0.,0.,-1.));
#1927=DIRECTION('ref_axis',(0.707106861333502,-0.707106701039584,0.));
#1928=DIRECTION('center_axis',(0.99999999999993,-3.73537645259472E-7,0.));
#1929=DIRECTION('ref_axis',(-3.73537645259472E-7,-0.99999999999993,0.));
#1930=DIRECTION('center_axis',(0.,0.,1.));
#1931=DIRECTION('ref_axis',(0.707106826721084,-0.707106735652009,0.));
#1932=DIRECTION('center_axis',(0.,0.,-1.));
#1933=DIRECTION('ref_axis',(0.707106826721084,-0.707106735652009,0.));
#1934=DIRECTION('center_axis',(-1.,1.03856857470884E-14,0.));
#1935=DIRECTION('ref_axis',(-9.42055475210259E-15,-0.707106781186553,-0.707106781186542));
#1936=DIRECTION('center_axis',(1.,-8.8817841970012E-15,0.));
#1937=DIRECTION('ref_axis',(-8.8817841970012E-15,-1.,0.));
#1938=DIRECTION('',(1.,-1.03856857470884E-14,0.));
#1939=DIRECTION('',(-1.,1.03856857470884E-14,0.));
#1940=DIRECTION('center_axis',(0.,0.,-1.));
#1941=DIRECTION('ref_axis',(-1.,0.,0.));
#1942=DIRECTION('center_axis',(-3.73537645259465E-7,-0.99999999999993,0.));
#1943=DIRECTION('ref_axis',(-0.99999999999993,3.73537645259465E-7,0.));
#1944=DIRECTION('center_axis',(0.,0.,1.));
#1945=DIRECTION('ref_axis',(-0.707106737164672,-0.70710682520842,0.));
#1946=DIRECTION('center_axis',(0.,0.,-1.));
#1947=DIRECTION('ref_axis',(-0.707106737164672,-0.70710682520842,0.));
#1948=DIRECTION('center_axis',(8.67926818865325E-15,1.,0.));
#1949=DIRECTION('ref_axis',(-0.707106781186547,6.28036983473512E-15,-0.707106781186548));
#1950=DIRECTION('center_axis',(1.28353430199341E-8,-1.,0.));
#1951=DIRECTION('ref_axis',(-0.707106781186547,-9.07595808825078E-9,-0.707106781186548));
#1952=DIRECTION('',(-8.67926818865325E-15,-1.,0.));
#1953=DIRECTION('',(8.67926818865325E-15,1.,0.));
#1954=DIRECTION('center_axis',(-1.,8.67926818865325E-15,0.));
#1955=DIRECTION('ref_axis',(8.67926818865325E-15,1.,0.));
#1956=DIRECTION('',(0.,0.,1.));
#1957=DIRECTION('',(0.,0.,-1.));
#1958=DIRECTION('center_axis',(0.,0.,-1.));
#1959=DIRECTION('ref_axis',(4.98050308824649E-7,-0.999999999999876,0.));
#1960=DIRECTION('',(0.,0.,-1.));
#1961=DIRECTION('center_axis',(-1.03856857470884E-14,-1.,0.));
#1962=DIRECTION('ref_axis',(-1.,1.03856857470884E-14,0.));
#1963=DIRECTION('',(0.,0.,-1.));
#1964=DIRECTION('center_axis',(0.,0.,-1.));
#1965=DIRECTION('ref_axis',(0.999999999999874,5.02328765998008E-7,0.));
#1966=DIRECTION('',(0.,0.,-1.));
#1967=DIRECTION('center_axis',(-1.28353430199341E-8,1.,0.));
#1968=DIRECTION('ref_axis',(1.,1.28353430199341E-8,0.));
#1969=DIRECTION('',(0.,0.,1.));
#1970=DIRECTION('',(1.,1.28353430199341E-8,0.));
#1971=DIRECTION('',(-1.,-1.28353430199341E-8,0.));
#1972=DIRECTION('',(0.,0.,-1.));
#1973=DIRECTION('',(1.,1.28353430199341E-8,0.));
#1974=DIRECTION('center_axis',(1.,1.28353430564203E-8,0.));
#1975=DIRECTION('ref_axis',(1.28353430564203E-8,-1.,0.));
#1976=DIRECTION('center_axis',(0.,0.,1.));
#1977=DIRECTION('ref_axis',(-1.,0.,0.));
#1978=DIRECTION('center_axis',(0.,0.,-1.));
#1979=DIRECTION('ref_axis',(-1.,0.,0.));
#1980=DIRECTION('center_axis',(0.,0.,1.));
#1981=DIRECTION('ref_axis',(-1.,0.,0.));
#1982=DIRECTION('center_axis',(0.,0.,1.));
#1983=DIRECTION('ref_axis',(-1.,0.,0.));
#1984=DIRECTION('center_axis',(0.,0.,1.));
#1985=DIRECTION('ref_axis',(-1.,0.,0.));
#1986=DIRECTION('',(0.,0.,1.));
#1987=DIRECTION('center_axis',(0.,0.,1.));
#1988=DIRECTION('ref_axis',(-1.,0.,0.));
#1989=DIRECTION('center_axis',(0.,0.,-1.));
#1990=DIRECTION('ref_axis',(-1.,0.,0.));
#1991=DIRECTION('center_axis',(0.,0.,1.));
#1992=DIRECTION('ref_axis',(-1.,0.,0.));
#1993=DIRECTION('center_axis',(0.,0.,1.));
#1994=DIRECTION('ref_axis',(-1.,0.,0.));
#1995=DIRECTION('center_axis',(0.,0.,1.));
#1996=DIRECTION('ref_axis',(-1.,0.,0.));
#1997=DIRECTION('',(0.,0.,1.));
#1998=DIRECTION('center_axis',(0.,0.,1.));
#1999=DIRECTION('ref_axis',(7.28854201085022E-7,-0.999999999999734,0.));
#2000=DIRECTION('center_axis',(0.,0.,1.));
#2001=DIRECTION('ref_axis',(7.28854201085022E-7,-0.999999999999734,0.));
#2002=DIRECTION('',(0.,0.,1.));
#2003=DIRECTION('',(0.,0.,1.));
#2004=DIRECTION('center_axis',(1.25437501827173E-14,1.,0.));
#2005=DIRECTION('ref_axis',(-1.,1.25437501827173E-14,0.));
#2006=DIRECTION('',(1.,-1.25437501827173E-14,0.));
#2007=DIRECTION('',(0.,0.,1.));
#2008=DIRECTION('center_axis',(0.,0.,1.));
#2009=DIRECTION('ref_axis',(0.999999999999734,7.29167263512313E-7,0.));
#2010=DIRECTION('center_axis',(0.,0.,1.));
#2011=DIRECTION('ref_axis',(0.999999999999734,7.29167263512313E-7,0.));
#2012=DIRECTION('center_axis',(1.,-1.01258127967282E-14,0.));
#2013=DIRECTION('ref_axis',(1.01258127967282E-14,1.,0.));
#2014=DIRECTION('',(-1.01258127967282E-14,-1.,0.));
#2015=DIRECTION('center_axis',(0.,0.,-1.));
#2016=DIRECTION('ref_axis',(1.,0.,0.));
#2017=DIRECTION('center_axis',(0.,0.,-1.));
#2018=DIRECTION('ref_axis',(1.,0.,0.));
#2019=DIRECTION('center_axis',(0.,0.,-1.));
#2020=DIRECTION('ref_axis',(0.999999999999721,7.47075568469621E-7,0.));
#2021=DIRECTION('',(-1.,1.25437501756017E-14,0.));
#2022=DIRECTION('center_axis',(0.,0.,-1.));
#2023=DIRECTION('ref_axis',(7.47075562918502E-7,-0.999999999999721,0.));
#2024=DIRECTION('',(1.04596307961211E-14,1.,0.));
#2025=DIRECTION('center_axis',(0.,0.,1.));
#2026=DIRECTION('ref_axis',(-1.,0.,0.));
#2027=DIRECTION('',(0.,0.,1.));
#2028=DIRECTION('center_axis',(0.,0.,-1.));
#2029=DIRECTION('ref_axis',(-1.,0.,0.));
#2030=DIRECTION('center_axis',(0.,0.,1.));
#2031=DIRECTION('ref_axis',(-1.,0.,0.));
#2032=DIRECTION('',(0.,0.,1.));
#2033=DIRECTION('center_axis',(0.,0.,-1.));
#2034=DIRECTION('ref_axis',(-1.,0.,0.));
#2035=DIRECTION('center_axis',(0.,0.,1.));
#2036=DIRECTION('ref_axis',(-1.,0.,0.));
#2037=DIRECTION('center_axis',(0.,0.,-1.));
#2038=DIRECTION('ref_axis',(-1.,0.,0.));
#2039=DIRECTION('center_axis',(0.,0.,1.));
#2040=DIRECTION('ref_axis',(-1.,0.,0.));
#2041=DIRECTION('center_axis',(0.,0.,1.));
#2042=DIRECTION('ref_axis',(-1.,0.,0.));
#2043=DIRECTION('center_axis',(0.,0.,1.));
#2044=DIRECTION('ref_axis',(-1.,0.,0.));
#2045=DIRECTION('',(0.,0.,1.));
#2046=DIRECTION('center_axis',(0.,0.,1.));
#2047=DIRECTION('ref_axis',(-1.,0.,0.));
#2048=DIRECTION('',(0.,0.,1.));
#2049=DIRECTION('center_axis',(0.,0.,-1.));
#2050=DIRECTION('ref_axis',(-1.,0.,0.));
#2051=DIRECTION('center_axis',(0.,0.,1.));
#2052=DIRECTION('ref_axis',(-1.,0.,0.));
#2053=DIRECTION('center_axis',(0.,0.,-1.));
#2054=DIRECTION('ref_axis',(-1.,0.,0.));
#2055=DIRECTION('center_axis',(0.,0.,1.));
#2056=DIRECTION('ref_axis',(-1.,0.,0.));
#2057=DIRECTION('center_axis',(0.,0.,1.));
#2058=DIRECTION('ref_axis',(-1.,0.,0.));
#2059=DIRECTION('center_axis',(0.,0.,1.));
#2060=DIRECTION('ref_axis',(-1.,0.,0.));
#2061=DIRECTION('',(0.,0.,1.));
#2062=DIRECTION('center_axis',(0.,0.,1.));
#2063=DIRECTION('ref_axis',(-1.,0.,0.));
#2064=DIRECTION('',(0.,0.,1.));
#2065=DIRECTION('center_axis',(0.,0.,-1.));
#2066=DIRECTION('ref_axis',(-1.,0.,0.));
#2067=DIRECTION('center_axis',(0.,0.,-1.));
#2068=DIRECTION('ref_axis',(1.,0.,0.));
#2069=DIRECTION('center_axis',(0.,0.,-1.));
#2070=DIRECTION('ref_axis',(1.,0.,0.));
#2071=DIRECTION('',(-0.849119961756822,0.528200047847492,0.));
#2072=DIRECTION('',(-1.,1.95918199467446E-12,0.));
#2073=DIRECTION('center_axis',(0.,0.,-1.));
#2074=DIRECTION('ref_axis',(-0.70712599251117,-0.70708756933996,0.));
#2075=DIRECTION('',(-0.707106781159631,0.707106781213464,0.));
#2076=DIRECTION('center_axis',(0.,0.,1.));
#2077=DIRECTION('ref_axis',(0.707106645979227,0.707106916393842,0.));
#2078=DIRECTION('',(-1.,0.,0.));
#2079=DIRECTION('center_axis',(0.,0.,-1.));
#2080=DIRECTION('ref_axis',(1.,0.,0.));
#2081=DIRECTION('',(-8.34544996269144E-16,-1.,0.));
#2082=DIRECTION('center_axis',(0.,0.,-1.));
#2083=DIRECTION('ref_axis',(1.,0.,0.));
#2084=DIRECTION('',(-8.34544996269144E-16,-1.,0.));
#2085=DIRECTION('',(-1.,7.40148821636216E-15,0.));
#2086=DIRECTION('center_axis',(0.,0.,-1.));
#2087=DIRECTION('ref_axis',(1.,0.,0.));
#2088=DIRECTION('',(-1.85037170770876E-15,-1.,0.));
#2089=DIRECTION('',(1.,-6.74395156959318E-16,0.));
#2090=DIRECTION('',(-1.85037170770861E-15,-1.,0.));
#2091=DIRECTION('center_axis',(0.,0.,-1.));
#2092=DIRECTION('ref_axis',(1.,0.,0.));
#2093=DIRECTION('',(1.,-3.70074217949337E-15,0.));
#2094=DIRECTION('',(1.66747005166306E-15,1.,0.));
#2095=DIRECTION('center_axis',(0.,0.,-1.));
#2096=DIRECTION('ref_axis',(-0.707106429914624,0.707107132458297,0.));
#2097=DIRECTION('',(0.707106781186578,0.707106781186517,0.));
#2098=DIRECTION('center_axis',(0.,0.,1.));
#2099=DIRECTION('ref_axis',(0.707106916393836,-0.707106645979234,0.));
#2100=DIRECTION('',(7.2751734784053E-15,1.,0.));
#2101=DIRECTION('center_axis',(0.,0.,-1.));
#2102=DIRECTION('ref_axis',(1.,0.,0.));
#2103=DIRECTION('',(7.2751734784053E-15,1.,0.));
#2104=DIRECTION('center_axis',(0.,0.,1.));
#2105=DIRECTION('ref_axis',(0.999999999803146,1.98420785356114E-5,0.));
#2106=DIRECTION('center_axis',(0.,0.,-1.));
#2107=DIRECTION('ref_axis',(1.,0.,0.));
#2108=DIRECTION('',(1.04596307961211E-14,1.,0.));
#2109=DIRECTION('center_axis',(0.,0.,-1.));
#2110=DIRECTION('ref_axis',(-0.999999999999721,-7.47075565138949E-7,0.));
#2111=DIRECTION('',(1.,-9.41378890711729E-15,0.));
#2112=DIRECTION('center_axis',(0.,0.,-1.));
#2113=DIRECTION('ref_axis',(-3.67430099786025E-8,0.999999999999999,0.));
#2114=DIRECTION('',(0.707106781186595,-0.7071067811865,0.));
#2115=DIRECTION('',(1.,1.30335256783297E-11,0.));
#2116=DIRECTION('center_axis',(0.,0.,-1.));
#2117=DIRECTION('ref_axis',(-1.05092207058731E-5,0.999999999944778,0.));
#2118=DIRECTION('',(0.707106781123771,-0.707106781249324,0.));
#2119=DIRECTION('center_axis',(0.,0.,-1.));
#2120=DIRECTION('ref_axis',(0.707118112307797,0.707095449883718,0.));
#2121=DIRECTION('',(-1.13182753169532E-11,-1.,0.));
#2122=DIRECTION('center_axis',(0.,0.,-1.));
#2123=DIRECTION('ref_axis',(0.999999999999999,3.67430041499326E-8,0.));
#2124=DIRECTION('',(-0.707106827394931,-0.707106734978161,0.));
#2125=DIRECTION('center_axis',(0.,0.,1.));
#2126=DIRECTION('ref_axis',(1.,0.,0.));
#2127=DIRECTION('',(1.13182753169532E-11,1.,0.));
#2128=DIRECTION('center_axis',(0.,0.,1.));
#2129=DIRECTION('ref_axis',(0.999999999960301,8.91059854713356E-6,0.));
#2130=DIRECTION('',(-0.707106781123771,0.707106781249324,0.));
#2131=DIRECTION('center_axis',(0.,0.,1.));
#2132=DIRECTION('ref_axis',(0.707114142330775,0.707099419965688,0.));
#2133=DIRECTION('',(-1.,-1.30335256783297E-11,0.));
#2134=DIRECTION('',(-0.707106781186603,0.707106781186492,0.));
#2135=DIRECTION('center_axis',(0.,0.,1.));
#2136=DIRECTION('ref_axis',(0.707106706822507,0.70710685555058,0.));
#2137=DIRECTION('',(-1.,0.,0.));
#2138=DIRECTION('center_axis',(0.,0.,1.));
#2139=DIRECTION('ref_axis',(3.73537640460901E-7,0.99999999999993,0.));
#2140=DIRECTION('',(-7.12145075480586E-15,-1.,0.));
#2141=DIRECTION('center_axis',(0.,0.,1.));
#2142=DIRECTION('ref_axis',(-0.99999999999993,3.73537647122241E-7,0.));
#2143=DIRECTION('',(1.,-8.36250011706783E-15,0.));
#2144=DIRECTION('center_axis',(0.,0.,1.));
#2145=DIRECTION('ref_axis',(-3.73537644901795E-7,-0.99999999999993,0.));
#2146=DIRECTION('',(0.707106827394929,0.707106734978163,0.));
#2147=DIRECTION('center_axis',(0.,0.,1.));
#2148=DIRECTION('ref_axis',(0.707106855550539,-0.707106706822548,0.));
#2149=DIRECTION('',(-7.2751734784053E-15,-1.,0.));
#2150=DIRECTION('center_axis',(0.,0.,-1.));
#2151=DIRECTION('ref_axis',(0.707106916393836,-0.707106645979234,0.));
#2152=DIRECTION('',(-0.707106781186578,-0.707106781186517,0.));
#2153=DIRECTION('center_axis',(0.,0.,1.));
#2154=DIRECTION('ref_axis',(-0.707106429914624,0.707107132458297,0.));
#2155=DIRECTION('',(-1.66747005166306E-15,-1.,0.));
#2156=DIRECTION('center_axis',(0.,0.,-1.));
#2157=DIRECTION('ref_axis',(-6.79159553858343E-7,-0.999999999999769,0.));
#2158=DIRECTION('',(-1.,6.74395156959318E-16,0.));
#2159=DIRECTION('center_axis',(0.,0.,-1.));
#2160=DIRECTION('ref_axis',(-0.999999999999769,6.79159557895515E-7,0.));
#2161=DIRECTION('',(8.34544996269144E-16,1.,0.));
#2162=DIRECTION('center_axis',(0.,0.,-1.));
#2163=DIRECTION('ref_axis',(6.79159553858342E-7,0.999999999999769,0.));
#2164=DIRECTION('',(1.,0.,0.));
#2165=DIRECTION('center_axis',(0.,0.,-1.));
#2166=DIRECTION('ref_axis',(0.707106645979227,0.707106916393842,0.));
#2167=DIRECTION('',(0.707106781159631,-0.707106781213464,0.));
#2168=DIRECTION('center_axis',(0.,0.,1.));
#2169=DIRECTION('ref_axis',(-0.70712599251117,-0.70708756933996,0.));
#2170=DIRECTION('',(1.,-1.95918199467446E-12,0.));
#2171=DIRECTION('center_axis',(0.,0.,-1.));
#2172=DIRECTION('ref_axis',(0.707123173095266,0.707090388897829,0.));
#2173=DIRECTION('',(0.707106781173123,-0.707106781199972,0.));
#2174=DIRECTION('center_axis',(0.,0.,-1.));
#2175=DIRECTION('ref_axis',(0.999999999803146,1.98420785356114E-5,0.));
#2176=DIRECTION('center_axis',(1.,-8.34544996269143E-16,0.));
#2177=DIRECTION('ref_axis',(8.34544996269144E-16,1.,0.));
#2178=DIRECTION('',(0.,0.,1.));
#2179=DIRECTION('',(8.34544996269144E-16,1.,0.));
#2180=DIRECTION('',(0.,0.,-1.));
#2181=DIRECTION('',(0.,0.,1.));
#2182=DIRECTION('',(8.34544996269144E-16,1.,0.));
#2183=DIRECTION('',(0.,0.,-1.));
#2184=DIRECTION('',(0.,0.,1.));
#2185=DIRECTION('',(8.34544996269144E-16,1.,0.));
#2186=DIRECTION('',(0.,0.,1.));
#2187=DIRECTION('center_axis',(0.,0.,1.));
#2188=DIRECTION('ref_axis',(-0.999999999999769,6.79159557895515E-7,0.));
#2189=DIRECTION('',(0.,0.,1.));
#2190=DIRECTION('center_axis',(0.,0.,-1.));
#2191=DIRECTION('ref_axis',(-0.999999999999769,6.79159557895515E-7,0.));
#2192=DIRECTION('center_axis',(6.74395156959318E-16,1.,0.));
#2193=DIRECTION('ref_axis',(-1.,6.74395156959318E-16,0.));
#2194=DIRECTION('',(0.,0.,1.));
#2195=DIRECTION('',(-1.,6.74395156959318E-16,0.));
#2196=DIRECTION('',(0.,0.,-1.));
#2197=DIRECTION('',(0.,0.,1.));
#2198=DIRECTION('',(-1.,6.74395156959318E-16,0.));
#2199=DIRECTION('center_axis',(0.,0.,1.));
#2200=DIRECTION('ref_axis',(-6.79159553858343E-7,-0.999999999999769,0.));
#2201=DIRECTION('',(0.,0.,1.));
#2202=DIRECTION('center_axis',(0.,0.,-1.));
#2203=DIRECTION('ref_axis',(-6.79159553858343E-7,-0.999999999999769,0.));
#2204=DIRECTION('center_axis',(-1.,1.66747005166306E-15,0.));
#2205=DIRECTION('ref_axis',(-1.66747005166306E-15,-1.,0.));
#2206=DIRECTION('',(0.,0.,1.));
#2207=DIRECTION('',(0.,0.,1.));
#2208=DIRECTION('',(-1.66747005166306E-15,-1.,0.));
#2209=DIRECTION('center_axis',(0.,0.,1.));
#2210=DIRECTION('ref_axis',(-0.707106429914624,0.707107132458297,0.));
#2211=DIRECTION('',(0.,0.,1.));
#2212=DIRECTION('center_axis',(-0.707106781186517,0.707106781186578,0.));
#2213=DIRECTION('ref_axis',(-0.707106781186578,-0.707106781186517,0.));
#2214=DIRECTION('',(0.,0.,-1.));
#2215=DIRECTION('center_axis',(0.,0.,1.));
#2216=DIRECTION('ref_axis',(0.707106916393836,-0.707106645979234,0.));
#2217=DIRECTION('',(0.,0.,1.));
#2218=DIRECTION('center_axis',(-1.,7.2751734784053E-15,0.));
#2219=DIRECTION('ref_axis',(-7.2751734784053E-15,-1.,0.));
#2220=DIRECTION('',(0.,0.,1.));
#2221=DIRECTION('',(0.,0.,1.));
#2222=DIRECTION('',(-7.2751734784053E-15,-1.,0.));
#2223=DIRECTION('',(0.,0.,-1.));
#2224=DIRECTION('center_axis',(0.,1.,0.));
#2225=DIRECTION('ref_axis',(-1.,0.,0.));
#2226=DIRECTION('',(0.,0.,1.));
#2227=DIRECTION('',(0.,0.,1.));
#2228=DIRECTION('center_axis',(0.,0.,1.));
#2229=DIRECTION('ref_axis',(0.707106706822507,0.70710685555058,0.));
#2230=DIRECTION('',(0.,0.,1.));
#2231=DIRECTION('center_axis',(0.707106781186492,0.707106781186603,0.));
#2232=DIRECTION('ref_axis',(-0.707106781186603,0.707106781186492,0.));
#2233=DIRECTION('',(0.,0.,1.));
#2234=DIRECTION('center_axis',(-1.30335256783297E-11,1.,0.));
#2235=DIRECTION('ref_axis',(-1.,-1.30335256783297E-11,0.));
#2236=DIRECTION('',(0.,0.,1.));
#2237=DIRECTION('center_axis',(0.,0.,1.));
#2238=DIRECTION('ref_axis',(0.707114142330775,0.707099419965688,0.));
#2239=DIRECTION('',(0.,0.,1.));
#2240=DIRECTION('center_axis',(0.707106781249324,0.707106781123771,0.));
#2241=DIRECTION('ref_axis',(-0.707106781123771,0.707106781249324,0.));
#2242=DIRECTION('',(0.,0.,1.));
#2243=DIRECTION('center_axis',(0.,0.,1.));
#2244=DIRECTION('ref_axis',(0.999999999960301,8.91059854713356E-6,0.));
#2245=DIRECTION('',(0.,0.,-1.));
#2246=DIRECTION('center_axis',(1.,-1.13182753169532E-11,0.));
#2247=DIRECTION('ref_axis',(1.13182753169532E-11,1.,0.));
#2248=DIRECTION('',(0.,0.,1.));
#2249=DIRECTION('center_axis',(-1.,7.12145075480586E-15,0.));
#2250=DIRECTION('ref_axis',(-7.12145075480586E-15,-1.,0.));
#2251=DIRECTION('',(0.,0.,1.));
#2252=DIRECTION('',(0.,0.,1.));
#2253=DIRECTION('center_axis',(0.,0.,1.));
#2254=DIRECTION('ref_axis',(1.,0.,0.));
#2255=DIRECTION('',(0.,0.,-1.));
#2256=DIRECTION('center_axis',(0.,0.,1.));
#2257=DIRECTION('ref_axis',(1.,0.,0.));
#2258=DIRECTION('center_axis',(0.,0.,-1.));
#2259=DIRECTION('ref_axis',(1.,0.,0.));
#2260=DIRECTION('center_axis',(0.,0.,-1.));
#2261=DIRECTION('ref_axis',(6.79159553858342E-7,0.999999999999769,0.));
#2262=DIRECTION('',(1.,0.,0.));
#2263=DIRECTION('center_axis',(0.,0.,1.));
#2264=DIRECTION('ref_axis',(1.,0.,0.));
#2265=DIRECTION('',(0.,0.,-1.));
#2266=DIRECTION('center_axis',(0.,0.,1.));
#2267=DIRECTION('ref_axis',(1.,0.,0.));
#2268=DIRECTION('',(0.,0.,1.));
#2269=DIRECTION('center_axis',(-0.528200047847492,-0.849119961756822,0.));
#2270=DIRECTION('ref_axis',(0.849119961756822,-0.528200047847492,0.));
#2271=DIRECTION('',(0.849119961756822,-0.528200047847492,0.));
#2272=DIRECTION('',(0.,0.,1.));
#2273=DIRECTION('center_axis',(0.,0.,-1.));
#2274=DIRECTION('ref_axis',(1.,0.,0.));
#2275=DIRECTION('center_axis',(0.,0.,-1.));
#2276=DIRECTION('ref_axis',(0.999999999803146,1.98420785356114E-5,0.));
#2277=DIRECTION('',(0.707106781173123,-0.707106781199972,0.));
#2278=DIRECTION('center_axis',(0.,0.,-1.));
#2279=DIRECTION('ref_axis',(0.707123173095266,0.707090388897829,0.));
#2280=DIRECTION('',(1.,-1.95918199467446E-12,0.));
#2281=DIRECTION('center_axis',(0.,0.,1.));
#2282=DIRECTION('ref_axis',(1.,0.,0.));
#2283=DIRECTION('center_axis',(0.,0.,1.));
#2284=DIRECTION('ref_axis',(1.,0.,0.));
#2285=DIRECTION('center_axis',(0.,0.,1.));
#2286=DIRECTION('ref_axis',(-1.,7.6719812473658E-15,0.));
#2287=DIRECTION('center_axis',(0.,0.,1.));
#2288=DIRECTION('ref_axis',(1.,0.,0.));
#2289=DIRECTION('center_axis',(0.,0.,-1.));
#2290=DIRECTION('ref_axis',(1.,0.,0.));
#2291=DIRECTION('center_axis',(7.40148821636216E-15,1.,0.));
#2292=DIRECTION('ref_axis',(-1.,7.40148821636216E-15,0.));
#2293=DIRECTION('',(-1.,7.40148821636216E-15,0.));
#2294=DIRECTION('',(0.,0.,1.));
#2295=DIRECTION('center_axis',(0.,0.,1.));
#2296=DIRECTION('ref_axis',(1.,0.,0.));
#2297=DIRECTION('center_axis',(0.,0.,1.));
#2298=DIRECTION('ref_axis',(1.,0.,0.));
#2299=DIRECTION('',(0.,0.,1.));
#2300=DIRECTION('center_axis',(1.,-1.85037170770876E-15,0.));
#2301=DIRECTION('ref_axis',(1.85037170770876E-15,1.,0.));
#2302=DIRECTION('',(1.85037170770876E-15,1.,0.));
#2303=DIRECTION('center_axis',(0.,0.,-1.));
#2304=DIRECTION('ref_axis',(1.,0.,0.));
#2305=DIRECTION('center_axis',(3.70074217949337E-15,1.,0.));
#2306=DIRECTION('ref_axis',(-1.,3.70074217949337E-15,0.));
#2307=DIRECTION('',(0.,0.,1.));
#2308=DIRECTION('',(-1.,3.70074217949337E-15,0.));
#2309=DIRECTION('center_axis',(-1.,1.85037170770861E-15,0.));
#2310=DIRECTION('ref_axis',(-1.85037170770861E-15,-1.,0.));
#2311=DIRECTION('',(-1.85037170770861E-15,-1.,0.));
#2312=DIRECTION('',(0.,0.,1.));
#2313=DIRECTION('center_axis',(0.,0.,1.));
#2314=DIRECTION('ref_axis',(1.,0.,0.));
#2315=DIRECTION('center_axis',(0.,0.,1.));
#2316=DIRECTION('ref_axis',(1.,0.,0.));
#2317=DIRECTION('center_axis',(0.,0.,-1.));
#2318=DIRECTION('ref_axis',(1.,0.,0.));
#2319=DIRECTION('center_axis',(0.,0.,1.));
#2320=DIRECTION('ref_axis',(0.999999999803146,1.98420785356114E-5,0.));
#2321=DIRECTION('',(0.,0.,1.));
#2322=DIRECTION('center_axis',(-0.707106781199972,-0.707106781173123,0.));
#2323=DIRECTION('ref_axis',(0.707106781173123,-0.707106781199972,0.));
#2324=DIRECTION('',(0.,0.,1.));
#2325=DIRECTION('center_axis',(0.,0.,1.));
#2326=DIRECTION('ref_axis',(0.707123173095266,0.707090388897829,0.));
#2327=DIRECTION('',(0.,0.,1.));
#2328=DIRECTION('center_axis',(-1.95918199467446E-12,-1.,0.));
#2329=DIRECTION('ref_axis',(1.,-1.95918199467446E-12,0.));
#2330=DIRECTION('',(0.,0.,1.));
#2331=DIRECTION('center_axis',(0.,0.,1.));
#2332=DIRECTION('ref_axis',(-0.70712599251117,-0.70708756933996,0.));
#2333=DIRECTION('',(0.,0.,1.));
#2334=DIRECTION('center_axis',(-0.707106781213464,-0.707106781159631,0.));
#2335=DIRECTION('ref_axis',(0.707106781159631,-0.707106781213464,0.));
#2336=DIRECTION('',(0.,0.,1.));
#2337=DIRECTION('center_axis',(0.,0.,1.));
#2338=DIRECTION('ref_axis',(0.707106645979227,0.707106916393842,0.));
#2339=DIRECTION('',(0.,0.,1.));
#2340=DIRECTION('center_axis',(0.,-1.,0.));
#2341=DIRECTION('ref_axis',(1.,0.,0.));
#2342=DIRECTION('',(0.,0.,1.));
#2343=DIRECTION('center_axis',(0.,0.,1.));
#2344=DIRECTION('ref_axis',(6.79159553858342E-7,0.999999999999769,0.));
#2345=DIRECTION('center_axis',(0.,0.,1.));
#2346=DIRECTION('ref_axis',(0.707106855550539,-0.707106706822548,0.));
#2347=DIRECTION('',(0.,0.,1.));
#2348=DIRECTION('center_axis',(0.707106734978163,-0.707106827394929,0.));
#2349=DIRECTION('ref_axis',(0.707106827394929,0.707106734978163,0.));
#2350=DIRECTION('center_axis',(0.,0.,1.));
#2351=DIRECTION('ref_axis',(-3.73537644901795E-7,-0.99999999999993,0.));
#2352=DIRECTION('',(0.,0.,1.));
#2353=DIRECTION('center_axis',(-8.36250011706783E-15,-1.,0.));
#2354=DIRECTION('ref_axis',(1.,-8.36250011706783E-15,0.));
#2355=DIRECTION('',(0.,0.,1.));
#2356=DIRECTION('center_axis',(0.,0.,1.));
#2357=DIRECTION('ref_axis',(-0.99999999999993,3.73537647122241E-7,0.));
#2358=DIRECTION('center_axis',(0.,0.,1.));
#2359=DIRECTION('ref_axis',(3.73537640460901E-7,0.99999999999993,0.));
#2360=DIRECTION('center_axis',(0.,0.,-1.));
#2361=DIRECTION('ref_axis',(1.,0.,0.));
#2362=CARTESIAN_POINT('',(0.,0.,0.));
#2363=CARTESIAN_POINT('Origin',(33.8499999999994,-39.9099985045653,-5.49));
#2364=CARTESIAN_POINT('',(33.7499999999994,-39.9099985058489,-5.49));
#2365=CARTESIAN_POINT('',(33.7499999999994,-39.9099985058489,-0.489999999999999));
#2366=CARTESIAN_POINT('',(33.7499999999994,-39.9099985058489,1.51));
#2367=CARTESIAN_POINT('',(33.8499999999994,-39.9099985045653,-5.49));
#2368=CARTESIAN_POINT('',(16.925000256212,-39.9099987218035,-5.49));
#2369=CARTESIAN_POINT('',(33.8499999999994,-39.9099985045653,-0.489999999999999));
#2370=CARTESIAN_POINT('',(33.8499999999994,-39.9099985045653,-5.49));
#2371=CARTESIAN_POINT('',(33.8499999999994,-39.9099985045653,-0.489999999999999));
#2372=CARTESIAN_POINT('Origin',(33.7499999999994,-39.9099985058489,1.51));
#2373=CARTESIAN_POINT('',(33.7499999247464,-34.0470458145304,-0.489999999999999));
#2374=CARTESIAN_POINT('',(33.7499999999994,-39.9099985058489,-0.489999999999999));
#2375=CARTESIAN_POINT('',(33.7499999247464,-34.0470458145304,-5.49));
#2376=CARTESIAN_POINT('',(33.7499999247464,-34.0470458145304,0.51));
#2377=CARTESIAN_POINT('',(33.749999521427,-2.62447892651401,-5.49));
#2378=CARTESIAN_POINT('',(33.749999521427,-2.624478926514,-5.49));
#2379=CARTESIAN_POINT('',(33.749999521427,-2.624478926514,1.51));
#2380=CARTESIAN_POINT('',(33.749999521427,-2.624478926514,1.51));
#2381=CARTESIAN_POINT('',(33.7499999999994,-39.9099985058489,1.51));
#2382=CARTESIAN_POINT('',(33.7499997438702,-19.954999036328,1.51));
#2383=CARTESIAN_POINT('',(33.7499999999994,-39.9099985058489,1.51));
#2384=CARTESIAN_POINT('Origin',(-41.6,-19.9549996264622,-0.99));
#2385=CARTESIAN_POINT('',(-41.6000000000001,-34.0470467816735,-0.489999999999999));
#2386=CARTESIAN_POINT('',(-42.1000000000001,-34.0470467880911,-0.99));
#2387=CARTESIAN_POINT('Origin',(-41.6000000000001,-34.0470467816735,-0.99));
#2388=CARTESIAN_POINT('',(-42.1000000000001,-39.9099992529247,-0.99));
#2389=CARTESIAN_POINT('',(-42.1,-19.9549996264622,-0.99));
#2390=CARTESIAN_POINT('',(-41.6000000000001,-39.9099992529247,-0.489999999999999));
#2391=CARTESIAN_POINT('Origin',(-41.6000000000001,-39.9099992529247,-0.99));
#2392=CARTESIAN_POINT('',(-41.6,-19.9549996264622,-0.489999999999999));
#2393=CARTESIAN_POINT('Origin',(-36.10000149415,-39.91000149415,-0.989999999999999));
#2394=CARTESIAN_POINT('',(-36.0999985058489,-45.9099999999994,-0.989999999999999));
#2395=CARTESIAN_POINT('',(-36.0999987548741,-45.4099999999995,-0.489999999999999));
#2396=CARTESIAN_POINT('Origin',(-36.0999987548741,-45.4099999999995,-0.989999999999999));
#2397=CARTESIAN_POINT('Origin',(-36.10000149415,-39.91000149415,-0.489999999999999));
#2398=CARTESIAN_POINT('Origin',(-36.10000149415,-39.91000149415,-0.989999999999999));
#2399=CARTESIAN_POINT('Origin',(14.8749996265452,-45.41,-0.99));
#2400=CARTESIAN_POINT('',(29.7499992529247,-45.9100000000001,-0.99));
#2401=CARTESIAN_POINT('',(29.7499992529247,-45.4100000000001,-0.489999999999999));
#2402=CARTESIAN_POINT('Origin',(29.7499992529247,-45.4100000000001,-0.99));
#2403=CARTESIAN_POINT('',(14.8749996265452,-45.41,-0.489999999999999));
#2404=CARTESIAN_POINT('',(14.8749996265452,-45.91,-0.99));
#2405=CARTESIAN_POINT('Origin',(29.75000149415,-39.91000149415,-0.989999999999999));
#2406=CARTESIAN_POINT('',(35.7499999999994,-39.9099984801782,-0.989999999999999));
#2407=CARTESIAN_POINT('',(35.2499999999995,-39.9099987313425,-0.489999999999999));
#2408=CARTESIAN_POINT('Origin',(35.2499999999995,-39.9099987313425,-0.989999999999999));
#2409=CARTESIAN_POINT('Origin',(29.75000149415,-39.91000149415,-0.489999999999999));
#2410=CARTESIAN_POINT('Origin',(29.75000149415,-39.91000149415,-0.989999999999999));
#2411=CARTESIAN_POINT('Origin',(35.2499997062437,-17.0235226714158,-0.99));
#2412=CARTESIAN_POINT('',(35.7499999247464,-34.0470457888597,-0.99));
#2413=CARTESIAN_POINT('',(35.2499999247464,-34.0470457952774,-0.489999999999999));
#2414=CARTESIAN_POINT('Origin',(35.2499999247464,-34.0470457952774,-0.99));
#2415=CARTESIAN_POINT('',(35.2499997062437,-17.0235226714158,-0.489999999999999));
#2416=CARTESIAN_POINT('',(35.7499997062437,-17.0235226649981,-0.99));
#2417=CARTESIAN_POINT('Origin',(1.6609824626812E-10,0.,-0.489999999999999));
#2418=CARTESIAN_POINT('',(-42.1000000000001,-34.0470467880911,-0.489999999999999));
#2419=CARTESIAN_POINT('',(29.7499999626462,-44.0100000000003,-0.489999999999999));
#2420=CARTESIAN_POINT('Origin',(29.75000149415,-39.91000149415,-0.489999999999999));
#2421=CARTESIAN_POINT('',(-36.0999985058489,-44.0099999999995,-0.489999999999999));
#2422=CARTESIAN_POINT('',(29.7499999626462,-44.0100000000003,-0.489999999999999));
#2423=CARTESIAN_POINT('',(-40.2000000000003,-39.9099999626462,-0.489999999999999));
#2424=CARTESIAN_POINT('Origin',(-36.10000149415,-39.91000149415,-0.489999999999999));
#2425=CARTESIAN_POINT('',(-40.2000000000002,-34.047046763704,-0.489999999999999));
#2426=CARTESIAN_POINT('',(-40.2000000000003,-39.9099999626462,-0.489999999999999));
#2427=CARTESIAN_POINT('',(-42.1000000000001,-34.0470467880911,-0.489999999999999));
#2428=CARTESIAN_POINT('Origin',(34.7499997062437,-17.0235226778334,-6.49));
#2429=CARTESIAN_POINT('',(34.7499999247464,-34.047045801695,-7.49));
#2430=CARTESIAN_POINT('',(35.7499999247464,-34.0470457888597,-6.49));
#2431=CARTESIAN_POINT('Origin',(34.7499999247464,-34.047045801695,-6.49));
#2432=CARTESIAN_POINT('',(35.7499999999994,-39.9099984801782,-6.49));
#2433=CARTESIAN_POINT('',(35.7499997062437,-17.0235226649981,-6.49));
#2434=CARTESIAN_POINT('',(34.7499999999994,-39.9099984930135,-7.49));
#2435=CARTESIAN_POINT('Origin',(34.7499999999994,-39.9099984930135,-6.49));
#2436=CARTESIAN_POINT('',(34.7499997062437,-17.0235226778334,-7.49));
#2437=CARTESIAN_POINT('Origin',(29.75000149415,-39.91000149415,-6.49));
#2438=CARTESIAN_POINT('',(29.7499992529247,-45.9100000000001,-6.49));
#2439=CARTESIAN_POINT('',(29.7499996264623,-44.9099999999999,-7.49));
#2440=CARTESIAN_POINT('Origin',(29.7499996264623,-44.9099999999999,-6.49));
#2441=CARTESIAN_POINT('Origin',(29.75000149415,-39.91000149415,-7.49));
#2442=CARTESIAN_POINT('Origin',(29.75000149415,-39.91000149415,-6.49));
#2443=CARTESIAN_POINT('Origin',(14.8749996265452,-44.91,-6.49));
#2444=CARTESIAN_POINT('',(-36.0999985058489,-45.9099999999994,-6.49));
#2445=CARTESIAN_POINT('',(-36.0999985058489,-44.9099999999994,-7.49));
#2446=CARTESIAN_POINT('Origin',(-36.0999985058489,-44.9099999999994,-6.49));
#2447=CARTESIAN_POINT('',(14.8749996265452,-44.91,-7.49));
#2448=CARTESIAN_POINT('',(14.8749996265452,-45.91,-6.49));
#2449=CARTESIAN_POINT('Origin',(-36.10000149415,-39.91000149415,-6.49));
#2450=CARTESIAN_POINT('',(-42.1000000000001,-39.9099992529247,-6.49));
#2451=CARTESIAN_POINT('',(-41.0999999999998,-39.9099996264623,-7.49));
#2452=CARTESIAN_POINT('Origin',(-41.0999999999998,-39.9099996264623,-6.49));
#2453=CARTESIAN_POINT('Origin',(-36.10000149415,-39.91000149415,-7.49));
#2454=CARTESIAN_POINT('Origin',(-36.10000149415,-39.91000149415,-6.49));
#2455=CARTESIAN_POINT('Origin',(-41.1,-19.9549996264622,-6.49));
#2456=CARTESIAN_POINT('',(-42.1000000000001,-34.0470467880911,-6.49));
#2457=CARTESIAN_POINT('',(-41.1000000000001,-34.0470467752558,-7.49));
#2458=CARTESIAN_POINT('Origin',(-41.1000000000001,-34.0470467752558,-6.49));
#2459=CARTESIAN_POINT('',(-41.1,-19.9549996264622,-7.49));
#2460=CARTESIAN_POINT('',(-42.1,-19.9549996264622,-6.49));
#2461=CARTESIAN_POINT('Origin',(-42.1000000000001,-39.9099992529247,-5.49));
#2462=CARTESIAN_POINT('',(-42.1000000000001,-34.0470467880911,-5.49));
#2463=CARTESIAN_POINT('',(-42.1000000000001,-39.9099992529247,-5.49));
#2464=CARTESIAN_POINT('Origin',(-36.10000149415,-39.91000149415,-5.49));
#2465=CARTESIAN_POINT('',(-36.0999985058489,-45.9099999999994,-5.49));
#2466=CARTESIAN_POINT('Origin',(29.7499992529247,-45.9100000000001,-5.49));
#2467=CARTESIAN_POINT('',(29.7499992529247,-45.9100000000001,-5.49));
#2468=CARTESIAN_POINT('Origin',(29.75000149415,-39.91000149415,-5.49));
#2469=CARTESIAN_POINT('',(35.7499999999994,-39.9099984801782,-5.49));
#2470=CARTESIAN_POINT('Origin',(-42.1000000000001,-34.0470467880911,-5.49));
#2471=CARTESIAN_POINT('',(-40.2000000000002,-34.047046763704,-5.49));
#2472=CARTESIAN_POINT('',(-40.2000000000002,-34.047046763704,-5.49));
#2473=CARTESIAN_POINT('',(-40.1000000000002,-34.0470467624205,-5.49));
#2474=CARTESIAN_POINT('',(-42.1000000000001,-34.0470467880911,-5.49));
#2475=CARTESIAN_POINT('',(-21.049999781418,-34.0470465179072,-5.49));
#2476=CARTESIAN_POINT('',(35.7499999247464,-34.0470457888597,-5.49));
#2477=CARTESIAN_POINT('',(-42.1000000000001,-34.0470467880911,-7.49));
#2478=CARTESIAN_POINT('Origin',(35.7499999247464,-34.0470457888597,-5.49));
#2479=CARTESIAN_POINT('Origin',(29.04,-39.03,-6.49));
#2480=CARTESIAN_POINT('',(32.54,-39.03,-6.49));
#2481=CARTESIAN_POINT('Origin',(29.04,-39.03,-6.49));
#2482=CARTESIAN_POINT('',(30.64,-39.03,-6.49));
#2483=CARTESIAN_POINT('Origin',(29.04,-39.03,-6.49));
#2484=CARTESIAN_POINT('Origin',(29.04,-39.03,-6.99));
#2485=CARTESIAN_POINT('',(32.54,-39.03,-7.49));
#2486=CARTESIAN_POINT('Origin',(29.04,-39.03,-7.49));
#2487=CARTESIAN_POINT('',(32.54,-39.03,-6.99));
#2488=CARTESIAN_POINT('Origin',(-35.06,-39.03,-6.49));
#2489=CARTESIAN_POINT('',(-31.56,-39.03,-6.49));
#2490=CARTESIAN_POINT('Origin',(-35.06,-39.03,-6.49));
#2491=CARTESIAN_POINT('',(-33.46,-39.03,-6.49));
#2492=CARTESIAN_POINT('Origin',(-35.06,-39.03,-6.49));
#2493=CARTESIAN_POINT('Origin',(-35.06,-39.03,-6.99));
#2494=CARTESIAN_POINT('',(-31.56,-39.03,-7.49));
#2495=CARTESIAN_POINT('Origin',(-35.06,-39.03,-7.49));
#2496=CARTESIAN_POINT('',(-31.56,-39.03,-6.99));
#2497=CARTESIAN_POINT('Origin',(-36.10000149415,-39.91000149415,-5.49));
#2498=CARTESIAN_POINT('',(-40.2000000000003,-39.9099999626462,-5.49));
#2499=CARTESIAN_POINT('',(-36.0999985058489,-44.0099999999995,-5.49));
#2500=CARTESIAN_POINT('Origin',(-36.10000149415,-39.91000149415,-5.49));
#2501=CARTESIAN_POINT('',(-40.2000000000003,-39.9099999626462,-5.49));
#2502=CARTESIAN_POINT('',(-36.0999985058489,-44.0099999999995,-5.49));
#2503=CARTESIAN_POINT('Origin',(29.7499999626462,-44.0100000000003,-5.49));
#2504=CARTESIAN_POINT('',(29.7499999626462,-44.0100000000003,-5.49));
#2505=CARTESIAN_POINT('',(14.8749999814059,-44.0100000000001,-5.49));
#2506=CARTESIAN_POINT('',(29.7499999626462,-44.0100000000003,-5.49));
#2507=CARTESIAN_POINT('Origin',(29.75000149415,-39.91000149415,-5.49));
#2508=CARTESIAN_POINT('Origin',(29.75000149415,-39.91000149415,-5.49));
#2509=CARTESIAN_POINT('Origin',(-40.2000000000003,-39.9099999626462,-5.49));
#2510=CARTESIAN_POINT('',(-40.2000000000001,-19.9549999813229,-5.49));
#2511=CARTESIAN_POINT('Origin',(1.6609824626812E-10,0.,-7.49));
#2512=CARTESIAN_POINT('Origin',(1.6609824626812E-10,0.,-5.49));
#2513=CARTESIAN_POINT('',(29.75,-43.9100000000003,-5.49));
#2514=CARTESIAN_POINT('Origin',(29.75000149415,-39.91000149415,-5.49));
#2515=CARTESIAN_POINT('',(-36.0999985058489,-43.9099999999994,-5.49));
#2516=CARTESIAN_POINT('',(29.75,-43.9100000000003,-5.49));
#2517=CARTESIAN_POINT('',(-40.1000000000003,-39.91,-5.49));
#2518=CARTESIAN_POINT('Origin',(-36.10000149415,-39.91000149415,-5.49));
#2519=CARTESIAN_POINT('',(-40.1000000000003,-39.91,-5.49));
#2520=CARTESIAN_POINT('Origin',(29.04,-39.03,-0.49));
#2521=CARTESIAN_POINT('',(30.64,-39.03,-0.289999999999999));
#2522=CARTESIAN_POINT('',(30.64,-39.03,-0.49));
#2523=CARTESIAN_POINT('Origin',(29.04,-39.03,-0.289999999999999));
#2524=CARTESIAN_POINT('Origin',(-35.06,-39.03,-0.49));
#2525=CARTESIAN_POINT('',(-33.46,-39.03,-0.289999999999999));
#2526=CARTESIAN_POINT('',(-33.46,-39.03,-0.49));
#2527=CARTESIAN_POINT('Origin',(-35.06,-39.03,-0.289999999999999));
#2528=CARTESIAN_POINT('Origin',(35.54,14.47,-4.49));
#2529=CARTESIAN_POINT('',(39.04,14.47,-4.49));
#2530=CARTESIAN_POINT('Origin',(35.54,14.47,-4.49));
#2531=CARTESIAN_POINT('',(37.14,14.47,-4.49));
#2532=CARTESIAN_POINT('Origin',(35.54,14.47,-4.49));
#2533=CARTESIAN_POINT('Origin',(35.54,14.47,-4.99));
#2534=CARTESIAN_POINT('',(39.04,14.47,-5.49));
#2535=CARTESIAN_POINT('Origin',(35.54,14.47,-5.49));
#2536=CARTESIAN_POINT('',(39.04,14.47,-4.99));
#2537=CARTESIAN_POINT('Origin',(35.54,14.47,1.51));
#2538=CARTESIAN_POINT('',(37.14,14.47,-0.289999999999999));
#2539=CARTESIAN_POINT('',(37.14,14.47,1.51));
#2540=CARTESIAN_POINT('Origin',(35.54,14.47,-0.289999999999999));
#2541=CARTESIAN_POINT('Origin',(-35.46,12.47,-4.49));
#2542=CARTESIAN_POINT('',(-31.96,12.47,-4.49));
#2543=CARTESIAN_POINT('Origin',(-35.46,12.47,-4.49));
#2544=CARTESIAN_POINT('',(-33.86,12.47,-4.49));
#2545=CARTESIAN_POINT('Origin',(-35.46,12.47,-4.49));
#2546=CARTESIAN_POINT('Origin',(-35.46,12.47,-4.99));
#2547=CARTESIAN_POINT('',(-31.96,12.47,-5.49));
#2548=CARTESIAN_POINT('Origin',(-35.46,12.47,-5.49));
#2549=CARTESIAN_POINT('',(-31.96,12.47,-4.99));
#2550=CARTESIAN_POINT('Origin',(-35.46,12.47,1.51));
#2551=CARTESIAN_POINT('',(-33.86,12.47,-0.289999999999999));
#2552=CARTESIAN_POINT('',(-33.86,12.47,1.51));
#2553=CARTESIAN_POINT('Origin',(-35.46,12.47,-0.289999999999999));
#2554=CARTESIAN_POINT('Origin',(1.58522084348078E-10,0.,-3.49));
#2555=CARTESIAN_POINT('',(37.9516570241395,34.6495695306432,-3.49));
#2556=CARTESIAN_POINT('',(29.758472622598,30.5386974287691,-3.49));
#2557=CARTESIAN_POINT('Origin',(31.8602020254914,36.569999999935,-3.49));
#2558=CARTESIAN_POINT('',(15.2399974252658,39.5700000000066,-3.49));
#2559=CARTESIAN_POINT('',(29.758472622598,30.5386974287691,-3.49));
#2560=CARTESIAN_POINT('',(-1.711573,39.5700000000796,-3.49));
#2561=CARTESIAN_POINT('',(32.1915678505317,39.5699999999336,-3.49));
#2562=CARTESIAN_POINT('',(-2.98436180149752,40.0972045138682,-3.49));
#2563=CARTESIAN_POINT('Origin',(-1.711626415056,41.369870743568,-3.49));
#2564=CARTESIAN_POINT('',(-4.35279264376256,41.4656353562375,-3.49));
#2565=CARTESIAN_POINT('',(-2.98436180149752,40.0972045138682,-3.49));
#2566=CARTESIAN_POINT('',(-5.9084270073486,42.11,-3.49));
#2567=CARTESIAN_POINT('Origin',(-5.908426926514,39.910000478574,-3.49));
#2568=CARTESIAN_POINT('',(-28.4261364575661,42.11,-3.49));
#2569=CARTESIAN_POINT('',(-5.9084270073486,42.11,-3.49));
#2570=CARTESIAN_POINT('',(-38.2999999999999,32.2361364575662,-3.49));
#2571=CARTESIAN_POINT('Origin',(-35.2999999999999,39.11,-3.49));
#2572=CARTESIAN_POINT('',(-38.2999999999999,19.8047931093953,-3.49));
#2573=CARTESIAN_POINT('',(-38.2999999999999,39.9099998505849,-3.49));
#2574=CARTESIAN_POINT('',(-38.2999999999999,5.19520726313369,-3.49));
#2575=CARTESIAN_POINT('Origin',(-40.0000005960464,12.5000001862645,-3.49));
#2576=CARTESIAN_POINT('',(-38.3,-34.1099999999999,-3.49));
#2577=CARTESIAN_POINT('',(-38.2999999999999,39.9099998505849,-3.49));
#2578=CARTESIAN_POINT('',(-35.3,-34.1099999999999,-3.49));
#2579=CARTESIAN_POINT('',(-35.3,-34.1099999999999,-3.49));
#2580=CARTESIAN_POINT('',(-30.3,-39.1099999999999,-3.49));
#2581=CARTESIAN_POINT('Origin',(-35.3,-39.1099999999999,-3.49));
#2582=CARTESIAN_POINT('',(-30.3,-42.1099999999999,-3.49));
#2583=CARTESIAN_POINT('',(-30.3,-39.1099999999999,-3.49));
#2584=CARTESIAN_POINT('',(23.9499999999999,-42.11,-3.49));
#2585=CARTESIAN_POINT('',(-36.0999998505849,-42.1099999999999,-3.49));
#2586=CARTESIAN_POINT('',(23.9499999999999,-39.11,-3.49));
#2587=CARTESIAN_POINT('',(23.9499999999999,-39.11,-3.49));
#2588=CARTESIAN_POINT('',(28.9499999999999,-34.11,-3.49));
#2589=CARTESIAN_POINT('Origin',(28.9499999999999,-39.11,-3.49));
#2590=CARTESIAN_POINT('',(31.9499999999999,-34.11,-3.49));
#2591=CARTESIAN_POINT('',(28.9499999999999,-34.11,-3.49));
#2592=CARTESIAN_POINT('',(31.95,-2.62447900000001,-3.49));
#2593=CARTESIAN_POINT('',(31.9499999999999,-39.9099998505849,-3.49));
#2594=CARTESIAN_POINT('',(32.4772082859827,-1.35168642649145,-3.49));
#2595=CARTESIAN_POINT('Origin',(33.749999521427,-2.624478926514,-3.49));
#2596=CARTESIAN_POINT('',(37.6556353562373,3.82674064376268,-3.49));
#2597=CARTESIAN_POINT('',(32.4772082859827,-1.35168642649145,-3.49));
#2598=CARTESIAN_POINT('',(38.2999999999998,5.3823750073486,-3.49));
#2599=CARTESIAN_POINT('Origin',(36.100000478574,5.38237492651401,-3.49));
#2600=CARTESIAN_POINT('',(38.2999999999998,10.2208883669228,-3.49));
#2601=CARTESIAN_POINT('',(38.2999999999998,5.3823750073486,-3.49));
#2602=CARTESIAN_POINT('',(38.2999999999999,24.7824816862582,-3.49));
#2603=CARTESIAN_POINT('Origin',(40.1000000001587,17.5016850265905,-3.49));
#2604=CARTESIAN_POINT('',(38.3,33.461573,-3.49));
#2605=CARTESIAN_POINT('',(38.2999999999998,5.3823750073486,-3.49));
#2606=CARTESIAN_POINT('Origin',(36.099894909565,33.461529345342,-3.49));
#2607=CARTESIAN_POINT('Origin',(1.58522084348078E-10,0.,-5.49));
#2608=CARTESIAN_POINT('',(-40.0999999999994,39.9099985058489,-5.49));
#2609=CARTESIAN_POINT('',(-40.1000000000003,-39.91,-5.49));
#2610=CARTESIAN_POINT('',(-36.1,43.9100000000003,-5.49));
#2611=CARTESIAN_POINT('Origin',(-36.10000149415,39.91000149415,-5.49));
#2612=CARTESIAN_POINT('',(-5.90842707348602,43.91,-5.49));
#2613=CARTESIAN_POINT('',(-36.1,43.9100000000003,-5.49));
#2614=CARTESIAN_POINT('',(-3.08000043762686,42.7384275623734,-5.49));
#2615=CARTESIAN_POINT('Origin',(-5.908426926514,39.910000478574,-5.49));
#2616=CARTESIAN_POINT('',(-1.7115728752533,41.37,-5.49));
#2617=CARTESIAN_POINT('',(-3.08000043762686,42.7384275623734,-5.49));
#2618=CARTESIAN_POINT('',(32.1915824559018,41.3700000004419,-5.49));
#2619=CARTESIAN_POINT('',(-1.7115728752533,41.37,-5.49));
#2620=CARTESIAN_POINT('',(35.019992945918,40.1984341794412,-5.49));
#2621=CARTESIAN_POINT('Origin',(32.191624491475,37.370124612624,-5.49));
#2622=CARTESIAN_POINT('',(38.9284416704831,36.2899854541822,-5.49));
#2623=CARTESIAN_POINT('',(35.019992945918,40.1984341794412,-5.49));
#2624=CARTESIAN_POINT('',(40.1000000003176,33.4615649886726,-5.49));
#2625=CARTESIAN_POINT('Origin',(36.099894909565,33.461529345342,-5.49));
#2626=CARTESIAN_POINT('',(40.0999999999998,5.38237507348601,-5.49));
#2627=CARTESIAN_POINT('',(40.1000000003176,33.4615649886726,-5.49));
#2628=CARTESIAN_POINT('',(38.9284275623731,2.55394843762684,-5.49));
#2629=CARTESIAN_POINT('Origin',(36.100000478574,5.38237492651401,-5.49));
#2630=CARTESIAN_POINT('',(38.9284275623731,2.55394843762683,-5.49));
#2631=CARTESIAN_POINT('Origin',(1.58659752003132E-10,-4.44089209850063E-15,
1.51));
#2632=CARTESIAN_POINT('',(40.0999999999998,5.38237507348601,1.51));
#2633=CARTESIAN_POINT('',(40.1000000003176,33.4615649886726,1.51));
#2634=CARTESIAN_POINT('',(40.0999999999693,2.69118753651607,1.51));
#2635=CARTESIAN_POINT('',(38.9284416704831,36.2899854541822,1.51));
#2636=CARTESIAN_POINT('Origin',(36.099894909565,33.461529345342,1.51));
#2637=CARTESIAN_POINT('',(35.019992945918,40.1984341794412,1.51));
#2638=CARTESIAN_POINT('',(38.2688276181755,36.9495995066068,1.51));
#2639=CARTESIAN_POINT('',(32.1915824559018,41.3700000004419,1.51));
#2640=CARTESIAN_POINT('Origin',(32.191624491475,37.370124612624,1.51));
#2641=CARTESIAN_POINT('',(-1.7115728752533,41.37,1.51));
#2642=CARTESIAN_POINT('',(16.0957912277606,41.3700000002321,1.51));
#2643=CARTESIAN_POINT('',(-3.08000043762687,42.7384275623734,1.51));
#2644=CARTESIAN_POINT('',(9.05882034359976,30.5996067811486,1.51));
#2645=CARTESIAN_POINT('',(-5.90842707348602,43.91,1.51));
#2646=CARTESIAN_POINT('Origin',(-5.908426926514,39.910000478574,1.51));
#2647=CARTESIAN_POINT('',(-36.1,43.91,1.51));
#2648=CARTESIAN_POINT('',(-2.95421353666368,43.91,1.51));
#2649=CARTESIAN_POINT('',(-40.0999999999994,39.9099985058489,1.51));
#2650=CARTESIAN_POINT('Origin',(-36.10000149415,39.91000149415,1.51));
#2651=CARTESIAN_POINT('',(-40.1,-39.91,1.51));
#2652=CARTESIAN_POINT('',(-40.0999999999996,19.9549992529246,1.51));
#2653=CARTESIAN_POINT('',(-36.0999985058489,-43.9099999999994,1.51));
#2654=CARTESIAN_POINT('Origin',(-36.10000149415,-39.91000149415,1.51));
#2655=CARTESIAN_POINT('',(29.75,-43.91,1.51));
#2656=CARTESIAN_POINT('',(-18.0499992528453,-43.9099999999996,1.51));
#2657=CARTESIAN_POINT('Origin',(29.75000149415,-39.91000149415,1.51));
#2658=CARTESIAN_POINT('',(38.928427562373,2.55394843762685,1.51));
#2659=CARTESIAN_POINT('',(25.9686182699821,-10.4058591609554,1.51));
#2660=CARTESIAN_POINT('Origin',(36.100000478574,5.38237492651401,1.51));
#2661=CARTESIAN_POINT('',(38.3,33.461573,1.51));
#2662=CARTESIAN_POINT('',(38.2999999999998,5.3823750073486,1.51));
#2663=CARTESIAN_POINT('',(38.2999999999999,16.7307864999999,1.51));
#2664=CARTESIAN_POINT('',(37.6556353562373,3.82674064376268,1.51));
#2665=CARTESIAN_POINT('Origin',(36.100000478574,5.38237492651401,1.51));
#2666=CARTESIAN_POINT('',(32.4772082859827,-1.35168642649145,1.51));
#2667=CARTESIAN_POINT('',(27.2850413562762,-6.54385335619757,1.51));
#2668=CARTESIAN_POINT('',(31.95,-2.62447900000001,1.51));
#2669=CARTESIAN_POINT('Origin',(33.749999521427,-2.624478926514,1.51));
#2670=CARTESIAN_POINT('',(31.9499999999999,-39.9099998505849,1.51));
#2671=CARTESIAN_POINT('',(31.95,-1.31223950000003,1.51));
#2672=CARTESIAN_POINT('',(29.75,-42.11,1.51));
#2673=CARTESIAN_POINT('Origin',(29.75000149415,-39.91000149415,1.51));
#2674=CARTESIAN_POINT('',(-36.0999998505849,-42.1099999999999,1.51));
#2675=CARTESIAN_POINT('',(14.8750000000793,-42.11,1.51));
#2676=CARTESIAN_POINT('',(-38.3,-39.91,1.51));
#2677=CARTESIAN_POINT('Origin',(-36.10000149415,-39.91000149415,1.51));
#2678=CARTESIAN_POINT('',(-38.2999999999999,39.9099998505849,1.51));
#2679=CARTESIAN_POINT('',(-38.3,-19.955,1.51));
#2680=CARTESIAN_POINT('',(-36.1,42.11,1.51));
#2681=CARTESIAN_POINT('Origin',(-36.10000149415,39.91000149415,1.51));
#2682=CARTESIAN_POINT('',(-5.9084270073486,42.11,1.51));
#2683=CARTESIAN_POINT('',(-18.0499999999207,42.11,1.51));
#2684=CARTESIAN_POINT('',(-4.35279264376256,41.4656353562375,1.51));
#2685=CARTESIAN_POINT('Origin',(-5.908426926514,39.910000478574,1.51));
#2686=CARTESIAN_POINT('',(-2.98436180149752,40.0972045138682,1.51));
#2687=CARTESIAN_POINT('',(7.10181435619426,30.0110283554086,1.51));
#2688=CARTESIAN_POINT('',(-1.711573,39.5700000000796,1.51));
#2689=CARTESIAN_POINT('Origin',(-1.711626415056,41.369870743568,1.51));
#2690=CARTESIAN_POINT('',(32.1915678505317,39.5699999999336,1.51));
#2691=CARTESIAN_POINT('',(-0.855786499881907,39.5699999999983,1.51));
#2692=CARTESIAN_POINT('',(33.7472073562791,38.9256353562791,1.51));
#2693=CARTESIAN_POINT('Origin',(32.191624491475,37.370124612624,1.51));
#2694=CARTESIAN_POINT('',(37.655637377835,35.0172053345748,1.51));
#2695=CARTESIAN_POINT('',(35.0418143566391,37.6310283558699,1.51));
#2696=CARTESIAN_POINT('Origin',(36.099894909565,33.461529345342,1.51));
#2697=CARTESIAN_POINT('Origin',(-38.3,-39.91,1.51));
#2698=CARTESIAN_POINT('',(-38.3,-39.91,-0.289999999999999));
#2699=CARTESIAN_POINT('',(-38.3,-39.91,1.51));
#2700=CARTESIAN_POINT('',(-38.3,-34.1099999999999,-0.289999999999999));
#2701=CARTESIAN_POINT('',(-38.3,-39.0100000000001,-0.289999999999999));
#2702=CARTESIAN_POINT('',(-38.3,-34.1099999999999,-0.99));
#2703=CARTESIAN_POINT('',(-38.2999999999999,5.19520726313369,-0.289999999999999));
#2704=CARTESIAN_POINT('',(-38.3,5.19520726313369,-3.49));
#2705=CARTESIAN_POINT('',(-38.2999999999999,19.8047931093953,-0.289999999999999));
#2706=CARTESIAN_POINT('',(-38.3,-13.7049999068677,-0.289999999999999));
#2707=CARTESIAN_POINT('',(-38.3,19.8047931093953,-3.49));
#2708=CARTESIAN_POINT('',(-38.2999999999999,32.2361364575662,-0.289999999999999));
#2709=CARTESIAN_POINT('',(-38.2999999999999,32.2361364575663,-3.49));
#2710=CARTESIAN_POINT('',(-38.2999999999999,39.9099998505849,-0.289999999999999));
#2711=CARTESIAN_POINT('',(-38.3,-1.52499999999987,-0.289999999999999));
#2712=CARTESIAN_POINT('',(-38.2999999999999,39.9099998505849,1.51));
#2713=CARTESIAN_POINT('Origin',(-36.10000149415,-39.91000149415,1.51));
#2714=CARTESIAN_POINT('',(-36.0999998505849,-42.1099999999999,-0.289999999999999));
#2715=CARTESIAN_POINT('',(-36.0999998505849,-42.1099999999999,1.51));
#2716=CARTESIAN_POINT('Origin',(-36.10000149415,-39.91000149415,-0.289999999999999));
#2717=CARTESIAN_POINT('Origin',(29.75,-42.11,1.51));
#2718=CARTESIAN_POINT('',(29.75,-42.11,-0.289999999999999));
#2719=CARTESIAN_POINT('',(29.75,-42.11,1.51));
#2720=CARTESIAN_POINT('',(23.9499999999999,-42.11,-0.289999999999999));
#2721=CARTESIAN_POINT('',(28.8500000000001,-42.11,-0.289999999999999));
#2722=CARTESIAN_POINT('',(23.9499999999999,-42.11,-0.99));
#2723=CARTESIAN_POINT('',(-30.3,-42.1099999999999,-0.289999999999999));
#2724=CARTESIAN_POINT('',(-30.3,-42.1099999999999,-0.99));
#2725=CARTESIAN_POINT('',(-2.27500000000013,-42.11,-0.289999999999999));
#2726=CARTESIAN_POINT('Origin',(29.75000149415,-39.91000149415,1.51));
#2727=CARTESIAN_POINT('',(31.9499999999999,-39.9099998505849,-0.289999999999999));
#2728=CARTESIAN_POINT('',(31.9499999999999,-39.9099998505849,1.51));
#2729=CARTESIAN_POINT('Origin',(29.75000149415,-39.91000149415,-0.289999999999999));
#2730=CARTESIAN_POINT('Origin',(31.95,-2.62447900000001,1.51));
#2731=CARTESIAN_POINT('',(31.95,-2.62447900000001,1.51));
#2732=CARTESIAN_POINT('',(31.9499999999999,-34.11,-0.289999999999999));
#2733=CARTESIAN_POINT('',(31.9499999999999,-34.11,-0.99));
#2734=CARTESIAN_POINT('',(31.95,-20.3672395000001,-0.289999999999999));
#2735=CARTESIAN_POINT('Origin',(33.749999521427,-2.624478926514,1.51));
#2736=CARTESIAN_POINT('',(32.4772082859827,-1.35168642649145,1.51));
#2737=CARTESIAN_POINT('Origin',(37.6556353562373,3.82674064376268,1.51));
#2738=CARTESIAN_POINT('',(37.6556353562373,3.82674064376268,1.51));
#2739=CARTESIAN_POINT('Origin',(36.100000478574,5.38237492651401,1.51));
#2740=CARTESIAN_POINT('',(38.2999999999998,5.3823750073486,1.51));
#2741=CARTESIAN_POINT('Origin',(38.3,33.461573,1.51));
#2742=CARTESIAN_POINT('',(38.3,33.461573,1.51));
#2743=CARTESIAN_POINT('',(38.2999999999999,24.7824816862582,-0.289999999999999));
#2744=CARTESIAN_POINT('',(38.2999999999999,24.7824816862582,-3.49));
#2745=CARTESIAN_POINT('',(38.2999999999998,10.2208883669228,-0.289999999999999));
#2746=CARTESIAN_POINT('',(38.2999999999999,25.4816290132952,-0.289999999999999));
#2747=CARTESIAN_POINT('',(38.2999999999998,10.2208883669228,-3.49));
#2748=CARTESIAN_POINT('Origin',(-5.90842707348602,43.91,1.51));
#2749=CARTESIAN_POINT('',(-5.90842707348602,43.91,1.51));
#2750=CARTESIAN_POINT('',(-36.1,43.91,1.51));
#2751=CARTESIAN_POINT('Origin',(-5.908426926514,39.910000478574,1.51));
#2752=CARTESIAN_POINT('',(-3.08000043762687,42.7384275623734,1.51));
#2753=CARTESIAN_POINT('Origin',(-1.7115728752533,41.37,1.51));
#2754=CARTESIAN_POINT('',(-1.7115728752533,41.37,1.51));
#2755=CARTESIAN_POINT('Origin',(32.1915824559018,41.3700000004419,1.51));
#2756=CARTESIAN_POINT('',(32.1915824559018,41.3700000004419,1.51));
#2757=CARTESIAN_POINT('Origin',(32.191624491475,37.370124612624,1.51));
#2758=CARTESIAN_POINT('',(35.019992945918,40.1984341794412,1.51));
#2759=CARTESIAN_POINT('Origin',(38.9284416704831,36.2899854541822,1.51));
#2760=CARTESIAN_POINT('',(38.9284416704831,36.2899854541822,1.51));
#2761=CARTESIAN_POINT('Origin',(36.099894909565,33.461529345342,1.51));
#2762=CARTESIAN_POINT('',(40.1000000003176,33.4615649886726,1.51));
#2763=CARTESIAN_POINT('Origin',(40.0999999999998,5.38237507348601,1.51));
#2764=CARTESIAN_POINT('',(40.0999999999998,5.38237507348601,1.51));
#2765=CARTESIAN_POINT('Origin',(-40.0999999999994,39.9099985058489,1.51));
#2766=CARTESIAN_POINT('',(-40.0999999999994,39.9099985058489,1.51));
#2767=CARTESIAN_POINT('',(-40.1,-39.91,1.51));
#2768=CARTESIAN_POINT('Origin',(-35.2999999999999,39.11,-3.49));
#2769=CARTESIAN_POINT('',(-28.4261364575661,42.11,-0.289999999999999));
#2770=CARTESIAN_POINT('',(-28.4261364575661,42.11,-3.49));
#2771=CARTESIAN_POINT('Origin',(-35.2999999999999,39.11,-0.289999999999999));
#2772=CARTESIAN_POINT('Origin',(-33.0500000000002,36.8600000000002,-0.289999999999999));
#2773=CARTESIAN_POINT('',(-36.1,42.11,-0.289999999999999));
#2774=CARTESIAN_POINT('Origin',(-36.10000149415,39.91000149415,-0.289999999999999));
#2775=CARTESIAN_POINT('',(-34.5750000000001,42.11,-0.289999999999999));
#2776=CARTESIAN_POINT('Origin',(31.8602020254914,36.569999999935,-3.49));
#2777=CARTESIAN_POINT('',(37.9516570241395,34.6495695306432,-0.289999999999999));
#2778=CARTESIAN_POINT('',(37.9516570241395,34.6495695306432,-3.49));
#2779=CARTESIAN_POINT('',(29.758472622598,30.5386974287691,-0.289999999999999));
#2780=CARTESIAN_POINT('Origin',(31.8602020254914,36.569999999935,-0.289999999999999));
#2781=CARTESIAN_POINT('',(29.758472622598,30.5386974287691,-3.49));
#2782=CARTESIAN_POINT('Origin',(15.2399974252658,39.5700000000066,-3.49));
#2783=CARTESIAN_POINT('',(15.2399974252658,39.5700000000066,-0.289999999999999));
#2784=CARTESIAN_POINT('',(29.758472622598,30.5386974287691,-0.289999999999999));
#2785=CARTESIAN_POINT('',(15.2399974253298,39.5699999999668,-0.99));
#2786=CARTESIAN_POINT('Origin',(26.5958272247026,34.8764957656086,-0.289999999999999));
#2787=CARTESIAN_POINT('',(37.6556373778044,35.0172053345442,-0.289999999999999));
#2788=CARTESIAN_POINT('Origin',(36.099894909565,33.461529345342,-0.289999999999999));
#2789=CARTESIAN_POINT('',(33.7472073562791,38.9256353562791,-0.289999999999999));
#2790=CARTESIAN_POINT('',(32.9716472211205,39.7011954914672,-0.289999999999999));
#2791=CARTESIAN_POINT('',(32.1915678505317,39.5699999999336,-0.289999999999999));
#2792=CARTESIAN_POINT('Origin',(32.191624491475,37.370124612624,-0.289999999999999));
#2793=CARTESIAN_POINT('',(12.4421271123559,39.5699999999723,-0.289999999999999));
#2794=CARTESIAN_POINT('Origin',(-40.0000005960464,12.5000001862645,-3.49));
#2795=CARTESIAN_POINT('Origin',(-40.0000005960464,12.5000001862645,-0.289999999999999));
#2796=CARTESIAN_POINT('Origin',(40.1000000001587,17.5016850265905,-3.49));
#2797=CARTESIAN_POINT('Origin',(40.1000000001587,17.5016850265905,-0.289999999999999));
#2798=CARTESIAN_POINT('Origin',(35.4500000000793,17.5016850265905,-0.289999999999999));
#2799=CARTESIAN_POINT('Origin',(-35.3,-34.1099999999999,-3.49));
#2800=CARTESIAN_POINT('',(-35.3,-34.1099999999999,-0.289999999999999));
#2801=CARTESIAN_POINT('',(-35.3,-34.1099999999999,-0.289999999999999));
#2802=CARTESIAN_POINT('',(-35.3,-34.1099999999999,-3.49));
#2803=CARTESIAN_POINT('Origin',(-35.3,-39.1099999999999,-3.49));
#2804=CARTESIAN_POINT('',(-30.3,-39.1099999999999,-0.289999999999999));
#2805=CARTESIAN_POINT('Origin',(-35.3,-39.1099999999999,-0.289999999999999));
#2806=CARTESIAN_POINT('',(-30.3,-39.1099999999999,-3.49));
#2807=CARTESIAN_POINT('Origin',(-30.3,-42.1099999999999,-3.49));
#2808=CARTESIAN_POINT('',(-30.3,-39.1099999999999,-0.289999999999999));
#2809=CARTESIAN_POINT('Origin',(-34.3000000000003,-38.1100000000002,-0.289999999999999));
#2810=CARTESIAN_POINT('Origin',(31.9499999999999,-34.11,-3.49));
#2811=CARTESIAN_POINT('',(28.9499999999999,-34.11,-0.289999999999999));
#2812=CARTESIAN_POINT('',(28.9499999999999,-34.11,-3.49));
#2813=CARTESIAN_POINT('',(28.9499999999999,-34.11,-0.289999999999999));
#2814=CARTESIAN_POINT('Origin',(23.9499999999999,-39.11,-3.49));
#2815=CARTESIAN_POINT('',(23.9499999999999,-39.11,-0.289999999999999));
#2816=CARTESIAN_POINT('',(23.9499999999999,-39.11,-0.289999999999999));
#2817=CARTESIAN_POINT('',(23.9499999999999,-39.11,-3.49));
#2818=CARTESIAN_POINT('Origin',(28.9499999999999,-39.11,-3.49));
#2819=CARTESIAN_POINT('Origin',(28.9499999999999,-39.11,-0.289999999999999));
#2820=CARTESIAN_POINT('Origin',(27.9500000000002,-38.1100000000002,-0.289999999999999));
#2821=CARTESIAN_POINT('Origin',(36.099894909565,33.461529345342,1.51));
#2822=CARTESIAN_POINT('',(37.655637377835,35.0172053345748,1.51));
#2823=CARTESIAN_POINT('Origin',(33.7472073562791,38.9256353562791,1.51));
#2824=CARTESIAN_POINT('',(33.7472073562791,38.9256353562791,1.51));
#2825=CARTESIAN_POINT('Origin',(32.191624491475,37.370124612624,1.51));
#2826=CARTESIAN_POINT('',(32.1915678505317,39.5699999999336,1.51));
#2827=CARTESIAN_POINT('Origin',(-1.711573,39.57,1.51));
#2828=CARTESIAN_POINT('',(-1.711573,39.5700000000796,1.51));
#2829=CARTESIAN_POINT('Origin',(-1.711626415056,41.369870743568,1.51));
#2830=CARTESIAN_POINT('',(-2.98436180149752,40.0972045138682,1.51));
#2831=CARTESIAN_POINT('Origin',(-4.35279264376256,41.4656353562375,1.51));
#2832=CARTESIAN_POINT('',(-4.35279264376256,41.4656353562375,1.51));
#2833=CARTESIAN_POINT('Origin',(-5.908426926514,39.910000478574,1.51));
#2834=CARTESIAN_POINT('',(-5.9084270073486,42.11,1.51));
#2835=CARTESIAN_POINT('Origin',(-36.1,42.11,1.51));
#2836=CARTESIAN_POINT('',(-36.1,42.11,1.51));
#2837=CARTESIAN_POINT('Origin',(-36.10000149415,39.91000149415,1.51));
#2838=CARTESIAN_POINT('Origin',(36.100000478574,5.38237492651401,1.51));
#2839=CARTESIAN_POINT('',(38.928427562373,2.55394843762685,1.51));
#2840=CARTESIAN_POINT('Origin',(33.749999521427,-2.624478926514,1.51));
#2841=CARTESIAN_POINT('Origin',(29.75000149415,-39.91000149415,1.51));
#2842=CARTESIAN_POINT('',(29.75,-43.91,1.51));
#2843=CARTESIAN_POINT('Origin',(-36.0999985058489,-43.9099999999994,1.51));
#2844=CARTESIAN_POINT('',(-36.0999985058489,-43.9099999999994,1.51));
#2845=CARTESIAN_POINT('Origin',(-36.10000149415,-39.91000149415,1.51));
#2846=CARTESIAN_POINT('Origin',(-36.10000149415,39.91000149415,1.51));
#2847=CARTESIAN_POINT('Origin',(-35.4000002421438,12.5000001862645,-0.289999999999999));
#2848=UNCERTAINTY_MEASURE_WITH_UNIT(LENGTH_MEASURE(0.01),#2852,
'DISTANCE_ACCURACY_VALUE',
'Maximum model space distance between geometric entities at asserted c
onnectivities');
#2849=UNCERTAINTY_MEASURE_WITH_UNIT(LENGTH_MEASURE(0.01),#2852,
'DISTANCE_ACCURACY_VALUE',
'Maximum model space distance between geometric entities at asserted c
onnectivities');
#2850=(
GEOMETRIC_REPRESENTATION_CONTEXT(3)
GLOBAL_UNCERTAINTY_ASSIGNED_CONTEXT((#2848))
GLOBAL_UNIT_ASSIGNED_CONTEXT((#2852,#2854,#2855))
REPRESENTATION_CONTEXT('','3D')
);
#2851=(
GEOMETRIC_REPRESENTATION_CONTEXT(3)
GLOBAL_UNCERTAINTY_ASSIGNED_CONTEXT((#2849))
GLOBAL_UNIT_ASSIGNED_CONTEXT((#2852,#2854,#2855))
REPRESENTATION_CONTEXT('','3D')
);
#2852=(
LENGTH_UNIT()
NAMED_UNIT(*)
SI_UNIT(.MILLI.,.METRE.)
);
#2853=(
LENGTH_UNIT()
NAMED_UNIT(*)
SI_UNIT($,.METRE.)
);
#2854=(
NAMED_UNIT(*)
PLANE_ANGLE_UNIT()
SI_UNIT($,.RADIAN.)
);
#2855=(
NAMED_UNIT(*)
SI_UNIT($,.STERADIAN.)
SOLID_ANGLE_UNIT()
);
#2856=SHAPE_DEFINITION_REPRESENTATION(#2857,#2858);
#2857=PRODUCT_DEFINITION_SHAPE('',$,#2860);
#2858=SHAPE_REPRESENTATION('',(#1680),#2850);
#2859=PRODUCT_DEFINITION_CONTEXT('part definition',#2864,'design');
#2860=PRODUCT_DEFINITION('2026-09-09-16-52-30-387','Rx-case 1.2',#2861,
#2859);
#2861=PRODUCT_DEFINITION_FORMATION('',$,#2866);
#2862=PRODUCT_RELATED_PRODUCT_CATEGORY('Rx-case 1.2','Rx-case 1.2',(#2866));
#2863=APPLICATION_PROTOCOL_DEFINITION('international standard',
'automotive_design',2009,#2864);
#2864=APPLICATION_CONTEXT(
'Core Data for Automotive Mechanical Design Process');
#2865=PRODUCT_CONTEXT('part definition',#2864,'mechanical');
#2866=PRODUCT('2026-09-09-16-52-30-387','Rx-case 1.2',$,(#2865));
#2867=PRESENTATION_STYLE_ASSIGNMENT((#2871));
#2868=PRESENTATION_STYLE_ASSIGNMENT((#2872));
#2869=PRESENTATION_STYLE_ASSIGNMENT((#2873));
#2870=PRESENTATION_STYLE_ASSIGNMENT((#2874));
#2871=SURFACE_STYLE_USAGE(.BOTH.,#2875);
#2872=SURFACE_STYLE_USAGE(.BOTH.,#2876);
#2873=SURFACE_STYLE_USAGE(.BOTH.,#2877);
#2874=SURFACE_STYLE_USAGE(.BOTH.,#2878);
#2875=SURFACE_SIDE_STYLE('',(#2879));
#2876=SURFACE_SIDE_STYLE('',(#2880));
#2877=SURFACE_SIDE_STYLE('',(#2881));
#2878=SURFACE_SIDE_STYLE('',(#2882));
#2879=SURFACE_STYLE_FILL_AREA(#2883);
#2880=SURFACE_STYLE_FILL_AREA(#2884);
#2881=SURFACE_STYLE_FILL_AREA(#2885);
#2882=SURFACE_STYLE_FILL_AREA(#2886);
#2883=FILL_AREA_STYLE('Steel - Satin',(#2887));
#2884=FILL_AREA_STYLE('Opaque(210,209,199)',(#2888));
#2885=FILL_AREA_STYLE('Opaque(243,203,124)',(#2889));
#2886=FILL_AREA_STYLE('Opaque(160,160,160)',(#2890));
#2887=FILL_AREA_STYLE_COLOUR('Steel - Satin',#2891);
#2888=FILL_AREA_STYLE_COLOUR('Opaque(210,209,199)',#2892);
#2889=FILL_AREA_STYLE_COLOUR('Opaque(243,203,124)',#2893);
#2890=FILL_AREA_STYLE_COLOUR('Opaque(160,160,160)',#2894);
#2891=COLOUR_RGB('Steel - Satin',0.627450980392157,0.627450980392157,0.627450980392157);
#2892=COLOUR_RGB('Opaque(210,209,199)',0.823529411764706,0.819607843137255,
0.780392156862745);
#2893=COLOUR_RGB('Opaque(243,203,124)',0.952941176470588,0.796078431372549,
0.486274509803922);
#2894=COLOUR_RGB('Opaque(160,160,160)',0.627450980392157,0.627450980392157,
0.627450980392157);
ENDSEC;
END-ISO-10303-21;
