ISO-10303-21;
HEADER;
/* Generated by software containing ST-Developer
 * from STEP Tools, Inc. (www.steptools.com) 
 */

FILE_DESCRIPTION(
/* description */ (''),
/* implementation_level */ '2;1');

FILE_NAME(
/* name */ 'Top.step',
/* time_stamp */ '2026-09-09T19:16:49+07:00',
/* author */ (''),
/* organization */ (''),
/* preprocessor_version */ 'ST-DEVELOPER v20.2',
/* originating_system */ 'Autodesk Translation Framework v15.15.0.0',
/* authorisation */ '');

FILE_SCHEMA (('AUTOMOTIVE_DESIGN { 1 0 10303 214 3 1 1 }'));
ENDSEC;

DATA;
#10=MECHANICAL_DESIGN_GEOMETRIC_PRESENTATION_REPRESENTATION('',(#13),#3808);
#11=SHAPE_REPRESENTATION_RELATIONSHIP('SRR','None',#3815,#12);
#12=ADVANCED_BREP_SHAPE_REPRESENTATION('',(#14),#3807);
#13=STYLED_ITEM('',(#3825),#14);
#14=MANIFOLD_SOLID_BREP('upper case',#2288);
#15=(
BOUNDED_SURFACE()
B_SPLINE_SURFACE(2,2,((#3467,#3468,#3469,#3470,#3471),(#3472,#3473,#3474,
#3475,#3476),(#3477,#3478,#3479,#3480,#3481)),.UNSPECIFIED.,.F.,.F.,.F.)
B_SPLINE_SURFACE_WITH_KNOTS((3,3),(3,2,3),(0.,1.5707963267949),(-0.785398910473011,
0.,0.785398910473011),.UNSPECIFIED.)
GEOMETRIC_REPRESENTATION_ITEM()
RATIONAL_B_SPLINE_SURFACE(((1.,0.923879389564502,1.,0.923879389564502,1.),
(0.707106781186546,0.653281381359546,0.707106781186546,0.653281381359546,
0.707106781186546),(1.,0.923879389564502,1.,0.923879389564502,1.)))
REPRESENTATION_ITEM('')
SURFACE()
);
#16=(
BOUNDED_SURFACE()
B_SPLINE_SURFACE(2,2,((#3493,#3494,#3495,#3496,#3497),(#3498,#3499,#3500,
#3501,#3502),(#3503,#3504,#3505,#3506,#3507)),.UNSPECIFIED.,.F.,.F.,.F.)
B_SPLINE_SURFACE_WITH_KNOTS((3,3),(3,2,3),(0.,1.5707963267949),(-1.57079707387046,
-0.785398163397444,7.47075568864457E-7),.UNSPECIFIED.)
GEOMETRIC_REPRESENTATION_ITEM()
RATIONAL_B_SPLINE_SURFACE(((1.,0.923879389564502,1.,0.923879389564502,1.),
(0.707106781186546,0.653281381359546,0.707106781186546,0.653281381359546,
0.707106781186546),(1.,0.923879389564502,1.,0.923879389564502,1.)))
REPRESENTATION_ITEM('')
SURFACE()
);
#17=(
BOUNDED_SURFACE()
B_SPLINE_SURFACE(2,2,((#3516,#3517,#3518),(#3519,#3520,#3521),(#3522,#3523,
#3524)),.UNSPECIFIED.,.F.,.F.,.F.)
B_SPLINE_SURFACE_WITH_KNOTS((3,3),(3,3),(0.,1.5707963267949),(-0.785398058230878,
3.67430037158525E-8),.UNSPECIFIED.)
GEOMETRIC_REPRESENTATION_ITEM()
RATIONAL_B_SPLINE_SURFACE(((1.,0.923879545603569,1.),(0.707106781186542,
0.653281491695824,0.707106781186542),(1.,0.923879545603569,1.)))
REPRESENTATION_ITEM('')
SURFACE()
);
#18=ELLIPSE('',#2372,2.16478443563787,2.);
#19=CYLINDRICAL_SURFACE('',#2358,2.19999850585051);
#20=CYLINDRICAL_SURFACE('',#2361,2.19999850585049);
#21=CYLINDRICAL_SURFACE('',#2364,1.799999521427);
#22=CYLINDRICAL_SURFACE('',#2367,2.19999952142581);
#23=CYLINDRICAL_SURFACE('',#2370,2.);
#24=CYLINDRICAL_SURFACE('',#2373,2.);
#25=CYLINDRICAL_SURFACE('',#2379,2.);
#26=CYLINDRICAL_SURFACE('',#2384,2.);
#27=CYLINDRICAL_SURFACE('',#2388,2.);
#28=CYLINDRICAL_SURFACE('',#2392,3.9999995214258);
#29=CYLINDRICAL_SURFACE('',#2396,3.99999850585027);
#30=CYLINDRICAL_SURFACE('',#2399,3.99999850585028);
#31=CYLINDRICAL_SURFACE('',#2402,2.5);
#32=CYLINDRICAL_SURFACE('',#2407,2.2);
#33=CYLINDRICAL_SURFACE('',#2408,1.5);
#34=CYLINDRICAL_SURFACE('',#2412,1.5);
#35=CYLINDRICAL_SURFACE('',#2416,1.5);
#36=CYLINDRICAL_SURFACE('',#2420,1.5);
#37=CYLINDRICAL_SURFACE('',#2431,2.2);
#38=CYLINDRICAL_SURFACE('',#2434,2.2);
#39=CYLINDRICAL_SURFACE('',#2437,2.2);
#40=CYLINDRICAL_SURFACE('',#2440,2.);
#41=CYLINDRICAL_SURFACE('',#2442,2.);
#42=CYLINDRICAL_SURFACE('',#2443,2.);
#43=CYLINDRICAL_SURFACE('',#2444,2.);
#44=CYLINDRICAL_SURFACE('',#2446,2.);
#45=CYLINDRICAL_SURFACE('',#2457,2.19999850585049);
#46=CYLINDRICAL_SURFACE('',#2460,2.19999952142599);
#47=CYLINDRICAL_SURFACE('',#2463,1.799870744281);
#48=CYLINDRICAL_SURFACE('',#2466,2.19987538803871);
#49=CYLINDRICAL_SURFACE('',#2469,2.2001050908681);
#50=CYLINDRICAL_SURFACE('',#2471,3.99999850585027);
#51=CYLINDRICAL_SURFACE('',#2475,5.29999952142685);
#52=CYLINDRICAL_SURFACE('',#2479,3.99999952142597);
#53=CYLINDRICAL_SURFACE('',#2483,3.99987538803872);
#54=CYLINDRICAL_SURFACE('',#2486,4.00010509091141);
#55=FACE_BOUND('',#273,.T.);
#56=FACE_BOUND('',#274,.T.);
#57=FACE_BOUND('',#275,.T.);
#58=FACE_BOUND('',#276,.T.);
#59=FACE_BOUND('',#277,.T.);
#60=FACE_BOUND('',#278,.T.);
#61=FACE_BOUND('',#279,.T.);
#62=FACE_BOUND('',#280,.T.);
#63=FACE_BOUND('',#281,.T.);
#64=FACE_BOUND('',#283,.T.);
#65=FACE_BOUND('',#284,.T.);
#66=FACE_BOUND('',#285,.T.);
#67=FACE_BOUND('',#286,.T.);
#68=FACE_BOUND('',#287,.T.);
#69=FACE_BOUND('',#288,.T.);
#70=FACE_BOUND('',#289,.T.);
#71=FACE_BOUND('',#290,.T.);
#72=FACE_BOUND('',#291,.T.);
#73=FACE_BOUND('',#292,.T.);
#74=FACE_BOUND('',#293,.T.);
#75=FACE_BOUND('',#294,.T.);
#76=FACE_BOUND('',#295,.T.);
#77=FACE_BOUND('',#384,.T.);
#78=FACE_BOUND('',#387,.T.);
#79=FACE_BOUND('',#402,.T.);
#80=CIRCLE('',#2306,2.);
#81=CIRCLE('',#2307,2.5);
#82=CIRCLE('',#2308,2.);
#83=CIRCLE('',#2309,2.);
#84=CIRCLE('',#2310,5.29999952142685);
#85=CIRCLE('',#2311,2.);
#86=CIRCLE('',#2312,2.);
#87=CIRCLE('',#2314,2.19999952142581);
#88=CIRCLE('',#2315,1.799999521427);
#89=CIRCLE('',#2316,2.19999850585049);
#90=CIRCLE('',#2317,2.19999850585051);
#91=CIRCLE('',#2318,2.2);
#92=CIRCLE('',#2319,2.2);
#93=CIRCLE('',#2320,2.2);
#94=CIRCLE('',#2321,2.2);
#95=CIRCLE('',#2359,2.19999850585051);
#96=CIRCLE('',#2362,2.19999850585049);
#97=CIRCLE('',#2365,1.799999521427);
#98=CIRCLE('',#2368,2.19999952142581);
#99=CIRCLE('',#2371,2.);
#100=CIRCLE('',#2374,2.);
#101=CIRCLE('',#2375,2.);
#102=CIRCLE('',#2376,2.00000000000028);
#103=CIRCLE('',#2377,1.99999850585028);
#104=CIRCLE('',#2378,3.99999850585028);
#105=CIRCLE('',#2380,2.);
#106=CIRCLE('',#2381,2.00000000000028);
#107=CIRCLE('',#2382,1.99999850585027);
#108=CIRCLE('',#2383,3.99999850585027);
#109=CIRCLE('',#2385,2.00000000000002);
#110=CIRCLE('',#2386,1.99999952142579);
#111=CIRCLE('',#2387,3.99999952142579);
#112=CIRCLE('',#2389,2.);
#113=CIRCLE('',#2393,3.9999995214258);
#114=CIRCLE('',#2397,3.99999850585027);
#115=CIRCLE('',#2400,3.99999850585028);
#116=CIRCLE('',#2403,2.5);
#117=CIRCLE('',#2406,2.2);
#118=CIRCLE('',#2409,1.5);
#119=CIRCLE('',#2410,1.5);
#120=CIRCLE('',#2413,1.5);
#121=CIRCLE('',#2414,1.5);
#122=CIRCLE('',#2417,1.5);
#123=CIRCLE('',#2418,1.5);
#124=CIRCLE('',#2421,1.5);
#125=CIRCLE('',#2422,1.5);
#126=CIRCLE('',#2425,2.);
#127=CIRCLE('',#2426,2.);
#128=CIRCLE('',#2427,5.29999952142685);
#129=CIRCLE('',#2428,2.);
#130=CIRCLE('',#2429,2.);
#131=CIRCLE('',#2430,2.);
#132=CIRCLE('',#2432,2.2);
#133=CIRCLE('',#2435,2.2);
#134=CIRCLE('',#2438,2.2);
#135=CIRCLE('',#2448,3.99999850585027);
#136=CIRCLE('',#2449,3.99999952142597);
#137=CIRCLE('',#2450,3.99987538803872);
#138=CIRCLE('',#2451,4.00010509091141);
#139=CIRCLE('',#2452,2.2001050908681);
#140=CIRCLE('',#2453,2.19987538803871);
#141=CIRCLE('',#2454,1.799870744281);
#142=CIRCLE('',#2455,2.19999952142599);
#143=CIRCLE('',#2456,2.19999850585049);
#144=CIRCLE('',#2458,2.19999850585049);
#145=CIRCLE('',#2461,2.19999952142599);
#146=CIRCLE('',#2464,1.799870744281);
#147=CIRCLE('',#2467,2.19987538803871);
#148=CIRCLE('',#2470,2.2001050908681);
#149=CIRCLE('',#2472,3.99999850585027);
#150=CIRCLE('',#2480,3.99999952142597);
#151=CIRCLE('',#2484,3.99987538803872);
#152=CIRCLE('',#2487,4.00010509091141);
#153=FACE_OUTER_BOUND('',#269,.T.);
#154=FACE_OUTER_BOUND('',#270,.T.);
#155=FACE_OUTER_BOUND('',#271,.T.);
#156=FACE_OUTER_BOUND('',#272,.T.);
#157=FACE_OUTER_BOUND('',#282,.T.);
#158=FACE_OUTER_BOUND('',#296,.T.);
#159=FACE_OUTER_BOUND('',#297,.T.);
#160=FACE_OUTER_BOUND('',#298,.T.);
#161=FACE_OUTER_BOUND('',#299,.T.);
#162=FACE_OUTER_BOUND('',#300,.T.);
#163=FACE_OUTER_BOUND('',#301,.T.);
#164=FACE_OUTER_BOUND('',#302,.T.);
#165=FACE_OUTER_BOUND('',#303,.T.);
#166=FACE_OUTER_BOUND('',#304,.T.);
#167=FACE_OUTER_BOUND('',#305,.T.);
#168=FACE_OUTER_BOUND('',#306,.T.);
#169=FACE_OUTER_BOUND('',#307,.T.);
#170=FACE_OUTER_BOUND('',#308,.T.);
#171=FACE_OUTER_BOUND('',#309,.T.);
#172=FACE_OUTER_BOUND('',#310,.T.);
#173=FACE_OUTER_BOUND('',#311,.T.);
#174=FACE_OUTER_BOUND('',#312,.T.);
#175=FACE_OUTER_BOUND('',#313,.T.);
#176=FACE_OUTER_BOUND('',#314,.T.);
#177=FACE_OUTER_BOUND('',#315,.T.);
#178=FACE_OUTER_BOUND('',#316,.T.);
#179=FACE_OUTER_BOUND('',#317,.T.);
#180=FACE_OUTER_BOUND('',#318,.T.);
#181=FACE_OUTER_BOUND('',#319,.T.);
#182=FACE_OUTER_BOUND('',#320,.T.);
#183=FACE_OUTER_BOUND('',#321,.T.);
#184=FACE_OUTER_BOUND('',#322,.T.);
#185=FACE_OUTER_BOUND('',#323,.T.);
#186=FACE_OUTER_BOUND('',#324,.T.);
#187=FACE_OUTER_BOUND('',#325,.T.);
#188=FACE_OUTER_BOUND('',#326,.T.);
#189=FACE_OUTER_BOUND('',#327,.T.);
#190=FACE_OUTER_BOUND('',#328,.T.);
#191=FACE_OUTER_BOUND('',#329,.T.);
#192=FACE_OUTER_BOUND('',#330,.T.);
#193=FACE_OUTER_BOUND('',#331,.T.);
#194=FACE_OUTER_BOUND('',#332,.T.);
#195=FACE_OUTER_BOUND('',#333,.T.);
#196=FACE_OUTER_BOUND('',#334,.T.);
#197=FACE_OUTER_BOUND('',#335,.T.);
#198=FACE_OUTER_BOUND('',#336,.T.);
#199=FACE_OUTER_BOUND('',#337,.T.);
#200=FACE_OUTER_BOUND('',#338,.T.);
#201=FACE_OUTER_BOUND('',#339,.T.);
#202=FACE_OUTER_BOUND('',#340,.T.);
#203=FACE_OUTER_BOUND('',#341,.T.);
#204=FACE_OUTER_BOUND('',#342,.T.);
#205=FACE_OUTER_BOUND('',#343,.T.);
#206=FACE_OUTER_BOUND('',#344,.T.);
#207=FACE_OUTER_BOUND('',#345,.T.);
#208=FACE_OUTER_BOUND('',#346,.T.);
#209=FACE_OUTER_BOUND('',#347,.T.);
#210=FACE_OUTER_BOUND('',#348,.T.);
#211=FACE_OUTER_BOUND('',#349,.T.);
#212=FACE_OUTER_BOUND('',#350,.T.);
#213=FACE_OUTER_BOUND('',#351,.T.);
#214=FACE_OUTER_BOUND('',#352,.T.);
#215=FACE_OUTER_BOUND('',#353,.T.);
#216=FACE_OUTER_BOUND('',#354,.T.);
#217=FACE_OUTER_BOUND('',#355,.T.);
#218=FACE_OUTER_BOUND('',#356,.T.);
#219=FACE_OUTER_BOUND('',#357,.T.);
#220=FACE_OUTER_BOUND('',#358,.T.);
#221=FACE_OUTER_BOUND('',#359,.T.);
#222=FACE_OUTER_BOUND('',#360,.T.);
#223=FACE_OUTER_BOUND('',#361,.T.);
#224=FACE_OUTER_BOUND('',#362,.T.);
#225=FACE_OUTER_BOUND('',#363,.T.);
#226=FACE_OUTER_BOUND('',#364,.T.);
#227=FACE_OUTER_BOUND('',#365,.T.);
#228=FACE_OUTER_BOUND('',#366,.T.);
#229=FACE_OUTER_BOUND('',#367,.T.);
#230=FACE_OUTER_BOUND('',#368,.T.);
#231=FACE_OUTER_BOUND('',#369,.T.);
#232=FACE_OUTER_BOUND('',#370,.T.);
#233=FACE_OUTER_BOUND('',#371,.T.);
#234=FACE_OUTER_BOUND('',#372,.T.);
#235=FACE_OUTER_BOUND('',#373,.T.);
#236=FACE_OUTER_BOUND('',#374,.T.);
#237=FACE_OUTER_BOUND('',#375,.T.);
#238=FACE_OUTER_BOUND('',#376,.T.);
#239=FACE_OUTER_BOUND('',#377,.T.);
#240=FACE_OUTER_BOUND('',#378,.T.);
#241=FACE_OUTER_BOUND('',#379,.T.);
#242=FACE_OUTER_BOUND('',#380,.T.);
#243=FACE_OUTER_BOUND('',#381,.T.);
#244=FACE_OUTER_BOUND('',#382,.T.);
#245=FACE_OUTER_BOUND('',#383,.T.);
#246=FACE_OUTER_BOUND('',#385,.T.);
#247=FACE_OUTER_BOUND('',#386,.T.);
#248=FACE_OUTER_BOUND('',#388,.T.);
#249=FACE_OUTER_BOUND('',#389,.T.);
#250=FACE_OUTER_BOUND('',#390,.T.);
#251=FACE_OUTER_BOUND('',#391,.T.);
#252=FACE_OUTER_BOUND('',#392,.T.);
#253=FACE_OUTER_BOUND('',#393,.T.);
#254=FACE_OUTER_BOUND('',#394,.T.);
#255=FACE_OUTER_BOUND('',#395,.T.);
#256=FACE_OUTER_BOUND('',#396,.T.);
#257=FACE_OUTER_BOUND('',#397,.T.);
#258=FACE_OUTER_BOUND('',#398,.T.);
#259=FACE_OUTER_BOUND('',#399,.T.);
#260=FACE_OUTER_BOUND('',#400,.T.);
#261=FACE_OUTER_BOUND('',#401,.T.);
#262=FACE_OUTER_BOUND('',#403,.T.);
#263=FACE_OUTER_BOUND('',#404,.T.);
#264=FACE_OUTER_BOUND('',#405,.T.);
#265=FACE_OUTER_BOUND('',#406,.T.);
#266=FACE_OUTER_BOUND('',#407,.T.);
#267=FACE_OUTER_BOUND('',#408,.T.);
#268=FACE_OUTER_BOUND('',#409,.T.);
#269=EDGE_LOOP('',(#1447,#1448,#1449,#1450));
#270=EDGE_LOOP('',(#1451,#1452,#1453,#1454));
#271=EDGE_LOOP('',(#1455,#1456,#1457,#1458));
#272=EDGE_LOOP('',(#1459,#1460,#1461,#1462,#1463,#1464,#1465,#1466,#1467,
#1468,#1469,#1470,#1471,#1472,#1473,#1474,#1475));
#273=EDGE_LOOP('',(#1476,#1477,#1478,#1479));
#274=EDGE_LOOP('',(#1480,#1481,#1482,#1483));
#275=EDGE_LOOP('',(#1484,#1485,#1486,#1487));
#276=EDGE_LOOP('',(#1488,#1489,#1490,#1491));
#277=EDGE_LOOP('',(#1492,#1493,#1494,#1495));
#278=EDGE_LOOP('',(#1496,#1497,#1498,#1499));
#279=EDGE_LOOP('',(#1500,#1501,#1502,#1503));
#280=EDGE_LOOP('',(#1504,#1505,#1506,#1507));
#281=EDGE_LOOP('',(#1508,#1509,#1510,#1511));
#282=EDGE_LOOP('',(#1512,#1513,#1514,#1515,#1516,#1517,#1518,#1519,#1520,
#1521));
#283=EDGE_LOOP('',(#1522));
#284=EDGE_LOOP('',(#1523));
#285=EDGE_LOOP('',(#1524,#1525,#1526,#1527));
#286=EDGE_LOOP('',(#1528,#1529,#1530,#1531));
#287=EDGE_LOOP('',(#1532,#1533,#1534,#1535));
#288=EDGE_LOOP('',(#1536,#1537,#1538,#1539));
#289=EDGE_LOOP('',(#1540,#1541,#1542,#1543));
#290=EDGE_LOOP('',(#1544,#1545,#1546,#1547));
#291=EDGE_LOOP('',(#1548,#1549,#1550,#1551));
#292=EDGE_LOOP('',(#1552,#1553,#1554,#1555));
#293=EDGE_LOOP('',(#1556,#1557,#1558,#1559));
#294=EDGE_LOOP('',(#1560));
#295=EDGE_LOOP('',(#1561));
#296=EDGE_LOOP('',(#1562,#1563,#1564,#1565));
#297=EDGE_LOOP('',(#1566,#1567,#1568,#1569));
#298=EDGE_LOOP('',(#1570,#1571,#1572,#1573));
#299=EDGE_LOOP('',(#1574,#1575,#1576,#1577));
#300=EDGE_LOOP('',(#1578,#1579,#1580,#1581));
#301=EDGE_LOOP('',(#1582,#1583,#1584,#1585));
#302=EDGE_LOOP('',(#1586,#1587,#1588,#1589));
#303=EDGE_LOOP('',(#1590,#1591,#1592,#1593));
#304=EDGE_LOOP('',(#1594,#1595,#1596,#1597));
#305=EDGE_LOOP('',(#1598,#1599,#1600,#1601));
#306=EDGE_LOOP('',(#1602,#1603,#1604,#1605));
#307=EDGE_LOOP('',(#1606,#1607,#1608,#1609));
#308=EDGE_LOOP('',(#1610,#1611,#1612,#1613));
#309=EDGE_LOOP('',(#1614,#1615,#1616,#1617));
#310=EDGE_LOOP('',(#1618,#1619,#1620,#1621));
#311=EDGE_LOOP('',(#1622,#1623,#1624,#1625));
#312=EDGE_LOOP('',(#1626,#1627,#1628,#1629));
#313=EDGE_LOOP('',(#1630,#1631,#1632,#1633));
#314=EDGE_LOOP('',(#1634,#1635,#1636,#1637));
#315=EDGE_LOOP('',(#1638,#1639,#1640,#1641));
#316=EDGE_LOOP('',(#1642,#1643,#1644,#1645));
#317=EDGE_LOOP('',(#1646,#1647,#1648,#1649));
#318=EDGE_LOOP('',(#1650,#1651,#1652,#1653));
#319=EDGE_LOOP('',(#1654,#1655,#1656,#1657));
#320=EDGE_LOOP('',(#1658,#1659,#1660,#1661));
#321=EDGE_LOOP('',(#1662,#1663,#1664,#1665));
#322=EDGE_LOOP('',(#1666,#1667,#1668,#1669));
#323=EDGE_LOOP('',(#1670,#1671,#1672,#1673));
#324=EDGE_LOOP('',(#1674,#1675,#1676,#1677));
#325=EDGE_LOOP('',(#1678,#1679,#1680,#1681));
#326=EDGE_LOOP('',(#1682,#1683,#1684,#1685));
#327=EDGE_LOOP('',(#1686,#1687,#1688,#1689));
#328=EDGE_LOOP('',(#1690,#1691,#1692,#1693));
#329=EDGE_LOOP('',(#1694,#1695,#1696,#1697));
#330=EDGE_LOOP('',(#1698,#1699,#1700,#1701));
#331=EDGE_LOOP('',(#1702,#1703,#1704,#1705));
#332=EDGE_LOOP('',(#1706,#1707,#1708,#1709));
#333=EDGE_LOOP('',(#1710,#1711,#1712,#1713));
#334=EDGE_LOOP('',(#1714,#1715,#1716,#1717));
#335=EDGE_LOOP('',(#1718,#1719,#1720,#1721));
#336=EDGE_LOOP('',(#1722,#1723,#1724,#1725));
#337=EDGE_LOOP('',(#1726,#1727,#1728,#1729));
#338=EDGE_LOOP('',(#1730,#1731,#1732,#1733));
#339=EDGE_LOOP('',(#1734,#1735,#1736,#1737,#1738,#1739,#1740,#1741,#1742,
#1743));
#340=EDGE_LOOP('',(#1744,#1745,#1746,#1747));
#341=EDGE_LOOP('',(#1748,#1749,#1750,#1751));
#342=EDGE_LOOP('',(#1752,#1753,#1754,#1755));
#343=EDGE_LOOP('',(#1756,#1757,#1758,#1759));
#344=EDGE_LOOP('',(#1760,#1761,#1762,#1763));
#345=EDGE_LOOP('',(#1764,#1765,#1766,#1767));
#346=EDGE_LOOP('',(#1768,#1769,#1770,#1771));
#347=EDGE_LOOP('',(#1772,#1773,#1774,#1775));
#348=EDGE_LOOP('',(#1776,#1777,#1778,#1779,#1780,#1781));
#349=EDGE_LOOP('',(#1782,#1783,#1784,#1785,#1786));
#350=EDGE_LOOP('',(#1787,#1788,#1789,#1790));
#351=EDGE_LOOP('',(#1791,#1792,#1793,#1794));
#352=EDGE_LOOP('',(#1795,#1796,#1797,#1798));
#353=EDGE_LOOP('',(#1799,#1800,#1801,#1802));
#354=EDGE_LOOP('',(#1803,#1804,#1805,#1806));
#355=EDGE_LOOP('',(#1807,#1808,#1809,#1810));
#356=EDGE_LOOP('',(#1811,#1812,#1813,#1814,#1815));
#357=EDGE_LOOP('',(#1816,#1817,#1818,#1819));
#358=EDGE_LOOP('',(#1820,#1821,#1822,#1823));
#359=EDGE_LOOP('',(#1824));
#360=EDGE_LOOP('',(#1825,#1826,#1827,#1828));
#361=EDGE_LOOP('',(#1829,#1830,#1831,#1832));
#362=EDGE_LOOP('',(#1833,#1834,#1835,#1836));
#363=EDGE_LOOP('',(#1837,#1838,#1839,#1840));
#364=EDGE_LOOP('',(#1841,#1842,#1843,#1844));
#365=EDGE_LOOP('',(#1845,#1846,#1847,#1848));
#366=EDGE_LOOP('',(#1849,#1850,#1851,#1852));
#367=EDGE_LOOP('',(#1853,#1854,#1855,#1856));
#368=EDGE_LOOP('',(#1857,#1858,#1859,#1860));
#369=EDGE_LOOP('',(#1861,#1862,#1863,#1864,#1865,#1866,#1867,#1868,#1869,
#1870,#1871,#1872,#1873,#1874,#1875,#1876,#1877,#1878,#1879,#1880,#1881,
#1882));
#370=EDGE_LOOP('',(#1883,#1884,#1885,#1886));
#371=EDGE_LOOP('',(#1887));
#372=EDGE_LOOP('',(#1888,#1889,#1890,#1891));
#373=EDGE_LOOP('',(#1892));
#374=EDGE_LOOP('',(#1893,#1894,#1895,#1896));
#375=EDGE_LOOP('',(#1897));
#376=EDGE_LOOP('',(#1898,#1899,#1900,#1901));
#377=EDGE_LOOP('',(#1902,#1903,#1904,#1905));
#378=EDGE_LOOP('',(#1906,#1907,#1908,#1909));
#379=EDGE_LOOP('',(#1910,#1911,#1912,#1913));
#380=EDGE_LOOP('',(#1914,#1915,#1916,#1917));
#381=EDGE_LOOP('',(#1918,#1919,#1920,#1921));
#382=EDGE_LOOP('',(#1922,#1923,#1924,#1925));
#383=EDGE_LOOP('',(#1926,#1927,#1928,#1929,#1930,#1931,#1932,#1933,#1934,
#1935,#1936,#1937,#1938,#1939,#1940,#1941));
#384=EDGE_LOOP('',(#1942,#1943,#1944,#1945,#1946,#1947,#1948,#1949,#1950,
#1951,#1952,#1953,#1954,#1955,#1956,#1957,#1958,#1959));
#385=EDGE_LOOP('',(#1960,#1961,#1962,#1963));
#386=EDGE_LOOP('',(#1964,#1965,#1966,#1967));
#387=EDGE_LOOP('',(#1968,#1969,#1970,#1971,#1972,#1973,#1974,#1975));
#388=EDGE_LOOP('',(#1976,#1977,#1978,#1979));
#389=EDGE_LOOP('',(#1980,#1981,#1982,#1983));
#390=EDGE_LOOP('',(#1984,#1985,#1986,#1987));
#391=EDGE_LOOP('',(#1988,#1989,#1990,#1991));
#392=EDGE_LOOP('',(#1992,#1993,#1994,#1995));
#393=EDGE_LOOP('',(#1996,#1997,#1998,#1999));
#394=EDGE_LOOP('',(#2000,#2001,#2002,#2003));
#395=EDGE_LOOP('',(#2004,#2005,#2006,#2007));
#396=EDGE_LOOP('',(#2008,#2009,#2010,#2011,#2012,#2013));
#397=EDGE_LOOP('',(#2014,#2015,#2016,#2017));
#398=EDGE_LOOP('',(#2018,#2019,#2020,#2021));
#399=EDGE_LOOP('',(#2022,#2023,#2024,#2025));
#400=EDGE_LOOP('',(#2026,#2027,#2028,#2029,#2030,#2031,#2032,#2033,#2034,
#2035));
#401=EDGE_LOOP('',(#2036,#2037,#2038,#2039));
#402=EDGE_LOOP('',(#2040,#2041,#2042,#2043,#2044,#2045,#2046,#2047));
#403=EDGE_LOOP('',(#2048,#2049,#2050,#2051));
#404=EDGE_LOOP('',(#2052,#2053,#2054,#2055));
#405=EDGE_LOOP('',(#2056,#2057,#2058,#2059));
#406=EDGE_LOOP('',(#2060,#2061,#2062,#2063));
#407=EDGE_LOOP('',(#2064,#2065,#2066,#2067));
#408=EDGE_LOOP('',(#2068,#2069,#2070,#2071));
#409=EDGE_LOOP('',(#2072,#2073,#2074,#2075,#2076,#2077,#2078,#2079,#2080,
#2081,#2082,#2083,#2084,#2085,#2086,#2087,#2088,#2089,#2090,#2091,#2092,
#2093,#2094));
#410=LINE('',#3119,#660);
#411=LINE('',#3121,#661);
#412=LINE('',#3123,#662);
#413=LINE('',#3124,#663);
#414=LINE('',#3127,#664);
#415=LINE('',#3129,#665);
#416=LINE('',#3130,#666);
#417=LINE('',#3133,#667);
#418=LINE('',#3135,#668);
#419=LINE('',#3136,#669);
#420=LINE('',#3139,#670);
#421=LINE('',#3141,#671);
#422=LINE('',#3143,#672);
#423=LINE('',#3147,#673);
#424=LINE('',#3151,#674);
#425=LINE('',#3159,#675);
#426=LINE('',#3165,#676);
#427=LINE('',#3167,#677);
#428=LINE('',#3168,#678);
#429=LINE('',#3171,#679);
#430=LINE('',#3173,#680);
#431=LINE('',#3175,#681);
#432=LINE('',#3176,#682);
#433=LINE('',#3179,#683);
#434=LINE('',#3181,#684);
#435=LINE('',#3183,#685);
#436=LINE('',#3184,#686);
#437=LINE('',#3187,#687);
#438=LINE('',#3189,#688);
#439=LINE('',#3191,#689);
#440=LINE('',#3192,#690);
#441=LINE('',#3195,#691);
#442=LINE('',#3197,#692);
#443=LINE('',#3199,#693);
#444=LINE('',#3200,#694);
#445=LINE('',#3203,#695);
#446=LINE('',#3205,#696);
#447=LINE('',#3207,#697);
#448=LINE('',#3208,#698);
#449=LINE('',#3211,#699);
#450=LINE('',#3213,#700);
#451=LINE('',#3215,#701);
#452=LINE('',#3216,#702);
#453=LINE('',#3219,#703);
#454=LINE('',#3221,#704);
#455=LINE('',#3223,#705);
#456=LINE('',#3224,#706);
#457=LINE('',#3227,#707);
#458=LINE('',#3229,#708);
#459=LINE('',#3231,#709);
#460=LINE('',#3232,#710);
#461=LINE('',#3235,#711);
#462=LINE('',#3237,#712);
#463=LINE('',#3239,#713);
#464=LINE('',#3240,#714);
#465=LINE('',#3243,#715);
#466=LINE('',#3245,#716);
#467=LINE('',#3249,#717);
#468=LINE('',#3253,#718);
#469=LINE('',#3257,#719);
#470=LINE('',#3265,#720);
#471=LINE('',#3267,#721);
#472=LINE('',#3269,#722);
#473=LINE('',#3270,#723);
#474=LINE('',#3273,#724);
#475=LINE('',#3275,#725);
#476=LINE('',#3277,#726);
#477=LINE('',#3278,#727);
#478=LINE('',#3281,#728);
#479=LINE('',#3283,#729);
#480=LINE('',#3285,#730);
#481=LINE('',#3286,#731);
#482=LINE('',#3289,#732);
#483=LINE('',#3291,#733);
#484=LINE('',#3293,#734);
#485=LINE('',#3294,#735);
#486=LINE('',#3297,#736);
#487=LINE('',#3299,#737);
#488=LINE('',#3301,#738);
#489=LINE('',#3302,#739);
#490=LINE('',#3305,#740);
#491=LINE('',#3307,#741);
#492=LINE('',#3309,#742);
#493=LINE('',#3310,#743);
#494=LINE('',#3313,#744);
#495=LINE('',#3315,#745);
#496=LINE('',#3317,#746);
#497=LINE('',#3318,#747);
#498=LINE('',#3321,#748);
#499=LINE('',#3323,#749);
#500=LINE('',#3325,#750);
#501=LINE('',#3326,#751);
#502=LINE('',#3329,#752);
#503=LINE('',#3331,#753);
#504=LINE('',#3333,#754);
#505=LINE('',#3334,#755);
#506=LINE('',#3340,#756);
#507=LINE('',#3341,#757);
#508=LINE('',#3343,#758);
#509=LINE('',#3345,#759);
#510=LINE('',#3348,#760);
#511=LINE('',#3349,#761);
#512=LINE('',#3351,#762);
#513=LINE('',#3353,#763);
#514=LINE('',#3354,#764);
#515=LINE('',#3356,#765);
#516=LINE('',#3358,#766);
#517=LINE('',#3359,#767);
#518=LINE('',#3361,#768);
#519=LINE('',#3363,#769);
#520=LINE('',#3364,#770);
#521=LINE('',#3366,#771);
#522=LINE('',#3368,#772);
#523=LINE('',#3369,#773);
#524=LINE('',#3371,#774);
#525=LINE('',#3373,#775);
#526=LINE('',#3374,#776);
#527=LINE('',#3376,#777);
#528=LINE('',#3378,#778);
#529=LINE('',#3379,#779);
#530=LINE('',#3381,#780);
#531=LINE('',#3383,#781);
#532=LINE('',#3384,#782);
#533=LINE('',#3386,#783);
#534=LINE('',#3388,#784);
#535=LINE('',#3390,#785);
#536=LINE('',#3392,#786);
#537=LINE('',#3394,#787);
#538=LINE('',#3396,#788);
#539=LINE('',#3398,#789);
#540=LINE('',#3403,#790);
#541=LINE('',#3409,#791);
#542=LINE('',#3413,#792);
#543=LINE('',#3416,#793);
#544=LINE('',#3419,#794);
#545=LINE('',#3420,#795);
#546=LINE('',#3423,#796);
#547=LINE('',#3427,#797);
#548=LINE('',#3428,#798);
#549=LINE('',#3431,#799);
#550=LINE('',#3435,#800);
#551=LINE('',#3436,#801);
#552=LINE('',#3439,#802);
#553=LINE('',#3443,#803);
#554=LINE('',#3445,#804);
#555=LINE('',#3447,#805);
#556=LINE('',#3448,#806);
#557=LINE('',#3452,#807);
#558=LINE('',#3456,#808);
#559=LINE('',#3463,#809);
#560=LINE('',#3466,#810);
#561=LINE('',#3491,#811);
#562=LINE('',#3492,#812);
#563=LINE('',#3514,#813);
#564=LINE('',#3515,#814);
#565=LINE('',#3534,#815);
#566=LINE('',#3535,#816);
#567=LINE('',#3537,#817);
#568=LINE('',#3539,#818);
#569=LINE('',#3540,#819);
#570=LINE('',#3543,#820);
#571=LINE('',#3545,#821);
#572=LINE('',#3547,#822);
#573=LINE('',#3548,#823);
#574=LINE('',#3551,#824);
#575=LINE('',#3555,#825);
#576=LINE('',#3556,#826);
#577=LINE('',#3559,#827);
#578=LINE('',#3560,#828);
#579=LINE('',#3563,#829);
#580=LINE('',#3567,#830);
#581=LINE('',#3568,#831);
#582=LINE('',#3571,#832);
#583=LINE('',#3575,#833);
#584=LINE('',#3577,#834);
#585=LINE('',#3578,#835);
#586=LINE('',#3581,#836);
#587=LINE('',#3584,#837);
#588=LINE('',#3587,#838);
#589=LINE('',#3588,#839);
#590=LINE('',#3593,#840);
#591=LINE('',#3599,#841);
#592=LINE('',#3602,#842);
#593=LINE('',#3605,#843);
#594=LINE('',#3607,#844);
#595=LINE('',#3608,#845);
#596=LINE('',#3614,#846);
#597=LINE('',#3617,#847);
#598=LINE('',#3619,#848);
#599=LINE('',#3620,#849);
#600=LINE('',#3626,#850);
#601=LINE('',#3629,#851);
#602=LINE('',#3631,#852);
#603=LINE('',#3632,#853);
#604=LINE('',#3638,#854);
#605=LINE('',#3640,#855);
#606=LINE('',#3641,#856);
#607=LINE('',#3644,#857);
#608=LINE('',#3650,#858);
#609=LINE('',#3657,#859);
#610=LINE('',#3661,#860);
#611=LINE('',#3662,#861);
#612=LINE('',#3665,#862);
#613=LINE('',#3670,#863);
#614=LINE('',#3675,#864);
#615=LINE('',#3679,#865);
#616=LINE('',#3680,#866);
#617=LINE('',#3682,#867);
#618=LINE('',#3684,#868);
#619=LINE('',#3686,#869);
#620=LINE('',#3688,#870);
#621=LINE('',#3689,#871);
#622=LINE('',#3692,#872);
#623=LINE('',#3697,#873);
#624=LINE('',#3701,#874);
#625=LINE('',#3703,#875);
#626=LINE('',#3707,#876);
#627=LINE('',#3712,#877);
#628=LINE('',#3716,#878);
#629=LINE('',#3720,#879);
#630=LINE('',#3724,#880);
#631=LINE('',#3727,#881);
#632=LINE('',#3730,#882);
#633=LINE('',#3733,#883);
#634=LINE('',#3736,#884);
#635=LINE('',#3737,#885);
#636=LINE('',#3740,#886);
#637=LINE('',#3744,#887);
#638=LINE('',#3745,#888);
#639=LINE('',#3748,#889);
#640=LINE('',#3752,#890);
#641=LINE('',#3753,#891);
#642=LINE('',#3756,#892);
#643=LINE('',#3760,#893);
#644=LINE('',#3761,#894);
#645=LINE('',#3767,#895);
#646=LINE('',#3770,#896);
#647=LINE('',#3771,#897);
#648=LINE('',#3774,#898);
#649=LINE('',#3777,#899);
#650=LINE('',#3780,#900);
#651=LINE('',#3781,#901);
#652=LINE('',#3785,#902);
#653=LINE('',#3788,#903);
#654=LINE('',#3789,#904);
#655=LINE('',#3792,#905);
#656=LINE('',#3793,#906);
#657=LINE('',#3797,#907);
#658=LINE('',#3800,#908);
#659=LINE('',#3801,#909);
#660=VECTOR('',#2493,10.);
#661=VECTOR('',#2494,10.);
#662=VECTOR('',#2495,10.);
#663=VECTOR('',#2496,10.);
#664=VECTOR('',#2499,10.);
#665=VECTOR('',#2500,10.);
#666=VECTOR('',#2501,10.);
#667=VECTOR('',#2504,10.);
#668=VECTOR('',#2505,10.);
#669=VECTOR('',#2506,10.);
#670=VECTOR('',#2509,10.);
#671=VECTOR('',#2510,10.);
#672=VECTOR('',#2511,10.);
#673=VECTOR('',#2514,10.);
#674=VECTOR('',#2517,10.);
#675=VECTOR('',#2524,10.);
#676=VECTOR('',#2529,10.);
#677=VECTOR('',#2530,10.);
#678=VECTOR('',#2531,10.);
#679=VECTOR('',#2532,10.);
#680=VECTOR('',#2533,10.);
#681=VECTOR('',#2534,10.);
#682=VECTOR('',#2535,10.);
#683=VECTOR('',#2536,10.);
#684=VECTOR('',#2537,10.);
#685=VECTOR('',#2538,10.);
#686=VECTOR('',#2539,10.);
#687=VECTOR('',#2540,10.);
#688=VECTOR('',#2541,10.);
#689=VECTOR('',#2542,10.);
#690=VECTOR('',#2543,10.);
#691=VECTOR('',#2544,10.);
#692=VECTOR('',#2545,10.);
#693=VECTOR('',#2546,10.);
#694=VECTOR('',#2547,10.);
#695=VECTOR('',#2548,10.);
#696=VECTOR('',#2549,10.);
#697=VECTOR('',#2550,10.);
#698=VECTOR('',#2551,10.);
#699=VECTOR('',#2552,10.);
#700=VECTOR('',#2553,10.);
#701=VECTOR('',#2554,10.);
#702=VECTOR('',#2555,10.);
#703=VECTOR('',#2556,10.);
#704=VECTOR('',#2557,10.);
#705=VECTOR('',#2558,10.);
#706=VECTOR('',#2559,10.);
#707=VECTOR('',#2560,10.);
#708=VECTOR('',#2561,10.);
#709=VECTOR('',#2562,10.);
#710=VECTOR('',#2563,10.);
#711=VECTOR('',#2564,10.);
#712=VECTOR('',#2565,10.);
#713=VECTOR('',#2566,10.);
#714=VECTOR('',#2567,10.);
#715=VECTOR('',#2570,10.);
#716=VECTOR('',#2571,10.);
#717=VECTOR('',#2574,10.);
#718=VECTOR('',#2577,10.);
#719=VECTOR('',#2580,10.);
#720=VECTOR('',#2587,10.);
#721=VECTOR('',#2588,10.);
#722=VECTOR('',#2589,10.);
#723=VECTOR('',#2590,10.);
#724=VECTOR('',#2591,10.);
#725=VECTOR('',#2592,10.);
#726=VECTOR('',#2593,10.);
#727=VECTOR('',#2594,10.);
#728=VECTOR('',#2595,10.);
#729=VECTOR('',#2596,10.);
#730=VECTOR('',#2597,10.);
#731=VECTOR('',#2598,10.);
#732=VECTOR('',#2599,10.);
#733=VECTOR('',#2600,10.);
#734=VECTOR('',#2601,10.);
#735=VECTOR('',#2602,10.);
#736=VECTOR('',#2603,10.);
#737=VECTOR('',#2604,10.);
#738=VECTOR('',#2605,10.);
#739=VECTOR('',#2606,10.);
#740=VECTOR('',#2607,10.);
#741=VECTOR('',#2608,10.);
#742=VECTOR('',#2609,10.);
#743=VECTOR('',#2610,10.);
#744=VECTOR('',#2611,10.);
#745=VECTOR('',#2612,10.);
#746=VECTOR('',#2613,10.);
#747=VECTOR('',#2614,10.);
#748=VECTOR('',#2615,10.);
#749=VECTOR('',#2616,10.);
#750=VECTOR('',#2617,10.);
#751=VECTOR('',#2618,10.);
#752=VECTOR('',#2619,10.);
#753=VECTOR('',#2620,10.);
#754=VECTOR('',#2621,10.);
#755=VECTOR('',#2622,10.);
#756=VECTOR('',#2629,10.);
#757=VECTOR('',#2630,10.);
#758=VECTOR('',#2633,10.);
#759=VECTOR('',#2636,10.);
#760=VECTOR('',#2641,10.);
#761=VECTOR('',#2642,10.);
#762=VECTOR('',#2645,10.);
#763=VECTOR('',#2648,10.);
#764=VECTOR('',#2649,10.);
#765=VECTOR('',#2652,10.);
#766=VECTOR('',#2655,10.);
#767=VECTOR('',#2656,10.);
#768=VECTOR('',#2659,10.);
#769=VECTOR('',#2662,10.);
#770=VECTOR('',#2663,10.);
#771=VECTOR('',#2666,10.);
#772=VECTOR('',#2669,10.);
#773=VECTOR('',#2670,10.);
#774=VECTOR('',#2673,10.);
#775=VECTOR('',#2676,10.);
#776=VECTOR('',#2677,10.);
#777=VECTOR('',#2680,10.);
#778=VECTOR('',#2683,10.);
#779=VECTOR('',#2684,10.);
#780=VECTOR('',#2687,10.);
#781=VECTOR('',#2690,10.);
#782=VECTOR('',#2691,10.);
#783=VECTOR('',#2694,10.);
#784=VECTOR('',#2697,10.);
#785=VECTOR('',#2700,10.);
#786=VECTOR('',#2703,10.);
#787=VECTOR('',#2706,10.);
#788=VECTOR('',#2709,10.);
#789=VECTOR('',#2712,10.);
#790=VECTOR('',#2721,10.);
#791=VECTOR('',#2732,10.);
#792=VECTOR('',#2737,10.);
#793=VECTOR('',#2740,10.);
#794=VECTOR('',#2743,10.);
#795=VECTOR('',#2744,10.);
#796=VECTOR('',#2747,10.);
#797=VECTOR('',#2752,10.);
#798=VECTOR('',#2753,10.);
#799=VECTOR('',#2756,10.);
#800=VECTOR('',#2761,10.);
#801=VECTOR('',#2762,10.);
#802=VECTOR('',#2765,10.);
#803=VECTOR('',#2770,10.);
#804=VECTOR('',#2771,10.);
#805=VECTOR('',#2772,10.);
#806=VECTOR('',#2773,10.);
#807=VECTOR('',#2776,10.);
#808=VECTOR('',#2779,10.);
#809=VECTOR('',#2786,10.);
#810=VECTOR('',#2789,10.);
#811=VECTOR('',#2800,10.);
#812=VECTOR('',#2801,10.);
#813=VECTOR('',#2810,10.);
#814=VECTOR('',#2811,10.);
#815=VECTOR('',#2822,10.);
#816=VECTOR('',#2823,10.);
#817=VECTOR('',#2826,10.);
#818=VECTOR('',#2827,10.);
#819=VECTOR('',#2828,10.);
#820=VECTOR('',#2831,10.);
#821=VECTOR('',#2832,10.);
#822=VECTOR('',#2833,10.);
#823=VECTOR('',#2834,10.);
#824=VECTOR('',#2837,10.);
#825=VECTOR('',#2842,10.);
#826=VECTOR('',#2843,10.);
#827=VECTOR('',#2846,10.);
#828=VECTOR('',#2847,10.);
#829=VECTOR('',#2850,10.);
#830=VECTOR('',#2855,10.);
#831=VECTOR('',#2856,10.);
#832=VECTOR('',#2859,10.);
#833=VECTOR('',#2864,10.);
#834=VECTOR('',#2865,10.);
#835=VECTOR('',#2866,10.);
#836=VECTOR('',#2869,10.);
#837=VECTOR('',#2872,10.);
#838=VECTOR('',#2875,10.);
#839=VECTOR('',#2876,10.);
#840=VECTOR('',#2883,2.2);
#841=VECTOR('',#2888,10.);
#842=VECTOR('',#2891,10.);
#843=VECTOR('',#2894,10.);
#844=VECTOR('',#2895,10.);
#845=VECTOR('',#2896,10.);
#846=VECTOR('',#2901,10.);
#847=VECTOR('',#2904,10.);
#848=VECTOR('',#2907,10.);
#849=VECTOR('',#2908,10.);
#850=VECTOR('',#2913,10.);
#851=VECTOR('',#2916,10.);
#852=VECTOR('',#2919,10.);
#853=VECTOR('',#2920,10.);
#854=VECTOR('',#2927,10.);
#855=VECTOR('',#2930,10.);
#856=VECTOR('',#2931,10.);
#857=VECTOR('',#2934,10.);
#858=VECTOR('',#2939,10.);
#859=VECTOR('',#2946,10.);
#860=VECTOR('',#2949,10.);
#861=VECTOR('',#2950,10.);
#862=VECTOR('',#2953,2.2);
#863=VECTOR('',#2960,2.2);
#864=VECTOR('',#2967,2.2);
#865=VECTOR('',#2974,10.);
#866=VECTOR('',#2975,10.);
#867=VECTOR('',#2978,10.);
#868=VECTOR('',#2981,10.);
#869=VECTOR('',#2984,10.);
#870=VECTOR('',#2987,10.);
#871=VECTOR('',#2988,10.);
#872=VECTOR('',#2993,10.);
#873=VECTOR('',#2998,10.);
#874=VECTOR('',#3001,10.);
#875=VECTOR('',#3002,10.);
#876=VECTOR('',#3005,10.);
#877=VECTOR('',#3010,10.);
#878=VECTOR('',#3013,10.);
#879=VECTOR('',#3016,10.);
#880=VECTOR('',#3019,10.);
#881=VECTOR('',#3022,10.);
#882=VECTOR('',#3025,10.);
#883=VECTOR('',#3028,10.);
#884=VECTOR('',#3031,10.);
#885=VECTOR('',#3032,10.);
#886=VECTOR('',#3035,10.);
#887=VECTOR('',#3040,10.);
#888=VECTOR('',#3041,10.);
#889=VECTOR('',#3044,10.);
#890=VECTOR('',#3049,10.);
#891=VECTOR('',#3050,10.);
#892=VECTOR('',#3053,10.);
#893=VECTOR('',#3058,10.);
#894=VECTOR('',#3059,10.);
#895=VECTOR('',#3068,10.);
#896=VECTOR('',#3071,10.);
#897=VECTOR('',#3072,10.);
#898=VECTOR('',#3077,10.);
#899=VECTOR('',#3082,10.);
#900=VECTOR('',#3085,10.);
#901=VECTOR('',#3086,10.);
#902=VECTOR('',#3091,10.);
#903=VECTOR('',#3094,10.);
#904=VECTOR('',#3095,10.);
#905=VECTOR('',#3098,10.);
#906=VECTOR('',#3099,10.);
#907=VECTOR('',#3104,10.);
#908=VECTOR('',#3107,10.);
#909=VECTOR('',#3108,10.);
#910=VERTEX_POINT('',#3117);
#911=VERTEX_POINT('',#3118);
#912=VERTEX_POINT('',#3120);
#913=VERTEX_POINT('',#3122);
#914=VERTEX_POINT('',#3126);
#915=VERTEX_POINT('',#3128);
#916=VERTEX_POINT('',#3132);
#917=VERTEX_POINT('',#3134);
#918=VERTEX_POINT('',#3138);
#919=VERTEX_POINT('',#3140);
#920=VERTEX_POINT('',#3142);
#921=VERTEX_POINT('',#3144);
#922=VERTEX_POINT('',#3146);
#923=VERTEX_POINT('',#3148);
#924=VERTEX_POINT('',#3150);
#925=VERTEX_POINT('',#3152);
#926=VERTEX_POINT('',#3154);
#927=VERTEX_POINT('',#3156);
#928=VERTEX_POINT('',#3158);
#929=VERTEX_POINT('',#3160);
#930=VERTEX_POINT('',#3162);
#931=VERTEX_POINT('',#3164);
#932=VERTEX_POINT('',#3166);
#933=VERTEX_POINT('',#3169);
#934=VERTEX_POINT('',#3170);
#935=VERTEX_POINT('',#3172);
#936=VERTEX_POINT('',#3174);
#937=VERTEX_POINT('',#3177);
#938=VERTEX_POINT('',#3178);
#939=VERTEX_POINT('',#3180);
#940=VERTEX_POINT('',#3182);
#941=VERTEX_POINT('',#3185);
#942=VERTEX_POINT('',#3186);
#943=VERTEX_POINT('',#3188);
#944=VERTEX_POINT('',#3190);
#945=VERTEX_POINT('',#3193);
#946=VERTEX_POINT('',#3194);
#947=VERTEX_POINT('',#3196);
#948=VERTEX_POINT('',#3198);
#949=VERTEX_POINT('',#3201);
#950=VERTEX_POINT('',#3202);
#951=VERTEX_POINT('',#3204);
#952=VERTEX_POINT('',#3206);
#953=VERTEX_POINT('',#3209);
#954=VERTEX_POINT('',#3210);
#955=VERTEX_POINT('',#3212);
#956=VERTEX_POINT('',#3214);
#957=VERTEX_POINT('',#3217);
#958=VERTEX_POINT('',#3218);
#959=VERTEX_POINT('',#3220);
#960=VERTEX_POINT('',#3222);
#961=VERTEX_POINT('',#3225);
#962=VERTEX_POINT('',#3226);
#963=VERTEX_POINT('',#3228);
#964=VERTEX_POINT('',#3230);
#965=VERTEX_POINT('',#3233);
#966=VERTEX_POINT('',#3234);
#967=VERTEX_POINT('',#3236);
#968=VERTEX_POINT('',#3238);
#969=VERTEX_POINT('',#3242);
#970=VERTEX_POINT('',#3244);
#971=VERTEX_POINT('',#3246);
#972=VERTEX_POINT('',#3248);
#973=VERTEX_POINT('',#3250);
#974=VERTEX_POINT('',#3252);
#975=VERTEX_POINT('',#3254);
#976=VERTEX_POINT('',#3256);
#977=VERTEX_POINT('',#3259);
#978=VERTEX_POINT('',#3261);
#979=VERTEX_POINT('',#3263);
#980=VERTEX_POINT('',#3264);
#981=VERTEX_POINT('',#3266);
#982=VERTEX_POINT('',#3268);
#983=VERTEX_POINT('',#3271);
#984=VERTEX_POINT('',#3272);
#985=VERTEX_POINT('',#3274);
#986=VERTEX_POINT('',#3276);
#987=VERTEX_POINT('',#3279);
#988=VERTEX_POINT('',#3280);
#989=VERTEX_POINT('',#3282);
#990=VERTEX_POINT('',#3284);
#991=VERTEX_POINT('',#3287);
#992=VERTEX_POINT('',#3288);
#993=VERTEX_POINT('',#3290);
#994=VERTEX_POINT('',#3292);
#995=VERTEX_POINT('',#3295);
#996=VERTEX_POINT('',#3296);
#997=VERTEX_POINT('',#3298);
#998=VERTEX_POINT('',#3300);
#999=VERTEX_POINT('',#3303);
#1000=VERTEX_POINT('',#3304);
#1001=VERTEX_POINT('',#3306);
#1002=VERTEX_POINT('',#3308);
#1003=VERTEX_POINT('',#3311);
#1004=VERTEX_POINT('',#3312);
#1005=VERTEX_POINT('',#3314);
#1006=VERTEX_POINT('',#3316);
#1007=VERTEX_POINT('',#3319);
#1008=VERTEX_POINT('',#3320);
#1009=VERTEX_POINT('',#3322);
#1010=VERTEX_POINT('',#3324);
#1011=VERTEX_POINT('',#3327);
#1012=VERTEX_POINT('',#3328);
#1013=VERTEX_POINT('',#3330);
#1014=VERTEX_POINT('',#3332);
#1015=VERTEX_POINT('',#3335);
#1016=VERTEX_POINT('',#3337);
#1017=VERTEX_POINT('',#3412);
#1018=VERTEX_POINT('',#3414);
#1019=VERTEX_POINT('',#3418);
#1020=VERTEX_POINT('',#3422);
#1021=VERTEX_POINT('',#3426);
#1022=VERTEX_POINT('',#3430);
#1023=VERTEX_POINT('',#3434);
#1024=VERTEX_POINT('',#3438);
#1025=VERTEX_POINT('',#3442);
#1026=VERTEX_POINT('',#3444);
#1027=VERTEX_POINT('',#3446);
#1028=VERTEX_POINT('',#3450);
#1029=VERTEX_POINT('',#3451);
#1030=VERTEX_POINT('',#3453);
#1031=VERTEX_POINT('',#3455);
#1032=VERTEX_POINT('',#3459);
#1033=VERTEX_POINT('',#3460);
#1034=VERTEX_POINT('',#3462);
#1035=VERTEX_POINT('',#3464);
#1036=VERTEX_POINT('',#3482);
#1037=VERTEX_POINT('',#3483);
#1038=VERTEX_POINT('',#3488);
#1039=VERTEX_POINT('',#3489);
#1040=VERTEX_POINT('',#3508);
#1041=VERTEX_POINT('',#3509);
#1042=VERTEX_POINT('',#3525);
#1043=VERTEX_POINT('',#3526);
#1044=VERTEX_POINT('',#3531);
#1045=VERTEX_POINT('',#3532);
#1046=VERTEX_POINT('',#3538);
#1047=VERTEX_POINT('',#3542);
#1048=VERTEX_POINT('',#3544);
#1049=VERTEX_POINT('',#3546);
#1050=VERTEX_POINT('',#3550);
#1051=VERTEX_POINT('',#3554);
#1052=VERTEX_POINT('',#3558);
#1053=VERTEX_POINT('',#3562);
#1054=VERTEX_POINT('',#3566);
#1055=VERTEX_POINT('',#3570);
#1056=VERTEX_POINT('',#3574);
#1057=VERTEX_POINT('',#3576);
#1058=VERTEX_POINT('',#3580);
#1059=VERTEX_POINT('',#3582);
#1060=VERTEX_POINT('',#3586);
#1061=VERTEX_POINT('',#3590);
#1062=VERTEX_POINT('',#3595);
#1063=VERTEX_POINT('',#3596);
#1064=VERTEX_POINT('',#3598);
#1065=VERTEX_POINT('',#3600);
#1066=VERTEX_POINT('',#3604);
#1067=VERTEX_POINT('',#3606);
#1068=VERTEX_POINT('',#3610);
#1069=VERTEX_POINT('',#3611);
#1070=VERTEX_POINT('',#3613);
#1071=VERTEX_POINT('',#3615);
#1072=VERTEX_POINT('',#3622);
#1073=VERTEX_POINT('',#3623);
#1074=VERTEX_POINT('',#3625);
#1075=VERTEX_POINT('',#3627);
#1076=VERTEX_POINT('',#3634);
#1077=VERTEX_POINT('',#3636);
#1078=VERTEX_POINT('',#3643);
#1079=VERTEX_POINT('',#3645);
#1080=VERTEX_POINT('',#3647);
#1081=VERTEX_POINT('',#3649);
#1082=VERTEX_POINT('',#3651);
#1083=VERTEX_POINT('',#3653);
#1084=VERTEX_POINT('',#3656);
#1085=VERTEX_POINT('',#3658);
#1086=VERTEX_POINT('',#3660);
#1087=VERTEX_POINT('',#3664);
#1088=VERTEX_POINT('',#3669);
#1089=VERTEX_POINT('',#3674);
#1090=VERTEX_POINT('',#3694);
#1091=VERTEX_POINT('',#3696);
#1092=VERTEX_POINT('',#3698);
#1093=VERTEX_POINT('',#3700);
#1094=VERTEX_POINT('',#3702);
#1095=VERTEX_POINT('',#3704);
#1096=VERTEX_POINT('',#3706);
#1097=VERTEX_POINT('',#3709);
#1098=VERTEX_POINT('',#3711);
#1099=VERTEX_POINT('',#3713);
#1100=VERTEX_POINT('',#3715);
#1101=VERTEX_POINT('',#3717);
#1102=VERTEX_POINT('',#3719);
#1103=VERTEX_POINT('',#3721);
#1104=VERTEX_POINT('',#3723);
#1105=VERTEX_POINT('',#3725);
#1106=VERTEX_POINT('',#3729);
#1107=VERTEX_POINT('',#3731);
#1108=VERTEX_POINT('',#3735);
#1109=VERTEX_POINT('',#3739);
#1110=VERTEX_POINT('',#3743);
#1111=VERTEX_POINT('',#3747);
#1112=VERTEX_POINT('',#3751);
#1113=VERTEX_POINT('',#3755);
#1114=VERTEX_POINT('',#3759);
#1115=VERTEX_POINT('',#3765);
#1116=VERTEX_POINT('',#3769);
#1117=VERTEX_POINT('',#3779);
#1118=VERTEX_POINT('',#3783);
#1119=VERTEX_POINT('',#3787);
#1120=VERTEX_POINT('',#3791);
#1121=VERTEX_POINT('',#3795);
#1122=VERTEX_POINT('',#3799);
#1123=EDGE_CURVE('',#910,#911,#410,.T.);
#1124=EDGE_CURVE('',#910,#912,#411,.T.);
#1125=EDGE_CURVE('',#913,#912,#412,.T.);
#1126=EDGE_CURVE('',#913,#911,#413,.T.);
#1127=EDGE_CURVE('',#914,#910,#414,.T.);
#1128=EDGE_CURVE('',#914,#915,#415,.T.);
#1129=EDGE_CURVE('',#912,#915,#416,.T.);
#1130=EDGE_CURVE('',#916,#914,#417,.T.);
#1131=EDGE_CURVE('',#917,#916,#418,.T.);
#1132=EDGE_CURVE('',#915,#917,#419,.T.);
#1133=EDGE_CURVE('',#918,#916,#420,.T.);
#1134=EDGE_CURVE('',#919,#918,#421,.T.);
#1135=EDGE_CURVE('',#920,#919,#422,.T.);
#1136=EDGE_CURVE('',#921,#920,#80,.T.);
#1137=EDGE_CURVE('',#922,#921,#423,.T.);
#1138=EDGE_CURVE('',#923,#922,#81,.T.);
#1139=EDGE_CURVE('',#924,#923,#424,.T.);
#1140=EDGE_CURVE('',#925,#924,#82,.T.);
#1141=EDGE_CURVE('',#926,#925,#83,.T.);
#1142=EDGE_CURVE('',#927,#926,#84,.T.);
#1143=EDGE_CURVE('',#928,#927,#425,.T.);
#1144=EDGE_CURVE('',#929,#928,#85,.T.);
#1145=EDGE_CURVE('',#930,#929,#86,.T.);
#1146=EDGE_CURVE('',#931,#930,#426,.T.);
#1147=EDGE_CURVE('',#932,#931,#427,.T.);
#1148=EDGE_CURVE('',#917,#932,#428,.T.);
#1149=EDGE_CURVE('',#933,#934,#429,.T.);
#1150=EDGE_CURVE('',#935,#933,#430,.T.);
#1151=EDGE_CURVE('',#936,#935,#431,.T.);
#1152=EDGE_CURVE('',#934,#936,#432,.T.);
#1153=EDGE_CURVE('',#937,#938,#433,.T.);
#1154=EDGE_CURVE('',#939,#937,#434,.T.);
#1155=EDGE_CURVE('',#940,#939,#435,.T.);
#1156=EDGE_CURVE('',#938,#940,#436,.T.);
#1157=EDGE_CURVE('',#941,#942,#437,.T.);
#1158=EDGE_CURVE('',#943,#941,#438,.T.);
#1159=EDGE_CURVE('',#944,#943,#439,.T.);
#1160=EDGE_CURVE('',#942,#944,#440,.T.);
#1161=EDGE_CURVE('',#945,#946,#441,.T.);
#1162=EDGE_CURVE('',#947,#945,#442,.T.);
#1163=EDGE_CURVE('',#948,#947,#443,.T.);
#1164=EDGE_CURVE('',#946,#948,#444,.T.);
#1165=EDGE_CURVE('',#949,#950,#445,.T.);
#1166=EDGE_CURVE('',#951,#949,#446,.T.);
#1167=EDGE_CURVE('',#952,#951,#447,.T.);
#1168=EDGE_CURVE('',#950,#952,#448,.T.);
#1169=EDGE_CURVE('',#953,#954,#449,.T.);
#1170=EDGE_CURVE('',#955,#953,#450,.T.);
#1171=EDGE_CURVE('',#956,#955,#451,.T.);
#1172=EDGE_CURVE('',#954,#956,#452,.T.);
#1173=EDGE_CURVE('',#957,#958,#453,.T.);
#1174=EDGE_CURVE('',#959,#957,#454,.T.);
#1175=EDGE_CURVE('',#960,#959,#455,.T.);
#1176=EDGE_CURVE('',#958,#960,#456,.T.);
#1177=EDGE_CURVE('',#961,#962,#457,.T.);
#1178=EDGE_CURVE('',#963,#961,#458,.T.);
#1179=EDGE_CURVE('',#964,#963,#459,.T.);
#1180=EDGE_CURVE('',#962,#964,#460,.T.);
#1181=EDGE_CURVE('',#965,#966,#461,.T.);
#1182=EDGE_CURVE('',#966,#967,#462,.T.);
#1183=EDGE_CURVE('',#967,#968,#463,.T.);
#1184=EDGE_CURVE('',#968,#965,#464,.T.);
#1185=EDGE_CURVE('',#911,#969,#465,.T.);
#1186=EDGE_CURVE('',#970,#913,#466,.T.);
#1187=EDGE_CURVE('',#971,#970,#87,.T.);
#1188=EDGE_CURVE('',#972,#971,#467,.T.);
#1189=EDGE_CURVE('',#973,#972,#88,.T.);
#1190=EDGE_CURVE('',#974,#973,#468,.T.);
#1191=EDGE_CURVE('',#975,#974,#89,.T.);
#1192=EDGE_CURVE('',#976,#975,#469,.T.);
#1193=EDGE_CURVE('',#969,#976,#90,.T.);
#1194=EDGE_CURVE('',#977,#977,#91,.F.);
#1195=EDGE_CURVE('',#978,#978,#92,.F.);
#1196=EDGE_CURVE('',#979,#980,#470,.T.);
#1197=EDGE_CURVE('',#981,#979,#471,.T.);
#1198=EDGE_CURVE('',#982,#981,#472,.T.);
#1199=EDGE_CURVE('',#980,#982,#473,.T.);
#1200=EDGE_CURVE('',#983,#984,#474,.T.);
#1201=EDGE_CURVE('',#985,#983,#475,.T.);
#1202=EDGE_CURVE('',#986,#985,#476,.T.);
#1203=EDGE_CURVE('',#984,#986,#477,.T.);
#1204=EDGE_CURVE('',#987,#988,#478,.T.);
#1205=EDGE_CURVE('',#989,#987,#479,.T.);
#1206=EDGE_CURVE('',#990,#989,#480,.T.);
#1207=EDGE_CURVE('',#988,#990,#481,.T.);
#1208=EDGE_CURVE('',#991,#992,#482,.T.);
#1209=EDGE_CURVE('',#993,#991,#483,.T.);
#1210=EDGE_CURVE('',#994,#993,#484,.T.);
#1211=EDGE_CURVE('',#992,#994,#485,.T.);
#1212=EDGE_CURVE('',#995,#996,#486,.T.);
#1213=EDGE_CURVE('',#997,#995,#487,.T.);
#1214=EDGE_CURVE('',#998,#997,#488,.T.);
#1215=EDGE_CURVE('',#996,#998,#489,.T.);
#1216=EDGE_CURVE('',#999,#1000,#490,.T.);
#1217=EDGE_CURVE('',#1001,#999,#491,.T.);
#1218=EDGE_CURVE('',#1002,#1001,#492,.T.);
#1219=EDGE_CURVE('',#1000,#1002,#493,.T.);
#1220=EDGE_CURVE('',#1003,#1004,#494,.T.);
#1221=EDGE_CURVE('',#1005,#1003,#495,.T.);
#1222=EDGE_CURVE('',#1006,#1005,#496,.T.);
#1223=EDGE_CURVE('',#1004,#1006,#497,.T.);
#1224=EDGE_CURVE('',#1007,#1008,#498,.T.);
#1225=EDGE_CURVE('',#1009,#1007,#499,.T.);
#1226=EDGE_CURVE('',#1010,#1009,#500,.T.);
#1227=EDGE_CURVE('',#1008,#1010,#501,.T.);
#1228=EDGE_CURVE('',#1011,#1012,#502,.T.);
#1229=EDGE_CURVE('',#1012,#1013,#503,.T.);
#1230=EDGE_CURVE('',#1013,#1014,#504,.T.);
#1231=EDGE_CURVE('',#1014,#1011,#505,.T.);
#1232=EDGE_CURVE('',#1015,#1015,#93,.F.);
#1233=EDGE_CURVE('',#1016,#1016,#94,.F.);
#1234=EDGE_CURVE('',#1013,#968,#506,.T.);
#1235=EDGE_CURVE('',#1014,#967,#507,.T.);
#1236=EDGE_CURVE('',#1011,#966,#508,.T.);
#1237=EDGE_CURVE('',#965,#1012,#509,.T.);
#1238=EDGE_CURVE('',#979,#950,#510,.T.);
#1239=EDGE_CURVE('',#981,#952,#511,.T.);
#1240=EDGE_CURVE('',#980,#949,#512,.T.);
#1241=EDGE_CURVE('',#983,#946,#513,.T.);
#1242=EDGE_CURVE('',#985,#948,#514,.T.);
#1243=EDGE_CURVE('',#984,#945,#515,.T.);
#1244=EDGE_CURVE('',#987,#942,#516,.T.);
#1245=EDGE_CURVE('',#989,#944,#517,.T.);
#1246=EDGE_CURVE('',#988,#941,#518,.T.);
#1247=EDGE_CURVE('',#991,#938,#519,.T.);
#1248=EDGE_CURVE('',#993,#940,#520,.T.);
#1249=EDGE_CURVE('',#992,#937,#521,.T.);
#1250=EDGE_CURVE('',#995,#934,#522,.T.);
#1251=EDGE_CURVE('',#997,#936,#523,.T.);
#1252=EDGE_CURVE('',#996,#933,#524,.T.);
#1253=EDGE_CURVE('',#999,#961,#525,.T.);
#1254=EDGE_CURVE('',#1001,#962,#526,.T.);
#1255=EDGE_CURVE('',#1000,#963,#527,.T.);
#1256=EDGE_CURVE('',#1003,#960,#528,.T.);
#1257=EDGE_CURVE('',#1005,#959,#529,.T.);
#1258=EDGE_CURVE('',#1004,#958,#530,.T.);
#1259=EDGE_CURVE('',#1007,#953,#531,.T.);
#1260=EDGE_CURVE('',#1009,#954,#532,.T.);
#1261=EDGE_CURVE('',#1008,#955,#533,.T.);
#1262=EDGE_CURVE('',#998,#935,#534,.T.);
#1263=EDGE_CURVE('',#994,#939,#535,.T.);
#1264=EDGE_CURVE('',#990,#943,#536,.T.);
#1265=EDGE_CURVE('',#986,#947,#537,.T.);
#1266=EDGE_CURVE('',#982,#951,#538,.T.);
#1267=EDGE_CURVE('',#1006,#957,#539,.T.);
#1268=EDGE_CURVE('',#1010,#956,#540,.T.);
#1269=EDGE_CURVE('',#1002,#964,#541,.T.);
#1270=EDGE_CURVE('',#1017,#976,#542,.T.);
#1271=EDGE_CURVE('',#1017,#1018,#95,.T.);
#1272=EDGE_CURVE('',#1018,#969,#543,.T.);
#1273=EDGE_CURVE('',#1019,#975,#544,.T.);
#1274=EDGE_CURVE('',#1019,#1017,#545,.T.);
#1275=EDGE_CURVE('',#1020,#974,#546,.T.);
#1276=EDGE_CURVE('',#1020,#1019,#96,.T.);
#1277=EDGE_CURVE('',#1021,#973,#547,.T.);
#1278=EDGE_CURVE('',#1021,#1020,#548,.T.);
#1279=EDGE_CURVE('',#1022,#972,#549,.T.);
#1280=EDGE_CURVE('',#1022,#1021,#97,.T.);
#1281=EDGE_CURVE('',#971,#1023,#550,.T.);
#1282=EDGE_CURVE('',#1023,#1022,#551,.T.);
#1283=EDGE_CURVE('',#1024,#970,#552,.T.);
#1284=EDGE_CURVE('',#1024,#1023,#98,.T.);
#1285=EDGE_CURVE('',#932,#1025,#553,.T.);
#1286=EDGE_CURVE('',#1026,#1025,#554,.T.);
#1287=EDGE_CURVE('',#1027,#1026,#555,.T.);
#1288=EDGE_CURVE('',#1027,#1024,#556,.T.);
#1289=EDGE_CURVE('',#1028,#1029,#557,.T.);
#1290=EDGE_CURVE('',#1029,#1030,#99,.T.);
#1291=EDGE_CURVE('',#1030,#1031,#558,.T.);
#1292=EDGE_CURVE('',#1031,#1028,#18,.T.);
#1293=EDGE_CURVE('',#1032,#1033,#100,.T.);
#1294=EDGE_CURVE('',#1033,#1034,#559,.T.);
#1295=EDGE_CURVE('',#1034,#1035,#101,.T.);
#1296=EDGE_CURVE('',#1035,#1032,#560,.T.);
#1297=EDGE_CURVE('',#1036,#1037,#102,.T.);
#1298=EDGE_CURVE('',#1037,#1035,#103,.T.);
#1299=EDGE_CURVE('',#1034,#1036,#104,.T.);
#1300=EDGE_CURVE('',#1038,#1039,#105,.T.);
#1301=EDGE_CURVE('',#1039,#1037,#561,.T.);
#1302=EDGE_CURVE('',#1036,#1038,#562,.T.);
#1303=EDGE_CURVE('',#1040,#1041,#106,.T.);
#1304=EDGE_CURVE('',#1041,#1039,#107,.T.);
#1305=EDGE_CURVE('',#1038,#1040,#108,.T.);
#1306=EDGE_CURVE('',#1031,#1041,#563,.T.);
#1307=EDGE_CURVE('',#1040,#1028,#564,.T.);
#1308=EDGE_CURVE('',#1042,#1043,#109,.T.);
#1309=EDGE_CURVE('',#1043,#1030,#110,.T.);
#1310=EDGE_CURVE('',#1029,#1042,#111,.T.);
#1311=EDGE_CURVE('',#1044,#1045,#112,.T.);
#1312=EDGE_CURVE('',#1045,#1043,#565,.T.);
#1313=EDGE_CURVE('',#1042,#1044,#566,.T.);
#1314=EDGE_CURVE('',#1025,#1044,#567,.T.);
#1315=EDGE_CURVE('',#931,#1046,#568,.T.);
#1316=EDGE_CURVE('',#1045,#1046,#569,.T.);
#1317=EDGE_CURVE('',#1047,#1042,#570,.T.);
#1318=EDGE_CURVE('',#1047,#1048,#571,.T.);
#1319=EDGE_CURVE('',#1049,#1048,#572,.T.);
#1320=EDGE_CURVE('',#1044,#1049,#573,.T.);
#1321=EDGE_CURVE('',#1050,#1029,#574,.T.);
#1322=EDGE_CURVE('',#1050,#1047,#113,.T.);
#1323=EDGE_CURVE('',#1051,#1028,#575,.T.);
#1324=EDGE_CURVE('',#1051,#1050,#576,.T.);
#1325=EDGE_CURVE('',#1052,#1040,#577,.T.);
#1326=EDGE_CURVE('',#1052,#1051,#578,.T.);
#1327=EDGE_CURVE('',#1053,#1038,#579,.T.);
#1328=EDGE_CURVE('',#1053,#1052,#114,.T.);
#1329=EDGE_CURVE('',#1054,#1036,#580,.T.);
#1330=EDGE_CURVE('',#1054,#1053,#581,.T.);
#1331=EDGE_CURVE('',#1055,#1034,#582,.T.);
#1332=EDGE_CURVE('',#1055,#1054,#115,.T.);
#1333=EDGE_CURVE('',#1056,#1033,#583,.T.);
#1334=EDGE_CURVE('',#1057,#1056,#584,.T.);
#1335=EDGE_CURVE('',#1057,#1055,#585,.T.);
#1336=EDGE_CURVE('',#922,#1058,#586,.T.);
#1337=EDGE_CURVE('',#1058,#1059,#116,.T.);
#1338=EDGE_CURVE('',#1059,#923,#587,.T.);
#1339=EDGE_CURVE('',#1060,#1059,#588,.T.);
#1340=EDGE_CURVE('',#1060,#924,#589,.T.);
#1341=EDGE_CURVE('',#1061,#1061,#117,.F.);
#1342=EDGE_CURVE('',#977,#1061,#590,.T.);
#1343=EDGE_CURVE('',#1062,#1063,#118,.T.);
#1344=EDGE_CURVE('',#1063,#1064,#591,.T.);
#1345=EDGE_CURVE('',#1064,#1065,#119,.T.);
#1346=EDGE_CURVE('',#1065,#1062,#592,.T.);
#1347=EDGE_CURVE('',#1066,#1063,#593,.T.);
#1348=EDGE_CURVE('',#1067,#1066,#594,.T.);
#1349=EDGE_CURVE('',#1064,#1067,#595,.T.);
#1350=EDGE_CURVE('',#1068,#1069,#120,.T.);
#1351=EDGE_CURVE('',#1069,#1070,#596,.T.);
#1352=EDGE_CURVE('',#1070,#1071,#121,.T.);
#1353=EDGE_CURVE('',#1071,#1068,#597,.T.);
#1354=EDGE_CURVE('',#1070,#1065,#598,.T.);
#1355=EDGE_CURVE('',#1062,#1069,#599,.T.);
#1356=EDGE_CURVE('',#1072,#1073,#122,.T.);
#1357=EDGE_CURVE('',#1073,#1074,#600,.T.);
#1358=EDGE_CURVE('',#1074,#1075,#123,.T.);
#1359=EDGE_CURVE('',#1075,#1072,#601,.T.);
#1360=EDGE_CURVE('',#1074,#1071,#602,.T.);
#1361=EDGE_CURVE('',#1068,#1073,#603,.T.);
#1362=EDGE_CURVE('',#1076,#1067,#124,.T.);
#1363=EDGE_CURVE('',#1066,#1077,#125,.T.);
#1364=EDGE_CURVE('',#1077,#1076,#604,.T.);
#1365=EDGE_CURVE('',#1076,#1075,#605,.T.);
#1366=EDGE_CURVE('',#1072,#1077,#606,.T.);
#1367=EDGE_CURVE('',#1046,#1078,#607,.T.);
#1368=EDGE_CURVE('',#1078,#1079,#126,.T.);
#1369=EDGE_CURVE('',#1079,#1080,#127,.T.);
#1370=EDGE_CURVE('',#1080,#1081,#608,.T.);
#1371=EDGE_CURVE('',#1081,#1082,#128,.T.);
#1372=EDGE_CURVE('',#1082,#1083,#129,.T.);
#1373=EDGE_CURVE('',#1083,#1060,#130,.T.);
#1374=EDGE_CURVE('',#1084,#1058,#609,.T.);
#1375=EDGE_CURVE('',#1084,#1085,#131,.T.);
#1376=EDGE_CURVE('',#1085,#1086,#610,.T.);
#1377=EDGE_CURVE('',#1086,#1032,#611,.T.);
#1378=EDGE_CURVE('',#978,#1087,#612,.T.);
#1379=EDGE_CURVE('',#1087,#1087,#132,.T.);
#1380=EDGE_CURVE('',#1015,#1088,#613,.T.);
#1381=EDGE_CURVE('',#1088,#1088,#133,.T.);
#1382=EDGE_CURVE('',#1016,#1089,#614,.T.);
#1383=EDGE_CURVE('',#1089,#1089,#134,.T.);
#1384=EDGE_CURVE('',#920,#1085,#615,.T.);
#1385=EDGE_CURVE('',#921,#1084,#616,.T.);
#1386=EDGE_CURVE('',#919,#1086,#617,.T.);
#1387=EDGE_CURVE('',#925,#1083,#618,.T.);
#1388=EDGE_CURVE('',#926,#1082,#619,.T.);
#1389=EDGE_CURVE('',#930,#1078,#620,.T.);
#1390=EDGE_CURVE('',#929,#1079,#621,.T.);
#1391=EDGE_CURVE('',#1080,#928,#622,.T.);
#1392=EDGE_CURVE('',#1090,#1057,#135,.T.);
#1393=EDGE_CURVE('',#1091,#1090,#623,.T.);
#1394=EDGE_CURVE('',#1092,#1091,#136,.T.);
#1395=EDGE_CURVE('',#1093,#1092,#624,.T.);
#1396=EDGE_CURVE('',#1094,#1093,#625,.T.);
#1397=EDGE_CURVE('',#1095,#1094,#137,.T.);
#1398=EDGE_CURVE('',#1096,#1095,#626,.T.);
#1399=EDGE_CURVE('',#1048,#1096,#138,.T.);
#1400=EDGE_CURVE('',#1097,#1027,#139,.T.);
#1401=EDGE_CURVE('',#1098,#1097,#627,.T.);
#1402=EDGE_CURVE('',#1099,#1098,#140,.T.);
#1403=EDGE_CURVE('',#1100,#1099,#628,.T.);
#1404=EDGE_CURVE('',#1101,#1100,#141,.T.);
#1405=EDGE_CURVE('',#1102,#1101,#629,.T.);
#1406=EDGE_CURVE('',#1103,#1102,#142,.T.);
#1407=EDGE_CURVE('',#1104,#1103,#630,.T.);
#1408=EDGE_CURVE('',#1105,#1104,#143,.T.);
#1409=EDGE_CURVE('',#1018,#1105,#631,.T.);
#1410=EDGE_CURVE('',#1104,#1106,#632,.T.);
#1411=EDGE_CURVE('',#1107,#1106,#144,.T.);
#1412=EDGE_CURVE('',#1105,#1107,#633,.T.);
#1413=EDGE_CURVE('',#1103,#1108,#634,.T.);
#1414=EDGE_CURVE('',#1106,#1108,#635,.T.);
#1415=EDGE_CURVE('',#1102,#1109,#636,.T.);
#1416=EDGE_CURVE('',#1108,#1109,#145,.T.);
#1417=EDGE_CURVE('',#1101,#1110,#637,.T.);
#1418=EDGE_CURVE('',#1109,#1110,#638,.T.);
#1419=EDGE_CURVE('',#1100,#1111,#639,.T.);
#1420=EDGE_CURVE('',#1110,#1111,#146,.T.);
#1421=EDGE_CURVE('',#1099,#1112,#640,.T.);
#1422=EDGE_CURVE('',#1111,#1112,#641,.T.);
#1423=EDGE_CURVE('',#1098,#1113,#642,.T.);
#1424=EDGE_CURVE('',#1112,#1113,#147,.T.);
#1425=EDGE_CURVE('',#1097,#1114,#643,.T.);
#1426=EDGE_CURVE('',#1113,#1114,#644,.T.);
#1427=EDGE_CURVE('',#1114,#1026,#148,.T.);
#1428=EDGE_CURVE('',#1115,#1056,#149,.T.);
#1429=EDGE_CURVE('',#1090,#1115,#645,.T.);
#1430=EDGE_CURVE('',#1116,#918,#646,.T.);
#1431=EDGE_CURVE('',#1033,#1116,#647,.T.);
#1432=EDGE_CURVE('',#927,#1081,#648,.T.);
#1433=EDGE_CURVE('',#1116,#1107,#649,.T.);
#1434=EDGE_CURVE('',#1117,#1115,#650,.T.);
#1435=EDGE_CURVE('',#1091,#1117,#651,.T.);
#1436=EDGE_CURVE('',#1118,#1117,#150,.T.);
#1437=EDGE_CURVE('',#1092,#1118,#652,.T.);
#1438=EDGE_CURVE('',#1119,#1118,#653,.T.);
#1439=EDGE_CURVE('',#1093,#1119,#654,.T.);
#1440=EDGE_CURVE('',#1120,#1119,#655,.T.);
#1441=EDGE_CURVE('',#1094,#1120,#656,.T.);
#1442=EDGE_CURVE('',#1121,#1120,#151,.T.);
#1443=EDGE_CURVE('',#1095,#1121,#657,.T.);
#1444=EDGE_CURVE('',#1122,#1121,#658,.T.);
#1445=EDGE_CURVE('',#1096,#1122,#659,.T.);
#1446=EDGE_CURVE('',#1049,#1122,#152,.T.);
#1447=ORIENTED_EDGE('',*,*,#1123,.F.);
#1448=ORIENTED_EDGE('',*,*,#1124,.T.);
#1449=ORIENTED_EDGE('',*,*,#1125,.F.);
#1450=ORIENTED_EDGE('',*,*,#1126,.T.);
#1451=ORIENTED_EDGE('',*,*,#1127,.F.);
#1452=ORIENTED_EDGE('',*,*,#1128,.T.);
#1453=ORIENTED_EDGE('',*,*,#1129,.F.);
#1454=ORIENTED_EDGE('',*,*,#1124,.F.);
#1455=ORIENTED_EDGE('',*,*,#1130,.F.);
#1456=ORIENTED_EDGE('',*,*,#1131,.F.);
#1457=ORIENTED_EDGE('',*,*,#1132,.F.);
#1458=ORIENTED_EDGE('',*,*,#1128,.F.);
#1459=ORIENTED_EDGE('',*,*,#1133,.F.);
#1460=ORIENTED_EDGE('',*,*,#1134,.F.);
#1461=ORIENTED_EDGE('',*,*,#1135,.F.);
#1462=ORIENTED_EDGE('',*,*,#1136,.F.);
#1463=ORIENTED_EDGE('',*,*,#1137,.F.);
#1464=ORIENTED_EDGE('',*,*,#1138,.F.);
#1465=ORIENTED_EDGE('',*,*,#1139,.F.);
#1466=ORIENTED_EDGE('',*,*,#1140,.F.);
#1467=ORIENTED_EDGE('',*,*,#1141,.F.);
#1468=ORIENTED_EDGE('',*,*,#1142,.F.);
#1469=ORIENTED_EDGE('',*,*,#1143,.F.);
#1470=ORIENTED_EDGE('',*,*,#1144,.F.);
#1471=ORIENTED_EDGE('',*,*,#1145,.F.);
#1472=ORIENTED_EDGE('',*,*,#1146,.F.);
#1473=ORIENTED_EDGE('',*,*,#1147,.F.);
#1474=ORIENTED_EDGE('',*,*,#1148,.F.);
#1475=ORIENTED_EDGE('',*,*,#1131,.T.);
#1476=ORIENTED_EDGE('',*,*,#1149,.F.);
#1477=ORIENTED_EDGE('',*,*,#1150,.F.);
#1478=ORIENTED_EDGE('',*,*,#1151,.F.);
#1479=ORIENTED_EDGE('',*,*,#1152,.F.);
#1480=ORIENTED_EDGE('',*,*,#1153,.F.);
#1481=ORIENTED_EDGE('',*,*,#1154,.F.);
#1482=ORIENTED_EDGE('',*,*,#1155,.F.);
#1483=ORIENTED_EDGE('',*,*,#1156,.F.);
#1484=ORIENTED_EDGE('',*,*,#1157,.F.);
#1485=ORIENTED_EDGE('',*,*,#1158,.F.);
#1486=ORIENTED_EDGE('',*,*,#1159,.F.);
#1487=ORIENTED_EDGE('',*,*,#1160,.F.);
#1488=ORIENTED_EDGE('',*,*,#1161,.F.);
#1489=ORIENTED_EDGE('',*,*,#1162,.F.);
#1490=ORIENTED_EDGE('',*,*,#1163,.F.);
#1491=ORIENTED_EDGE('',*,*,#1164,.F.);
#1492=ORIENTED_EDGE('',*,*,#1165,.F.);
#1493=ORIENTED_EDGE('',*,*,#1166,.F.);
#1494=ORIENTED_EDGE('',*,*,#1167,.F.);
#1495=ORIENTED_EDGE('',*,*,#1168,.F.);
#1496=ORIENTED_EDGE('',*,*,#1169,.F.);
#1497=ORIENTED_EDGE('',*,*,#1170,.F.);
#1498=ORIENTED_EDGE('',*,*,#1171,.F.);
#1499=ORIENTED_EDGE('',*,*,#1172,.F.);
#1500=ORIENTED_EDGE('',*,*,#1173,.F.);
#1501=ORIENTED_EDGE('',*,*,#1174,.F.);
#1502=ORIENTED_EDGE('',*,*,#1175,.F.);
#1503=ORIENTED_EDGE('',*,*,#1176,.F.);
#1504=ORIENTED_EDGE('',*,*,#1177,.F.);
#1505=ORIENTED_EDGE('',*,*,#1178,.F.);
#1506=ORIENTED_EDGE('',*,*,#1179,.F.);
#1507=ORIENTED_EDGE('',*,*,#1180,.F.);
#1508=ORIENTED_EDGE('',*,*,#1181,.T.);
#1509=ORIENTED_EDGE('',*,*,#1182,.T.);
#1510=ORIENTED_EDGE('',*,*,#1183,.T.);
#1511=ORIENTED_EDGE('',*,*,#1184,.T.);
#1512=ORIENTED_EDGE('',*,*,#1185,.F.);
#1513=ORIENTED_EDGE('',*,*,#1126,.F.);
#1514=ORIENTED_EDGE('',*,*,#1186,.F.);
#1515=ORIENTED_EDGE('',*,*,#1187,.F.);
#1516=ORIENTED_EDGE('',*,*,#1188,.F.);
#1517=ORIENTED_EDGE('',*,*,#1189,.F.);
#1518=ORIENTED_EDGE('',*,*,#1190,.F.);
#1519=ORIENTED_EDGE('',*,*,#1191,.F.);
#1520=ORIENTED_EDGE('',*,*,#1192,.F.);
#1521=ORIENTED_EDGE('',*,*,#1193,.F.);
#1522=ORIENTED_EDGE('',*,*,#1194,.T.);
#1523=ORIENTED_EDGE('',*,*,#1195,.T.);
#1524=ORIENTED_EDGE('',*,*,#1196,.F.);
#1525=ORIENTED_EDGE('',*,*,#1197,.F.);
#1526=ORIENTED_EDGE('',*,*,#1198,.F.);
#1527=ORIENTED_EDGE('',*,*,#1199,.F.);
#1528=ORIENTED_EDGE('',*,*,#1200,.F.);
#1529=ORIENTED_EDGE('',*,*,#1201,.F.);
#1530=ORIENTED_EDGE('',*,*,#1202,.F.);
#1531=ORIENTED_EDGE('',*,*,#1203,.F.);
#1532=ORIENTED_EDGE('',*,*,#1204,.F.);
#1533=ORIENTED_EDGE('',*,*,#1205,.F.);
#1534=ORIENTED_EDGE('',*,*,#1206,.F.);
#1535=ORIENTED_EDGE('',*,*,#1207,.F.);
#1536=ORIENTED_EDGE('',*,*,#1208,.F.);
#1537=ORIENTED_EDGE('',*,*,#1209,.F.);
#1538=ORIENTED_EDGE('',*,*,#1210,.F.);
#1539=ORIENTED_EDGE('',*,*,#1211,.F.);
#1540=ORIENTED_EDGE('',*,*,#1212,.F.);
#1541=ORIENTED_EDGE('',*,*,#1213,.F.);
#1542=ORIENTED_EDGE('',*,*,#1214,.F.);
#1543=ORIENTED_EDGE('',*,*,#1215,.F.);
#1544=ORIENTED_EDGE('',*,*,#1216,.F.);
#1545=ORIENTED_EDGE('',*,*,#1217,.F.);
#1546=ORIENTED_EDGE('',*,*,#1218,.F.);
#1547=ORIENTED_EDGE('',*,*,#1219,.F.);
#1548=ORIENTED_EDGE('',*,*,#1220,.F.);
#1549=ORIENTED_EDGE('',*,*,#1221,.F.);
#1550=ORIENTED_EDGE('',*,*,#1222,.F.);
#1551=ORIENTED_EDGE('',*,*,#1223,.F.);
#1552=ORIENTED_EDGE('',*,*,#1224,.F.);
#1553=ORIENTED_EDGE('',*,*,#1225,.F.);
#1554=ORIENTED_EDGE('',*,*,#1226,.F.);
#1555=ORIENTED_EDGE('',*,*,#1227,.F.);
#1556=ORIENTED_EDGE('',*,*,#1228,.T.);
#1557=ORIENTED_EDGE('',*,*,#1229,.T.);
#1558=ORIENTED_EDGE('',*,*,#1230,.T.);
#1559=ORIENTED_EDGE('',*,*,#1231,.T.);
#1560=ORIENTED_EDGE('',*,*,#1232,.T.);
#1561=ORIENTED_EDGE('',*,*,#1233,.T.);
#1562=ORIENTED_EDGE('',*,*,#1230,.F.);
#1563=ORIENTED_EDGE('',*,*,#1234,.T.);
#1564=ORIENTED_EDGE('',*,*,#1183,.F.);
#1565=ORIENTED_EDGE('',*,*,#1235,.F.);
#1566=ORIENTED_EDGE('',*,*,#1231,.F.);
#1567=ORIENTED_EDGE('',*,*,#1235,.T.);
#1568=ORIENTED_EDGE('',*,*,#1182,.F.);
#1569=ORIENTED_EDGE('',*,*,#1236,.F.);
#1570=ORIENTED_EDGE('',*,*,#1228,.F.);
#1571=ORIENTED_EDGE('',*,*,#1236,.T.);
#1572=ORIENTED_EDGE('',*,*,#1181,.F.);
#1573=ORIENTED_EDGE('',*,*,#1237,.T.);
#1574=ORIENTED_EDGE('',*,*,#1229,.F.);
#1575=ORIENTED_EDGE('',*,*,#1237,.F.);
#1576=ORIENTED_EDGE('',*,*,#1184,.F.);
#1577=ORIENTED_EDGE('',*,*,#1234,.F.);
#1578=ORIENTED_EDGE('',*,*,#1197,.T.);
#1579=ORIENTED_EDGE('',*,*,#1238,.T.);
#1580=ORIENTED_EDGE('',*,*,#1168,.T.);
#1581=ORIENTED_EDGE('',*,*,#1239,.F.);
#1582=ORIENTED_EDGE('',*,*,#1196,.T.);
#1583=ORIENTED_EDGE('',*,*,#1240,.T.);
#1584=ORIENTED_EDGE('',*,*,#1165,.T.);
#1585=ORIENTED_EDGE('',*,*,#1238,.F.);
#1586=ORIENTED_EDGE('',*,*,#1201,.T.);
#1587=ORIENTED_EDGE('',*,*,#1241,.T.);
#1588=ORIENTED_EDGE('',*,*,#1164,.T.);
#1589=ORIENTED_EDGE('',*,*,#1242,.F.);
#1590=ORIENTED_EDGE('',*,*,#1200,.T.);
#1591=ORIENTED_EDGE('',*,*,#1243,.T.);
#1592=ORIENTED_EDGE('',*,*,#1161,.T.);
#1593=ORIENTED_EDGE('',*,*,#1241,.F.);
#1594=ORIENTED_EDGE('',*,*,#1205,.T.);
#1595=ORIENTED_EDGE('',*,*,#1244,.T.);
#1596=ORIENTED_EDGE('',*,*,#1160,.T.);
#1597=ORIENTED_EDGE('',*,*,#1245,.F.);
#1598=ORIENTED_EDGE('',*,*,#1204,.T.);
#1599=ORIENTED_EDGE('',*,*,#1246,.T.);
#1600=ORIENTED_EDGE('',*,*,#1157,.T.);
#1601=ORIENTED_EDGE('',*,*,#1244,.F.);
#1602=ORIENTED_EDGE('',*,*,#1209,.T.);
#1603=ORIENTED_EDGE('',*,*,#1247,.T.);
#1604=ORIENTED_EDGE('',*,*,#1156,.T.);
#1605=ORIENTED_EDGE('',*,*,#1248,.F.);
#1606=ORIENTED_EDGE('',*,*,#1208,.T.);
#1607=ORIENTED_EDGE('',*,*,#1249,.T.);
#1608=ORIENTED_EDGE('',*,*,#1153,.T.);
#1609=ORIENTED_EDGE('',*,*,#1247,.F.);
#1610=ORIENTED_EDGE('',*,*,#1213,.T.);
#1611=ORIENTED_EDGE('',*,*,#1250,.T.);
#1612=ORIENTED_EDGE('',*,*,#1152,.T.);
#1613=ORIENTED_EDGE('',*,*,#1251,.F.);
#1614=ORIENTED_EDGE('',*,*,#1212,.T.);
#1615=ORIENTED_EDGE('',*,*,#1252,.T.);
#1616=ORIENTED_EDGE('',*,*,#1149,.T.);
#1617=ORIENTED_EDGE('',*,*,#1250,.F.);
#1618=ORIENTED_EDGE('',*,*,#1217,.T.);
#1619=ORIENTED_EDGE('',*,*,#1253,.T.);
#1620=ORIENTED_EDGE('',*,*,#1177,.T.);
#1621=ORIENTED_EDGE('',*,*,#1254,.F.);
#1622=ORIENTED_EDGE('',*,*,#1216,.T.);
#1623=ORIENTED_EDGE('',*,*,#1255,.T.);
#1624=ORIENTED_EDGE('',*,*,#1178,.T.);
#1625=ORIENTED_EDGE('',*,*,#1253,.F.);
#1626=ORIENTED_EDGE('',*,*,#1221,.T.);
#1627=ORIENTED_EDGE('',*,*,#1256,.T.);
#1628=ORIENTED_EDGE('',*,*,#1175,.T.);
#1629=ORIENTED_EDGE('',*,*,#1257,.F.);
#1630=ORIENTED_EDGE('',*,*,#1220,.T.);
#1631=ORIENTED_EDGE('',*,*,#1258,.T.);
#1632=ORIENTED_EDGE('',*,*,#1176,.T.);
#1633=ORIENTED_EDGE('',*,*,#1256,.F.);
#1634=ORIENTED_EDGE('',*,*,#1225,.T.);
#1635=ORIENTED_EDGE('',*,*,#1259,.T.);
#1636=ORIENTED_EDGE('',*,*,#1169,.T.);
#1637=ORIENTED_EDGE('',*,*,#1260,.F.);
#1638=ORIENTED_EDGE('',*,*,#1224,.T.);
#1639=ORIENTED_EDGE('',*,*,#1261,.T.);
#1640=ORIENTED_EDGE('',*,*,#1170,.T.);
#1641=ORIENTED_EDGE('',*,*,#1259,.F.);
#1642=ORIENTED_EDGE('',*,*,#1215,.T.);
#1643=ORIENTED_EDGE('',*,*,#1262,.T.);
#1644=ORIENTED_EDGE('',*,*,#1150,.T.);
#1645=ORIENTED_EDGE('',*,*,#1252,.F.);
#1646=ORIENTED_EDGE('',*,*,#1211,.T.);
#1647=ORIENTED_EDGE('',*,*,#1263,.T.);
#1648=ORIENTED_EDGE('',*,*,#1154,.T.);
#1649=ORIENTED_EDGE('',*,*,#1249,.F.);
#1650=ORIENTED_EDGE('',*,*,#1207,.T.);
#1651=ORIENTED_EDGE('',*,*,#1264,.T.);
#1652=ORIENTED_EDGE('',*,*,#1158,.T.);
#1653=ORIENTED_EDGE('',*,*,#1246,.F.);
#1654=ORIENTED_EDGE('',*,*,#1203,.T.);
#1655=ORIENTED_EDGE('',*,*,#1265,.T.);
#1656=ORIENTED_EDGE('',*,*,#1162,.T.);
#1657=ORIENTED_EDGE('',*,*,#1243,.F.);
#1658=ORIENTED_EDGE('',*,*,#1199,.T.);
#1659=ORIENTED_EDGE('',*,*,#1266,.T.);
#1660=ORIENTED_EDGE('',*,*,#1166,.T.);
#1661=ORIENTED_EDGE('',*,*,#1240,.F.);
#1662=ORIENTED_EDGE('',*,*,#1222,.T.);
#1663=ORIENTED_EDGE('',*,*,#1257,.T.);
#1664=ORIENTED_EDGE('',*,*,#1174,.T.);
#1665=ORIENTED_EDGE('',*,*,#1267,.F.);
#1666=ORIENTED_EDGE('',*,*,#1223,.T.);
#1667=ORIENTED_EDGE('',*,*,#1267,.T.);
#1668=ORIENTED_EDGE('',*,*,#1173,.T.);
#1669=ORIENTED_EDGE('',*,*,#1258,.F.);
#1670=ORIENTED_EDGE('',*,*,#1214,.T.);
#1671=ORIENTED_EDGE('',*,*,#1251,.T.);
#1672=ORIENTED_EDGE('',*,*,#1151,.T.);
#1673=ORIENTED_EDGE('',*,*,#1262,.F.);
#1674=ORIENTED_EDGE('',*,*,#1210,.T.);
#1675=ORIENTED_EDGE('',*,*,#1248,.T.);
#1676=ORIENTED_EDGE('',*,*,#1155,.T.);
#1677=ORIENTED_EDGE('',*,*,#1263,.F.);
#1678=ORIENTED_EDGE('',*,*,#1226,.T.);
#1679=ORIENTED_EDGE('',*,*,#1260,.T.);
#1680=ORIENTED_EDGE('',*,*,#1172,.T.);
#1681=ORIENTED_EDGE('',*,*,#1268,.F.);
#1682=ORIENTED_EDGE('',*,*,#1227,.T.);
#1683=ORIENTED_EDGE('',*,*,#1268,.T.);
#1684=ORIENTED_EDGE('',*,*,#1171,.T.);
#1685=ORIENTED_EDGE('',*,*,#1261,.F.);
#1686=ORIENTED_EDGE('',*,*,#1206,.T.);
#1687=ORIENTED_EDGE('',*,*,#1245,.T.);
#1688=ORIENTED_EDGE('',*,*,#1159,.T.);
#1689=ORIENTED_EDGE('',*,*,#1264,.F.);
#1690=ORIENTED_EDGE('',*,*,#1202,.T.);
#1691=ORIENTED_EDGE('',*,*,#1242,.T.);
#1692=ORIENTED_EDGE('',*,*,#1163,.T.);
#1693=ORIENTED_EDGE('',*,*,#1265,.F.);
#1694=ORIENTED_EDGE('',*,*,#1198,.T.);
#1695=ORIENTED_EDGE('',*,*,#1239,.T.);
#1696=ORIENTED_EDGE('',*,*,#1167,.T.);
#1697=ORIENTED_EDGE('',*,*,#1266,.F.);
#1698=ORIENTED_EDGE('',*,*,#1218,.T.);
#1699=ORIENTED_EDGE('',*,*,#1254,.T.);
#1700=ORIENTED_EDGE('',*,*,#1180,.T.);
#1701=ORIENTED_EDGE('',*,*,#1269,.F.);
#1702=ORIENTED_EDGE('',*,*,#1219,.T.);
#1703=ORIENTED_EDGE('',*,*,#1269,.T.);
#1704=ORIENTED_EDGE('',*,*,#1179,.T.);
#1705=ORIENTED_EDGE('',*,*,#1255,.F.);
#1706=ORIENTED_EDGE('',*,*,#1193,.T.);
#1707=ORIENTED_EDGE('',*,*,#1270,.F.);
#1708=ORIENTED_EDGE('',*,*,#1271,.T.);
#1709=ORIENTED_EDGE('',*,*,#1272,.T.);
#1710=ORIENTED_EDGE('',*,*,#1192,.T.);
#1711=ORIENTED_EDGE('',*,*,#1273,.F.);
#1712=ORIENTED_EDGE('',*,*,#1274,.T.);
#1713=ORIENTED_EDGE('',*,*,#1270,.T.);
#1714=ORIENTED_EDGE('',*,*,#1191,.T.);
#1715=ORIENTED_EDGE('',*,*,#1275,.F.);
#1716=ORIENTED_EDGE('',*,*,#1276,.T.);
#1717=ORIENTED_EDGE('',*,*,#1273,.T.);
#1718=ORIENTED_EDGE('',*,*,#1190,.T.);
#1719=ORIENTED_EDGE('',*,*,#1277,.F.);
#1720=ORIENTED_EDGE('',*,*,#1278,.T.);
#1721=ORIENTED_EDGE('',*,*,#1275,.T.);
#1722=ORIENTED_EDGE('',*,*,#1189,.T.);
#1723=ORIENTED_EDGE('',*,*,#1279,.F.);
#1724=ORIENTED_EDGE('',*,*,#1280,.T.);
#1725=ORIENTED_EDGE('',*,*,#1277,.T.);
#1726=ORIENTED_EDGE('',*,*,#1188,.T.);
#1727=ORIENTED_EDGE('',*,*,#1281,.T.);
#1728=ORIENTED_EDGE('',*,*,#1282,.T.);
#1729=ORIENTED_EDGE('',*,*,#1279,.T.);
#1730=ORIENTED_EDGE('',*,*,#1187,.T.);
#1731=ORIENTED_EDGE('',*,*,#1283,.F.);
#1732=ORIENTED_EDGE('',*,*,#1284,.T.);
#1733=ORIENTED_EDGE('',*,*,#1281,.F.);
#1734=ORIENTED_EDGE('',*,*,#1186,.T.);
#1735=ORIENTED_EDGE('',*,*,#1125,.T.);
#1736=ORIENTED_EDGE('',*,*,#1129,.T.);
#1737=ORIENTED_EDGE('',*,*,#1132,.T.);
#1738=ORIENTED_EDGE('',*,*,#1148,.T.);
#1739=ORIENTED_EDGE('',*,*,#1285,.T.);
#1740=ORIENTED_EDGE('',*,*,#1286,.F.);
#1741=ORIENTED_EDGE('',*,*,#1287,.F.);
#1742=ORIENTED_EDGE('',*,*,#1288,.T.);
#1743=ORIENTED_EDGE('',*,*,#1283,.T.);
#1744=ORIENTED_EDGE('',*,*,#1289,.T.);
#1745=ORIENTED_EDGE('',*,*,#1290,.T.);
#1746=ORIENTED_EDGE('',*,*,#1291,.T.);
#1747=ORIENTED_EDGE('',*,*,#1292,.T.);
#1748=ORIENTED_EDGE('',*,*,#1293,.T.);
#1749=ORIENTED_EDGE('',*,*,#1294,.T.);
#1750=ORIENTED_EDGE('',*,*,#1295,.T.);
#1751=ORIENTED_EDGE('',*,*,#1296,.T.);
#1752=ORIENTED_EDGE('',*,*,#1297,.T.);
#1753=ORIENTED_EDGE('',*,*,#1298,.T.);
#1754=ORIENTED_EDGE('',*,*,#1295,.F.);
#1755=ORIENTED_EDGE('',*,*,#1299,.T.);
#1756=ORIENTED_EDGE('',*,*,#1300,.T.);
#1757=ORIENTED_EDGE('',*,*,#1301,.T.);
#1758=ORIENTED_EDGE('',*,*,#1297,.F.);
#1759=ORIENTED_EDGE('',*,*,#1302,.T.);
#1760=ORIENTED_EDGE('',*,*,#1303,.T.);
#1761=ORIENTED_EDGE('',*,*,#1304,.T.);
#1762=ORIENTED_EDGE('',*,*,#1300,.F.);
#1763=ORIENTED_EDGE('',*,*,#1305,.T.);
#1764=ORIENTED_EDGE('',*,*,#1306,.T.);
#1765=ORIENTED_EDGE('',*,*,#1303,.F.);
#1766=ORIENTED_EDGE('',*,*,#1307,.T.);
#1767=ORIENTED_EDGE('',*,*,#1292,.F.);
#1768=ORIENTED_EDGE('',*,*,#1308,.T.);
#1769=ORIENTED_EDGE('',*,*,#1309,.T.);
#1770=ORIENTED_EDGE('',*,*,#1290,.F.);
#1771=ORIENTED_EDGE('',*,*,#1310,.T.);
#1772=ORIENTED_EDGE('',*,*,#1311,.T.);
#1773=ORIENTED_EDGE('',*,*,#1312,.T.);
#1774=ORIENTED_EDGE('',*,*,#1308,.F.);
#1775=ORIENTED_EDGE('',*,*,#1313,.T.);
#1776=ORIENTED_EDGE('',*,*,#1311,.F.);
#1777=ORIENTED_EDGE('',*,*,#1314,.F.);
#1778=ORIENTED_EDGE('',*,*,#1285,.F.);
#1779=ORIENTED_EDGE('',*,*,#1147,.T.);
#1780=ORIENTED_EDGE('',*,*,#1315,.T.);
#1781=ORIENTED_EDGE('',*,*,#1316,.F.);
#1782=ORIENTED_EDGE('',*,*,#1313,.F.);
#1783=ORIENTED_EDGE('',*,*,#1317,.F.);
#1784=ORIENTED_EDGE('',*,*,#1318,.T.);
#1785=ORIENTED_EDGE('',*,*,#1319,.F.);
#1786=ORIENTED_EDGE('',*,*,#1320,.F.);
#1787=ORIENTED_EDGE('',*,*,#1310,.F.);
#1788=ORIENTED_EDGE('',*,*,#1321,.F.);
#1789=ORIENTED_EDGE('',*,*,#1322,.T.);
#1790=ORIENTED_EDGE('',*,*,#1317,.T.);
#1791=ORIENTED_EDGE('',*,*,#1289,.F.);
#1792=ORIENTED_EDGE('',*,*,#1323,.F.);
#1793=ORIENTED_EDGE('',*,*,#1324,.T.);
#1794=ORIENTED_EDGE('',*,*,#1321,.T.);
#1795=ORIENTED_EDGE('',*,*,#1307,.F.);
#1796=ORIENTED_EDGE('',*,*,#1325,.F.);
#1797=ORIENTED_EDGE('',*,*,#1326,.T.);
#1798=ORIENTED_EDGE('',*,*,#1323,.T.);
#1799=ORIENTED_EDGE('',*,*,#1305,.F.);
#1800=ORIENTED_EDGE('',*,*,#1327,.F.);
#1801=ORIENTED_EDGE('',*,*,#1328,.T.);
#1802=ORIENTED_EDGE('',*,*,#1325,.T.);
#1803=ORIENTED_EDGE('',*,*,#1302,.F.);
#1804=ORIENTED_EDGE('',*,*,#1329,.F.);
#1805=ORIENTED_EDGE('',*,*,#1330,.T.);
#1806=ORIENTED_EDGE('',*,*,#1327,.T.);
#1807=ORIENTED_EDGE('',*,*,#1299,.F.);
#1808=ORIENTED_EDGE('',*,*,#1331,.F.);
#1809=ORIENTED_EDGE('',*,*,#1332,.T.);
#1810=ORIENTED_EDGE('',*,*,#1329,.T.);
#1811=ORIENTED_EDGE('',*,*,#1294,.F.);
#1812=ORIENTED_EDGE('',*,*,#1333,.F.);
#1813=ORIENTED_EDGE('',*,*,#1334,.F.);
#1814=ORIENTED_EDGE('',*,*,#1335,.T.);
#1815=ORIENTED_EDGE('',*,*,#1331,.T.);
#1816=ORIENTED_EDGE('',*,*,#1336,.T.);
#1817=ORIENTED_EDGE('',*,*,#1337,.T.);
#1818=ORIENTED_EDGE('',*,*,#1338,.T.);
#1819=ORIENTED_EDGE('',*,*,#1138,.T.);
#1820=ORIENTED_EDGE('',*,*,#1338,.F.);
#1821=ORIENTED_EDGE('',*,*,#1339,.F.);
#1822=ORIENTED_EDGE('',*,*,#1340,.T.);
#1823=ORIENTED_EDGE('',*,*,#1139,.T.);
#1824=ORIENTED_EDGE('',*,*,#1341,.F.);
#1825=ORIENTED_EDGE('',*,*,#1194,.F.);
#1826=ORIENTED_EDGE('',*,*,#1342,.T.);
#1827=ORIENTED_EDGE('',*,*,#1341,.T.);
#1828=ORIENTED_EDGE('',*,*,#1342,.F.);
#1829=ORIENTED_EDGE('',*,*,#1343,.T.);
#1830=ORIENTED_EDGE('',*,*,#1344,.T.);
#1831=ORIENTED_EDGE('',*,*,#1345,.T.);
#1832=ORIENTED_EDGE('',*,*,#1346,.T.);
#1833=ORIENTED_EDGE('',*,*,#1344,.F.);
#1834=ORIENTED_EDGE('',*,*,#1347,.F.);
#1835=ORIENTED_EDGE('',*,*,#1348,.F.);
#1836=ORIENTED_EDGE('',*,*,#1349,.F.);
#1837=ORIENTED_EDGE('',*,*,#1350,.T.);
#1838=ORIENTED_EDGE('',*,*,#1351,.T.);
#1839=ORIENTED_EDGE('',*,*,#1352,.T.);
#1840=ORIENTED_EDGE('',*,*,#1353,.T.);
#1841=ORIENTED_EDGE('',*,*,#1346,.F.);
#1842=ORIENTED_EDGE('',*,*,#1354,.F.);
#1843=ORIENTED_EDGE('',*,*,#1351,.F.);
#1844=ORIENTED_EDGE('',*,*,#1355,.F.);
#1845=ORIENTED_EDGE('',*,*,#1356,.T.);
#1846=ORIENTED_EDGE('',*,*,#1357,.T.);
#1847=ORIENTED_EDGE('',*,*,#1358,.T.);
#1848=ORIENTED_EDGE('',*,*,#1359,.T.);
#1849=ORIENTED_EDGE('',*,*,#1353,.F.);
#1850=ORIENTED_EDGE('',*,*,#1360,.F.);
#1851=ORIENTED_EDGE('',*,*,#1357,.F.);
#1852=ORIENTED_EDGE('',*,*,#1361,.F.);
#1853=ORIENTED_EDGE('',*,*,#1362,.T.);
#1854=ORIENTED_EDGE('',*,*,#1348,.T.);
#1855=ORIENTED_EDGE('',*,*,#1363,.T.);
#1856=ORIENTED_EDGE('',*,*,#1364,.T.);
#1857=ORIENTED_EDGE('',*,*,#1359,.F.);
#1858=ORIENTED_EDGE('',*,*,#1365,.F.);
#1859=ORIENTED_EDGE('',*,*,#1364,.F.);
#1860=ORIENTED_EDGE('',*,*,#1366,.F.);
#1861=ORIENTED_EDGE('',*,*,#1312,.F.);
#1862=ORIENTED_EDGE('',*,*,#1316,.T.);
#1863=ORIENTED_EDGE('',*,*,#1367,.T.);
#1864=ORIENTED_EDGE('',*,*,#1368,.T.);
#1865=ORIENTED_EDGE('',*,*,#1369,.T.);
#1866=ORIENTED_EDGE('',*,*,#1370,.T.);
#1867=ORIENTED_EDGE('',*,*,#1371,.T.);
#1868=ORIENTED_EDGE('',*,*,#1372,.T.);
#1869=ORIENTED_EDGE('',*,*,#1373,.T.);
#1870=ORIENTED_EDGE('',*,*,#1339,.T.);
#1871=ORIENTED_EDGE('',*,*,#1337,.F.);
#1872=ORIENTED_EDGE('',*,*,#1374,.F.);
#1873=ORIENTED_EDGE('',*,*,#1375,.T.);
#1874=ORIENTED_EDGE('',*,*,#1376,.T.);
#1875=ORIENTED_EDGE('',*,*,#1377,.T.);
#1876=ORIENTED_EDGE('',*,*,#1296,.F.);
#1877=ORIENTED_EDGE('',*,*,#1298,.F.);
#1878=ORIENTED_EDGE('',*,*,#1301,.F.);
#1879=ORIENTED_EDGE('',*,*,#1304,.F.);
#1880=ORIENTED_EDGE('',*,*,#1306,.F.);
#1881=ORIENTED_EDGE('',*,*,#1291,.F.);
#1882=ORIENTED_EDGE('',*,*,#1309,.F.);
#1883=ORIENTED_EDGE('',*,*,#1195,.F.);
#1884=ORIENTED_EDGE('',*,*,#1378,.T.);
#1885=ORIENTED_EDGE('',*,*,#1379,.T.);
#1886=ORIENTED_EDGE('',*,*,#1378,.F.);
#1887=ORIENTED_EDGE('',*,*,#1379,.F.);
#1888=ORIENTED_EDGE('',*,*,#1232,.F.);
#1889=ORIENTED_EDGE('',*,*,#1380,.T.);
#1890=ORIENTED_EDGE('',*,*,#1381,.T.);
#1891=ORIENTED_EDGE('',*,*,#1380,.F.);
#1892=ORIENTED_EDGE('',*,*,#1381,.F.);
#1893=ORIENTED_EDGE('',*,*,#1233,.F.);
#1894=ORIENTED_EDGE('',*,*,#1382,.T.);
#1895=ORIENTED_EDGE('',*,*,#1383,.T.);
#1896=ORIENTED_EDGE('',*,*,#1382,.F.);
#1897=ORIENTED_EDGE('',*,*,#1383,.F.);
#1898=ORIENTED_EDGE('',*,*,#1384,.T.);
#1899=ORIENTED_EDGE('',*,*,#1375,.F.);
#1900=ORIENTED_EDGE('',*,*,#1385,.F.);
#1901=ORIENTED_EDGE('',*,*,#1136,.T.);
#1902=ORIENTED_EDGE('',*,*,#1384,.F.);
#1903=ORIENTED_EDGE('',*,*,#1135,.T.);
#1904=ORIENTED_EDGE('',*,*,#1386,.T.);
#1905=ORIENTED_EDGE('',*,*,#1376,.F.);
#1906=ORIENTED_EDGE('',*,*,#1340,.F.);
#1907=ORIENTED_EDGE('',*,*,#1373,.F.);
#1908=ORIENTED_EDGE('',*,*,#1387,.F.);
#1909=ORIENTED_EDGE('',*,*,#1140,.T.);
#1910=ORIENTED_EDGE('',*,*,#1387,.T.);
#1911=ORIENTED_EDGE('',*,*,#1372,.F.);
#1912=ORIENTED_EDGE('',*,*,#1388,.F.);
#1913=ORIENTED_EDGE('',*,*,#1141,.T.);
#1914=ORIENTED_EDGE('',*,*,#1389,.F.);
#1915=ORIENTED_EDGE('',*,*,#1145,.T.);
#1916=ORIENTED_EDGE('',*,*,#1390,.T.);
#1917=ORIENTED_EDGE('',*,*,#1368,.F.);
#1918=ORIENTED_EDGE('',*,*,#1389,.T.);
#1919=ORIENTED_EDGE('',*,*,#1367,.F.);
#1920=ORIENTED_EDGE('',*,*,#1315,.F.);
#1921=ORIENTED_EDGE('',*,*,#1146,.T.);
#1922=ORIENTED_EDGE('',*,*,#1390,.F.);
#1923=ORIENTED_EDGE('',*,*,#1144,.T.);
#1924=ORIENTED_EDGE('',*,*,#1391,.F.);
#1925=ORIENTED_EDGE('',*,*,#1369,.F.);
#1926=ORIENTED_EDGE('',*,*,#1318,.F.);
#1927=ORIENTED_EDGE('',*,*,#1322,.F.);
#1928=ORIENTED_EDGE('',*,*,#1324,.F.);
#1929=ORIENTED_EDGE('',*,*,#1326,.F.);
#1930=ORIENTED_EDGE('',*,*,#1328,.F.);
#1931=ORIENTED_EDGE('',*,*,#1330,.F.);
#1932=ORIENTED_EDGE('',*,*,#1332,.F.);
#1933=ORIENTED_EDGE('',*,*,#1335,.F.);
#1934=ORIENTED_EDGE('',*,*,#1392,.F.);
#1935=ORIENTED_EDGE('',*,*,#1393,.F.);
#1936=ORIENTED_EDGE('',*,*,#1394,.F.);
#1937=ORIENTED_EDGE('',*,*,#1395,.F.);
#1938=ORIENTED_EDGE('',*,*,#1396,.F.);
#1939=ORIENTED_EDGE('',*,*,#1397,.F.);
#1940=ORIENTED_EDGE('',*,*,#1398,.F.);
#1941=ORIENTED_EDGE('',*,*,#1399,.F.);
#1942=ORIENTED_EDGE('',*,*,#1288,.F.);
#1943=ORIENTED_EDGE('',*,*,#1400,.F.);
#1944=ORIENTED_EDGE('',*,*,#1401,.F.);
#1945=ORIENTED_EDGE('',*,*,#1402,.F.);
#1946=ORIENTED_EDGE('',*,*,#1403,.F.);
#1947=ORIENTED_EDGE('',*,*,#1404,.F.);
#1948=ORIENTED_EDGE('',*,*,#1405,.F.);
#1949=ORIENTED_EDGE('',*,*,#1406,.F.);
#1950=ORIENTED_EDGE('',*,*,#1407,.F.);
#1951=ORIENTED_EDGE('',*,*,#1408,.F.);
#1952=ORIENTED_EDGE('',*,*,#1409,.F.);
#1953=ORIENTED_EDGE('',*,*,#1271,.F.);
#1954=ORIENTED_EDGE('',*,*,#1274,.F.);
#1955=ORIENTED_EDGE('',*,*,#1276,.F.);
#1956=ORIENTED_EDGE('',*,*,#1278,.F.);
#1957=ORIENTED_EDGE('',*,*,#1280,.F.);
#1958=ORIENTED_EDGE('',*,*,#1282,.F.);
#1959=ORIENTED_EDGE('',*,*,#1284,.F.);
#1960=ORIENTED_EDGE('',*,*,#1408,.T.);
#1961=ORIENTED_EDGE('',*,*,#1410,.T.);
#1962=ORIENTED_EDGE('',*,*,#1411,.F.);
#1963=ORIENTED_EDGE('',*,*,#1412,.F.);
#1964=ORIENTED_EDGE('',*,*,#1407,.T.);
#1965=ORIENTED_EDGE('',*,*,#1413,.T.);
#1966=ORIENTED_EDGE('',*,*,#1414,.F.);
#1967=ORIENTED_EDGE('',*,*,#1410,.F.);
#1968=ORIENTED_EDGE('',*,*,#1366,.T.);
#1969=ORIENTED_EDGE('',*,*,#1363,.F.);
#1970=ORIENTED_EDGE('',*,*,#1347,.T.);
#1971=ORIENTED_EDGE('',*,*,#1343,.F.);
#1972=ORIENTED_EDGE('',*,*,#1355,.T.);
#1973=ORIENTED_EDGE('',*,*,#1350,.F.);
#1974=ORIENTED_EDGE('',*,*,#1361,.T.);
#1975=ORIENTED_EDGE('',*,*,#1356,.F.);
#1976=ORIENTED_EDGE('',*,*,#1406,.T.);
#1977=ORIENTED_EDGE('',*,*,#1415,.T.);
#1978=ORIENTED_EDGE('',*,*,#1416,.F.);
#1979=ORIENTED_EDGE('',*,*,#1413,.F.);
#1980=ORIENTED_EDGE('',*,*,#1405,.T.);
#1981=ORIENTED_EDGE('',*,*,#1417,.T.);
#1982=ORIENTED_EDGE('',*,*,#1418,.F.);
#1983=ORIENTED_EDGE('',*,*,#1415,.F.);
#1984=ORIENTED_EDGE('',*,*,#1404,.T.);
#1985=ORIENTED_EDGE('',*,*,#1419,.T.);
#1986=ORIENTED_EDGE('',*,*,#1420,.F.);
#1987=ORIENTED_EDGE('',*,*,#1417,.F.);
#1988=ORIENTED_EDGE('',*,*,#1403,.T.);
#1989=ORIENTED_EDGE('',*,*,#1421,.T.);
#1990=ORIENTED_EDGE('',*,*,#1422,.F.);
#1991=ORIENTED_EDGE('',*,*,#1419,.F.);
#1992=ORIENTED_EDGE('',*,*,#1402,.T.);
#1993=ORIENTED_EDGE('',*,*,#1423,.T.);
#1994=ORIENTED_EDGE('',*,*,#1424,.F.);
#1995=ORIENTED_EDGE('',*,*,#1421,.F.);
#1996=ORIENTED_EDGE('',*,*,#1401,.T.);
#1997=ORIENTED_EDGE('',*,*,#1425,.T.);
#1998=ORIENTED_EDGE('',*,*,#1426,.F.);
#1999=ORIENTED_EDGE('',*,*,#1423,.F.);
#2000=ORIENTED_EDGE('',*,*,#1400,.T.);
#2001=ORIENTED_EDGE('',*,*,#1287,.T.);
#2002=ORIENTED_EDGE('',*,*,#1427,.F.);
#2003=ORIENTED_EDGE('',*,*,#1425,.F.);
#2004=ORIENTED_EDGE('',*,*,#1392,.T.);
#2005=ORIENTED_EDGE('',*,*,#1334,.T.);
#2006=ORIENTED_EDGE('',*,*,#1428,.F.);
#2007=ORIENTED_EDGE('',*,*,#1429,.F.);
#2008=ORIENTED_EDGE('',*,*,#1293,.F.);
#2009=ORIENTED_EDGE('',*,*,#1377,.F.);
#2010=ORIENTED_EDGE('',*,*,#1386,.F.);
#2011=ORIENTED_EDGE('',*,*,#1134,.T.);
#2012=ORIENTED_EDGE('',*,*,#1430,.F.);
#2013=ORIENTED_EDGE('',*,*,#1431,.F.);
#2014=ORIENTED_EDGE('',*,*,#1336,.F.);
#2015=ORIENTED_EDGE('',*,*,#1137,.T.);
#2016=ORIENTED_EDGE('',*,*,#1385,.T.);
#2017=ORIENTED_EDGE('',*,*,#1374,.T.);
#2018=ORIENTED_EDGE('',*,*,#1388,.T.);
#2019=ORIENTED_EDGE('',*,*,#1371,.F.);
#2020=ORIENTED_EDGE('',*,*,#1432,.F.);
#2021=ORIENTED_EDGE('',*,*,#1142,.T.);
#2022=ORIENTED_EDGE('',*,*,#1391,.T.);
#2023=ORIENTED_EDGE('',*,*,#1143,.T.);
#2024=ORIENTED_EDGE('',*,*,#1432,.T.);
#2025=ORIENTED_EDGE('',*,*,#1370,.F.);
#2026=ORIENTED_EDGE('',*,*,#1185,.T.);
#2027=ORIENTED_EDGE('',*,*,#1272,.F.);
#2028=ORIENTED_EDGE('',*,*,#1409,.T.);
#2029=ORIENTED_EDGE('',*,*,#1412,.T.);
#2030=ORIENTED_EDGE('',*,*,#1433,.F.);
#2031=ORIENTED_EDGE('',*,*,#1430,.T.);
#2032=ORIENTED_EDGE('',*,*,#1133,.T.);
#2033=ORIENTED_EDGE('',*,*,#1130,.T.);
#2034=ORIENTED_EDGE('',*,*,#1127,.T.);
#2035=ORIENTED_EDGE('',*,*,#1123,.T.);
#2036=ORIENTED_EDGE('',*,*,#1393,.T.);
#2037=ORIENTED_EDGE('',*,*,#1429,.T.);
#2038=ORIENTED_EDGE('',*,*,#1434,.F.);
#2039=ORIENTED_EDGE('',*,*,#1435,.F.);
#2040=ORIENTED_EDGE('',*,*,#1365,.T.);
#2041=ORIENTED_EDGE('',*,*,#1358,.F.);
#2042=ORIENTED_EDGE('',*,*,#1360,.T.);
#2043=ORIENTED_EDGE('',*,*,#1352,.F.);
#2044=ORIENTED_EDGE('',*,*,#1354,.T.);
#2045=ORIENTED_EDGE('',*,*,#1345,.F.);
#2046=ORIENTED_EDGE('',*,*,#1349,.T.);
#2047=ORIENTED_EDGE('',*,*,#1362,.F.);
#2048=ORIENTED_EDGE('',*,*,#1394,.T.);
#2049=ORIENTED_EDGE('',*,*,#1435,.T.);
#2050=ORIENTED_EDGE('',*,*,#1436,.F.);
#2051=ORIENTED_EDGE('',*,*,#1437,.F.);
#2052=ORIENTED_EDGE('',*,*,#1395,.T.);
#2053=ORIENTED_EDGE('',*,*,#1437,.T.);
#2054=ORIENTED_EDGE('',*,*,#1438,.F.);
#2055=ORIENTED_EDGE('',*,*,#1439,.F.);
#2056=ORIENTED_EDGE('',*,*,#1396,.T.);
#2057=ORIENTED_EDGE('',*,*,#1439,.T.);
#2058=ORIENTED_EDGE('',*,*,#1440,.F.);
#2059=ORIENTED_EDGE('',*,*,#1441,.F.);
#2060=ORIENTED_EDGE('',*,*,#1397,.T.);
#2061=ORIENTED_EDGE('',*,*,#1441,.T.);
#2062=ORIENTED_EDGE('',*,*,#1442,.F.);
#2063=ORIENTED_EDGE('',*,*,#1443,.F.);
#2064=ORIENTED_EDGE('',*,*,#1398,.T.);
#2065=ORIENTED_EDGE('',*,*,#1443,.T.);
#2066=ORIENTED_EDGE('',*,*,#1444,.F.);
#2067=ORIENTED_EDGE('',*,*,#1445,.F.);
#2068=ORIENTED_EDGE('',*,*,#1399,.T.);
#2069=ORIENTED_EDGE('',*,*,#1445,.T.);
#2070=ORIENTED_EDGE('',*,*,#1446,.F.);
#2071=ORIENTED_EDGE('',*,*,#1319,.T.);
#2072=ORIENTED_EDGE('',*,*,#1433,.T.);
#2073=ORIENTED_EDGE('',*,*,#1411,.T.);
#2074=ORIENTED_EDGE('',*,*,#1414,.T.);
#2075=ORIENTED_EDGE('',*,*,#1416,.T.);
#2076=ORIENTED_EDGE('',*,*,#1418,.T.);
#2077=ORIENTED_EDGE('',*,*,#1420,.T.);
#2078=ORIENTED_EDGE('',*,*,#1422,.T.);
#2079=ORIENTED_EDGE('',*,*,#1424,.T.);
#2080=ORIENTED_EDGE('',*,*,#1426,.T.);
#2081=ORIENTED_EDGE('',*,*,#1427,.T.);
#2082=ORIENTED_EDGE('',*,*,#1286,.T.);
#2083=ORIENTED_EDGE('',*,*,#1314,.T.);
#2084=ORIENTED_EDGE('',*,*,#1320,.T.);
#2085=ORIENTED_EDGE('',*,*,#1446,.T.);
#2086=ORIENTED_EDGE('',*,*,#1444,.T.);
#2087=ORIENTED_EDGE('',*,*,#1442,.T.);
#2088=ORIENTED_EDGE('',*,*,#1440,.T.);
#2089=ORIENTED_EDGE('',*,*,#1438,.T.);
#2090=ORIENTED_EDGE('',*,*,#1436,.T.);
#2091=ORIENTED_EDGE('',*,*,#1434,.T.);
#2092=ORIENTED_EDGE('',*,*,#1428,.T.);
#2093=ORIENTED_EDGE('',*,*,#1333,.T.);
#2094=ORIENTED_EDGE('',*,*,#1431,.T.);
#2095=PLANE('',#2302);
#2096=PLANE('',#2303);
#2097=PLANE('',#2304);
#2098=PLANE('',#2305);
#2099=PLANE('',#2313);
#2100=PLANE('',#2322);
#2101=PLANE('',#2323);
#2102=PLANE('',#2324);
#2103=PLANE('',#2325);
#2104=PLANE('',#2326);
#2105=PLANE('',#2327);
#2106=PLANE('',#2328);
#2107=PLANE('',#2329);
#2108=PLANE('',#2330);
#2109=PLANE('',#2331);
#2110=PLANE('',#2332);
#2111=PLANE('',#2333);
#2112=PLANE('',#2334);
#2113=PLANE('',#2335);
#2114=PLANE('',#2336);
#2115=PLANE('',#2337);
#2116=PLANE('',#2338);
#2117=PLANE('',#2339);
#2118=PLANE('',#2340);
#2119=PLANE('',#2341);
#2120=PLANE('',#2342);
#2121=PLANE('',#2343);
#2122=PLANE('',#2344);
#2123=PLANE('',#2345);
#2124=PLANE('',#2346);
#2125=PLANE('',#2347);
#2126=PLANE('',#2348);
#2127=PLANE('',#2349);
#2128=PLANE('',#2350);
#2129=PLANE('',#2351);
#2130=PLANE('',#2352);
#2131=PLANE('',#2353);
#2132=PLANE('',#2354);
#2133=PLANE('',#2355);
#2134=PLANE('',#2356);
#2135=PLANE('',#2357);
#2136=PLANE('',#2360);
#2137=PLANE('',#2363);
#2138=PLANE('',#2366);
#2139=PLANE('',#2369);
#2140=PLANE('',#2390);
#2141=PLANE('',#2391);
#2142=PLANE('',#2394);
#2143=PLANE('',#2395);
#2144=PLANE('',#2398);
#2145=PLANE('',#2401);
#2146=PLANE('',#2404);
#2147=PLANE('',#2405);
#2148=PLANE('',#2411);
#2149=PLANE('',#2415);
#2150=PLANE('',#2419);
#2151=PLANE('',#2423);
#2152=PLANE('',#2424);
#2153=PLANE('',#2433);
#2154=PLANE('',#2436);
#2155=PLANE('',#2439);
#2156=PLANE('',#2441);
#2157=PLANE('',#2445);
#2158=PLANE('',#2447);
#2159=PLANE('',#2459);
#2160=PLANE('',#2462);
#2161=PLANE('',#2465);
#2162=PLANE('',#2468);
#2163=PLANE('',#2473);
#2164=PLANE('',#2474);
#2165=PLANE('',#2476);
#2166=PLANE('',#2477);
#2167=PLANE('',#2478);
#2168=PLANE('',#2481);
#2169=PLANE('',#2482);
#2170=PLANE('',#2485);
#2171=PLANE('',#2488);
#2172=ADVANCED_FACE('',(#153),#2095,.T.);
#2173=ADVANCED_FACE('',(#154),#2096,.T.);
#2174=ADVANCED_FACE('',(#155),#2097,.F.);
#2175=ADVANCED_FACE('',(#156,#55,#56,#57,#58,#59,#60,#61,#62,#63),#2098,
 .T.);
#2176=ADVANCED_FACE('',(#157,#64,#65,#66,#67,#68,#69,#70,#71,#72,#73,#74,
#75,#76),#2099,.F.);
#2177=ADVANCED_FACE('',(#158),#2100,.F.);
#2178=ADVANCED_FACE('',(#159),#2101,.F.);
#2179=ADVANCED_FACE('',(#160),#2102,.F.);
#2180=ADVANCED_FACE('',(#161),#2103,.F.);
#2181=ADVANCED_FACE('',(#162),#2104,.T.);
#2182=ADVANCED_FACE('',(#163),#2105,.T.);
#2183=ADVANCED_FACE('',(#164),#2106,.T.);
#2184=ADVANCED_FACE('',(#165),#2107,.T.);
#2185=ADVANCED_FACE('',(#166),#2108,.T.);
#2186=ADVANCED_FACE('',(#167),#2109,.T.);
#2187=ADVANCED_FACE('',(#168),#2110,.T.);
#2188=ADVANCED_FACE('',(#169),#2111,.T.);
#2189=ADVANCED_FACE('',(#170),#2112,.T.);
#2190=ADVANCED_FACE('',(#171),#2113,.T.);
#2191=ADVANCED_FACE('',(#172),#2114,.T.);
#2192=ADVANCED_FACE('',(#173),#2115,.T.);
#2193=ADVANCED_FACE('',(#174),#2116,.T.);
#2194=ADVANCED_FACE('',(#175),#2117,.T.);
#2195=ADVANCED_FACE('',(#176),#2118,.T.);
#2196=ADVANCED_FACE('',(#177),#2119,.T.);
#2197=ADVANCED_FACE('',(#178),#2120,.T.);
#2198=ADVANCED_FACE('',(#179),#2121,.T.);
#2199=ADVANCED_FACE('',(#180),#2122,.T.);
#2200=ADVANCED_FACE('',(#181),#2123,.T.);
#2201=ADVANCED_FACE('',(#182),#2124,.T.);
#2202=ADVANCED_FACE('',(#183),#2125,.T.);
#2203=ADVANCED_FACE('',(#184),#2126,.T.);
#2204=ADVANCED_FACE('',(#185),#2127,.T.);
#2205=ADVANCED_FACE('',(#186),#2128,.T.);
#2206=ADVANCED_FACE('',(#187),#2129,.T.);
#2207=ADVANCED_FACE('',(#188),#2130,.T.);
#2208=ADVANCED_FACE('',(#189),#2131,.T.);
#2209=ADVANCED_FACE('',(#190),#2132,.T.);
#2210=ADVANCED_FACE('',(#191),#2133,.T.);
#2211=ADVANCED_FACE('',(#192),#2134,.T.);
#2212=ADVANCED_FACE('',(#193),#2135,.T.);
#2213=ADVANCED_FACE('',(#194),#19,.F.);
#2214=ADVANCED_FACE('',(#195),#2136,.T.);
#2215=ADVANCED_FACE('',(#196),#20,.F.);
#2216=ADVANCED_FACE('',(#197),#2137,.T.);
#2217=ADVANCED_FACE('',(#198),#21,.T.);
#2218=ADVANCED_FACE('',(#199),#2138,.T.);
#2219=ADVANCED_FACE('',(#200),#22,.F.);
#2220=ADVANCED_FACE('',(#201),#2139,.T.);
#2221=ADVANCED_FACE('',(#202),#23,.T.);
#2222=ADVANCED_FACE('',(#203),#24,.T.);
#2223=ADVANCED_FACE('',(#204),#15,.F.);
#2224=ADVANCED_FACE('',(#205),#25,.T.);
#2225=ADVANCED_FACE('',(#206),#16,.F.);
#2226=ADVANCED_FACE('',(#207),#26,.T.);
#2227=ADVANCED_FACE('',(#208),#17,.F.);
#2228=ADVANCED_FACE('',(#209),#27,.T.);
#2229=ADVANCED_FACE('',(#210),#2140,.F.);
#2230=ADVANCED_FACE('',(#211),#2141,.T.);
#2231=ADVANCED_FACE('',(#212),#28,.T.);
#2232=ADVANCED_FACE('',(#213),#2142,.T.);
#2233=ADVANCED_FACE('',(#214),#2143,.T.);
#2234=ADVANCED_FACE('',(#215),#29,.T.);
#2235=ADVANCED_FACE('',(#216),#2144,.T.);
#2236=ADVANCED_FACE('',(#217),#30,.T.);
#2237=ADVANCED_FACE('',(#218),#2145,.T.);
#2238=ADVANCED_FACE('',(#219),#31,.F.);
#2239=ADVANCED_FACE('',(#220),#2146,.T.);
#2240=ADVANCED_FACE('',(#221),#2147,.F.);
#2241=ADVANCED_FACE('',(#222),#32,.F.);
#2242=ADVANCED_FACE('',(#223),#33,.F.);
#2243=ADVANCED_FACE('',(#224),#2148,.F.);
#2244=ADVANCED_FACE('',(#225),#34,.F.);
#2245=ADVANCED_FACE('',(#226),#2149,.F.);
#2246=ADVANCED_FACE('',(#227),#35,.F.);
#2247=ADVANCED_FACE('',(#228),#2150,.F.);
#2248=ADVANCED_FACE('',(#229),#36,.F.);
#2249=ADVANCED_FACE('',(#230),#2151,.F.);
#2250=ADVANCED_FACE('',(#231),#2152,.T.);
#2251=ADVANCED_FACE('',(#232),#37,.F.);
#2252=ADVANCED_FACE('',(#233),#2153,.F.);
#2253=ADVANCED_FACE('',(#234),#38,.F.);
#2254=ADVANCED_FACE('',(#235),#2154,.F.);
#2255=ADVANCED_FACE('',(#236),#39,.F.);
#2256=ADVANCED_FACE('',(#237),#2155,.F.);
#2257=ADVANCED_FACE('',(#238),#40,.F.);
#2258=ADVANCED_FACE('',(#239),#2156,.T.);
#2259=ADVANCED_FACE('',(#240),#41,.T.);
#2260=ADVANCED_FACE('',(#241),#42,.F.);
#2261=ADVANCED_FACE('',(#242),#43,.T.);
#2262=ADVANCED_FACE('',(#243),#2157,.T.);
#2263=ADVANCED_FACE('',(#244),#44,.F.);
#2264=ADVANCED_FACE('',(#245,#77),#2158,.F.);
#2265=ADVANCED_FACE('',(#246),#45,.F.);
#2266=ADVANCED_FACE('',(#247,#78),#2159,.T.);
#2267=ADVANCED_FACE('',(#248),#46,.F.);
#2268=ADVANCED_FACE('',(#249),#2160,.T.);
#2269=ADVANCED_FACE('',(#250),#47,.T.);
#2270=ADVANCED_FACE('',(#251),#2161,.T.);
#2271=ADVANCED_FACE('',(#252),#48,.F.);
#2272=ADVANCED_FACE('',(#253),#2162,.T.);
#2273=ADVANCED_FACE('',(#254),#49,.F.);
#2274=ADVANCED_FACE('',(#255),#50,.T.);
#2275=ADVANCED_FACE('',(#256),#2163,.F.);
#2276=ADVANCED_FACE('',(#257),#2164,.T.);
#2277=ADVANCED_FACE('',(#258),#51,.T.);
#2278=ADVANCED_FACE('',(#259),#2165,.T.);
#2279=ADVANCED_FACE('',(#260),#2166,.T.);
#2280=ADVANCED_FACE('',(#261,#79),#2167,.T.);
#2281=ADVANCED_FACE('',(#262),#52,.T.);
#2282=ADVANCED_FACE('',(#263),#2168,.T.);
#2283=ADVANCED_FACE('',(#264),#2169,.T.);
#2284=ADVANCED_FACE('',(#265),#53,.T.);
#2285=ADVANCED_FACE('',(#266),#2170,.T.);
#2286=ADVANCED_FACE('',(#267),#54,.T.);
#2287=ADVANCED_FACE('',(#268),#2171,.T.);
#2288=CLOSED_SHELL('',(#2172,#2173,#2174,#2175,#2176,#2177,#2178,#2179,
#2180,#2181,#2182,#2183,#2184,#2185,#2186,#2187,#2188,#2189,#2190,#2191,
#2192,#2193,#2194,#2195,#2196,#2197,#2198,#2199,#2200,#2201,#2202,#2203,
#2204,#2205,#2206,#2207,#2208,#2209,#2210,#2211,#2212,#2213,#2214,#2215,
#2216,#2217,#2218,#2219,#2220,#2221,#2222,#2223,#2224,#2225,#2226,#2227,
#2228,#2229,#2230,#2231,#2232,#2233,#2234,#2235,#2236,#2237,#2238,#2239,
#2240,#2241,#2242,#2243,#2244,#2245,#2246,#2247,#2248,#2249,#2250,#2251,
#2252,#2253,#2254,#2255,#2256,#2257,#2258,#2259,#2260,#2261,#2262,#2263,
#2264,#2265,#2266,#2267,#2268,#2269,#2270,#2271,#2272,#2273,#2274,#2275,
#2276,#2277,#2278,#2279,#2280,#2281,#2282,#2283,#2284,#2285,#2286,#2287));
#2289=DERIVED_UNIT_ELEMENT(#2291,1.);
#2290=DERIVED_UNIT_ELEMENT(#3810,-3.);
#2291=(
MASS_UNIT()
NAMED_UNIT(*)
SI_UNIT(.KILO.,.GRAM.)
);
#2292=DERIVED_UNIT((#2289,#2290));
#2293=MEASURE_REPRESENTATION_ITEM('density measure',
POSITIVE_RATIO_MEASURE(7850.),#2292);
#2294=PROPERTY_DEFINITION_REPRESENTATION(#2299,#2296);
#2295=PROPERTY_DEFINITION_REPRESENTATION(#2300,#2297);
#2296=REPRESENTATION('material name',(#2298),#3807);
#2297=REPRESENTATION('density',(#2293),#3807);
#2298=DESCRIPTIVE_REPRESENTATION_ITEM('Steel','Steel');
#2299=PROPERTY_DEFINITION('material property','material name',#3817);
#2300=PROPERTY_DEFINITION('material property','density of part',#3817);
#2301=AXIS2_PLACEMENT_3D('',#3115,#2489,#2490);
#2302=AXIS2_PLACEMENT_3D('',#3116,#2491,#2492);
#2303=AXIS2_PLACEMENT_3D('',#3125,#2497,#2498);
#2304=AXIS2_PLACEMENT_3D('',#3131,#2502,#2503);
#2305=AXIS2_PLACEMENT_3D('',#3137,#2507,#2508);
#2306=AXIS2_PLACEMENT_3D('',#3145,#2512,#2513);
#2307=AXIS2_PLACEMENT_3D('',#3149,#2515,#2516);
#2308=AXIS2_PLACEMENT_3D('',#3153,#2518,#2519);
#2309=AXIS2_PLACEMENT_3D('',#3155,#2520,#2521);
#2310=AXIS2_PLACEMENT_3D('',#3157,#2522,#2523);
#2311=AXIS2_PLACEMENT_3D('',#3161,#2525,#2526);
#2312=AXIS2_PLACEMENT_3D('',#3163,#2527,#2528);
#2313=AXIS2_PLACEMENT_3D('',#3241,#2568,#2569);
#2314=AXIS2_PLACEMENT_3D('',#3247,#2572,#2573);
#2315=AXIS2_PLACEMENT_3D('',#3251,#2575,#2576);
#2316=AXIS2_PLACEMENT_3D('',#3255,#2578,#2579);
#2317=AXIS2_PLACEMENT_3D('',#3258,#2581,#2582);
#2318=AXIS2_PLACEMENT_3D('',#3260,#2583,#2584);
#2319=AXIS2_PLACEMENT_3D('',#3262,#2585,#2586);
#2320=AXIS2_PLACEMENT_3D('',#3336,#2623,#2624);
#2321=AXIS2_PLACEMENT_3D('',#3338,#2625,#2626);
#2322=AXIS2_PLACEMENT_3D('',#3339,#2627,#2628);
#2323=AXIS2_PLACEMENT_3D('',#3342,#2631,#2632);
#2324=AXIS2_PLACEMENT_3D('',#3344,#2634,#2635);
#2325=AXIS2_PLACEMENT_3D('',#3346,#2637,#2638);
#2326=AXIS2_PLACEMENT_3D('',#3347,#2639,#2640);
#2327=AXIS2_PLACEMENT_3D('',#3350,#2643,#2644);
#2328=AXIS2_PLACEMENT_3D('',#3352,#2646,#2647);
#2329=AXIS2_PLACEMENT_3D('',#3355,#2650,#2651);
#2330=AXIS2_PLACEMENT_3D('',#3357,#2653,#2654);
#2331=AXIS2_PLACEMENT_3D('',#3360,#2657,#2658);
#2332=AXIS2_PLACEMENT_3D('',#3362,#2660,#2661);
#2333=AXIS2_PLACEMENT_3D('',#3365,#2664,#2665);
#2334=AXIS2_PLACEMENT_3D('',#3367,#2667,#2668);
#2335=AXIS2_PLACEMENT_3D('',#3370,#2671,#2672);
#2336=AXIS2_PLACEMENT_3D('',#3372,#2674,#2675);
#2337=AXIS2_PLACEMENT_3D('',#3375,#2678,#2679);
#2338=AXIS2_PLACEMENT_3D('',#3377,#2681,#2682);
#2339=AXIS2_PLACEMENT_3D('',#3380,#2685,#2686);
#2340=AXIS2_PLACEMENT_3D('',#3382,#2688,#2689);
#2341=AXIS2_PLACEMENT_3D('',#3385,#2692,#2693);
#2342=AXIS2_PLACEMENT_3D('',#3387,#2695,#2696);
#2343=AXIS2_PLACEMENT_3D('',#3389,#2698,#2699);
#2344=AXIS2_PLACEMENT_3D('',#3391,#2701,#2702);
#2345=AXIS2_PLACEMENT_3D('',#3393,#2704,#2705);
#2346=AXIS2_PLACEMENT_3D('',#3395,#2707,#2708);
#2347=AXIS2_PLACEMENT_3D('',#3397,#2710,#2711);
#2348=AXIS2_PLACEMENT_3D('',#3399,#2713,#2714);
#2349=AXIS2_PLACEMENT_3D('',#3400,#2715,#2716);
#2350=AXIS2_PLACEMENT_3D('',#3401,#2717,#2718);
#2351=AXIS2_PLACEMENT_3D('',#3402,#2719,#2720);
#2352=AXIS2_PLACEMENT_3D('',#3404,#2722,#2723);
#2353=AXIS2_PLACEMENT_3D('',#3405,#2724,#2725);
#2354=AXIS2_PLACEMENT_3D('',#3406,#2726,#2727);
#2355=AXIS2_PLACEMENT_3D('',#3407,#2728,#2729);
#2356=AXIS2_PLACEMENT_3D('',#3408,#2730,#2731);
#2357=AXIS2_PLACEMENT_3D('',#3410,#2733,#2734);
#2358=AXIS2_PLACEMENT_3D('',#3411,#2735,#2736);
#2359=AXIS2_PLACEMENT_3D('',#3415,#2738,#2739);
#2360=AXIS2_PLACEMENT_3D('',#3417,#2741,#2742);
#2361=AXIS2_PLACEMENT_3D('',#3421,#2745,#2746);
#2362=AXIS2_PLACEMENT_3D('',#3424,#2748,#2749);
#2363=AXIS2_PLACEMENT_3D('',#3425,#2750,#2751);
#2364=AXIS2_PLACEMENT_3D('',#3429,#2754,#2755);
#2365=AXIS2_PLACEMENT_3D('',#3432,#2757,#2758);
#2366=AXIS2_PLACEMENT_3D('',#3433,#2759,#2760);
#2367=AXIS2_PLACEMENT_3D('',#3437,#2763,#2764);
#2368=AXIS2_PLACEMENT_3D('',#3440,#2766,#2767);
#2369=AXIS2_PLACEMENT_3D('',#3441,#2768,#2769);
#2370=AXIS2_PLACEMENT_3D('',#3449,#2774,#2775);
#2371=AXIS2_PLACEMENT_3D('',#3454,#2777,#2778);
#2372=AXIS2_PLACEMENT_3D('',#3457,#2780,#2781);
#2373=AXIS2_PLACEMENT_3D('',#3458,#2782,#2783);
#2374=AXIS2_PLACEMENT_3D('',#3461,#2784,#2785);
#2375=AXIS2_PLACEMENT_3D('',#3465,#2787,#2788);
#2376=AXIS2_PLACEMENT_3D('',#3484,#2790,#2791);
#2377=AXIS2_PLACEMENT_3D('',#3485,#2792,#2793);
#2378=AXIS2_PLACEMENT_3D('',#3486,#2794,#2795);
#2379=AXIS2_PLACEMENT_3D('',#3487,#2796,#2797);
#2380=AXIS2_PLACEMENT_3D('',#3490,#2798,#2799);
#2381=AXIS2_PLACEMENT_3D('',#3510,#2802,#2803);
#2382=AXIS2_PLACEMENT_3D('',#3511,#2804,#2805);
#2383=AXIS2_PLACEMENT_3D('',#3512,#2806,#2807);
#2384=AXIS2_PLACEMENT_3D('',#3513,#2808,#2809);
#2385=AXIS2_PLACEMENT_3D('',#3527,#2812,#2813);
#2386=AXIS2_PLACEMENT_3D('',#3528,#2814,#2815);
#2387=AXIS2_PLACEMENT_3D('',#3529,#2816,#2817);
#2388=AXIS2_PLACEMENT_3D('',#3530,#2818,#2819);
#2389=AXIS2_PLACEMENT_3D('',#3533,#2820,#2821);
#2390=AXIS2_PLACEMENT_3D('',#3536,#2824,#2825);
#2391=AXIS2_PLACEMENT_3D('',#3541,#2829,#2830);
#2392=AXIS2_PLACEMENT_3D('',#3549,#2835,#2836);
#2393=AXIS2_PLACEMENT_3D('',#3552,#2838,#2839);
#2394=AXIS2_PLACEMENT_3D('',#3553,#2840,#2841);
#2395=AXIS2_PLACEMENT_3D('',#3557,#2844,#2845);
#2396=AXIS2_PLACEMENT_3D('',#3561,#2848,#2849);
#2397=AXIS2_PLACEMENT_3D('',#3564,#2851,#2852);
#2398=AXIS2_PLACEMENT_3D('',#3565,#2853,#2854);
#2399=AXIS2_PLACEMENT_3D('',#3569,#2857,#2858);
#2400=AXIS2_PLACEMENT_3D('',#3572,#2860,#2861);
#2401=AXIS2_PLACEMENT_3D('',#3573,#2862,#2863);
#2402=AXIS2_PLACEMENT_3D('',#3579,#2867,#2868);
#2403=AXIS2_PLACEMENT_3D('',#3583,#2870,#2871);
#2404=AXIS2_PLACEMENT_3D('',#3585,#2873,#2874);
#2405=AXIS2_PLACEMENT_3D('',#3589,#2877,#2878);
#2406=AXIS2_PLACEMENT_3D('',#3591,#2879,#2880);
#2407=AXIS2_PLACEMENT_3D('',#3592,#2881,#2882);
#2408=AXIS2_PLACEMENT_3D('',#3594,#2884,#2885);
#2409=AXIS2_PLACEMENT_3D('',#3597,#2886,#2887);
#2410=AXIS2_PLACEMENT_3D('',#3601,#2889,#2890);
#2411=AXIS2_PLACEMENT_3D('',#3603,#2892,#2893);
#2412=AXIS2_PLACEMENT_3D('',#3609,#2897,#2898);
#2413=AXIS2_PLACEMENT_3D('',#3612,#2899,#2900);
#2414=AXIS2_PLACEMENT_3D('',#3616,#2902,#2903);
#2415=AXIS2_PLACEMENT_3D('',#3618,#2905,#2906);
#2416=AXIS2_PLACEMENT_3D('',#3621,#2909,#2910);
#2417=AXIS2_PLACEMENT_3D('',#3624,#2911,#2912);
#2418=AXIS2_PLACEMENT_3D('',#3628,#2914,#2915);
#2419=AXIS2_PLACEMENT_3D('',#3630,#2917,#2918);
#2420=AXIS2_PLACEMENT_3D('',#3633,#2921,#2922);
#2421=AXIS2_PLACEMENT_3D('',#3635,#2923,#2924);
#2422=AXIS2_PLACEMENT_3D('',#3637,#2925,#2926);
#2423=AXIS2_PLACEMENT_3D('',#3639,#2928,#2929);
#2424=AXIS2_PLACEMENT_3D('',#3642,#2932,#2933);
#2425=AXIS2_PLACEMENT_3D('',#3646,#2935,#2936);
#2426=AXIS2_PLACEMENT_3D('',#3648,#2937,#2938);
#2427=AXIS2_PLACEMENT_3D('',#3652,#2940,#2941);
#2428=AXIS2_PLACEMENT_3D('',#3654,#2942,#2943);
#2429=AXIS2_PLACEMENT_3D('',#3655,#2944,#2945);
#2430=AXIS2_PLACEMENT_3D('',#3659,#2947,#2948);
#2431=AXIS2_PLACEMENT_3D('',#3663,#2951,#2952);
#2432=AXIS2_PLACEMENT_3D('',#3666,#2954,#2955);
#2433=AXIS2_PLACEMENT_3D('',#3667,#2956,#2957);
#2434=AXIS2_PLACEMENT_3D('',#3668,#2958,#2959);
#2435=AXIS2_PLACEMENT_3D('',#3671,#2961,#2962);
#2436=AXIS2_PLACEMENT_3D('',#3672,#2963,#2964);
#2437=AXIS2_PLACEMENT_3D('',#3673,#2965,#2966);
#2438=AXIS2_PLACEMENT_3D('',#3676,#2968,#2969);
#2439=AXIS2_PLACEMENT_3D('',#3677,#2970,#2971);
#2440=AXIS2_PLACEMENT_3D('',#3678,#2972,#2973);
#2441=AXIS2_PLACEMENT_3D('',#3681,#2976,#2977);
#2442=AXIS2_PLACEMENT_3D('',#3683,#2979,#2980);
#2443=AXIS2_PLACEMENT_3D('',#3685,#2982,#2983);
#2444=AXIS2_PLACEMENT_3D('',#3687,#2985,#2986);
#2445=AXIS2_PLACEMENT_3D('',#3690,#2989,#2990);
#2446=AXIS2_PLACEMENT_3D('',#3691,#2991,#2992);
#2447=AXIS2_PLACEMENT_3D('',#3693,#2994,#2995);
#2448=AXIS2_PLACEMENT_3D('',#3695,#2996,#2997);
#2449=AXIS2_PLACEMENT_3D('',#3699,#2999,#3000);
#2450=AXIS2_PLACEMENT_3D('',#3705,#3003,#3004);
#2451=AXIS2_PLACEMENT_3D('',#3708,#3006,#3007);
#2452=AXIS2_PLACEMENT_3D('',#3710,#3008,#3009);
#2453=AXIS2_PLACEMENT_3D('',#3714,#3011,#3012);
#2454=AXIS2_PLACEMENT_3D('',#3718,#3014,#3015);
#2455=AXIS2_PLACEMENT_3D('',#3722,#3017,#3018);
#2456=AXIS2_PLACEMENT_3D('',#3726,#3020,#3021);
#2457=AXIS2_PLACEMENT_3D('',#3728,#3023,#3024);
#2458=AXIS2_PLACEMENT_3D('',#3732,#3026,#3027);
#2459=AXIS2_PLACEMENT_3D('',#3734,#3029,#3030);
#2460=AXIS2_PLACEMENT_3D('',#3738,#3033,#3034);
#2461=AXIS2_PLACEMENT_3D('',#3741,#3036,#3037);
#2462=AXIS2_PLACEMENT_3D('',#3742,#3038,#3039);
#2463=AXIS2_PLACEMENT_3D('',#3746,#3042,#3043);
#2464=AXIS2_PLACEMENT_3D('',#3749,#3045,#3046);
#2465=AXIS2_PLACEMENT_3D('',#3750,#3047,#3048);
#2466=AXIS2_PLACEMENT_3D('',#3754,#3051,#3052);
#2467=AXIS2_PLACEMENT_3D('',#3757,#3054,#3055);
#2468=AXIS2_PLACEMENT_3D('',#3758,#3056,#3057);
#2469=AXIS2_PLACEMENT_3D('',#3762,#3060,#3061);
#2470=AXIS2_PLACEMENT_3D('',#3763,#3062,#3063);
#2471=AXIS2_PLACEMENT_3D('',#3764,#3064,#3065);
#2472=AXIS2_PLACEMENT_3D('',#3766,#3066,#3067);
#2473=AXIS2_PLACEMENT_3D('',#3768,#3069,#3070);
#2474=AXIS2_PLACEMENT_3D('',#3772,#3073,#3074);
#2475=AXIS2_PLACEMENT_3D('',#3773,#3075,#3076);
#2476=AXIS2_PLACEMENT_3D('',#3775,#3078,#3079);
#2477=AXIS2_PLACEMENT_3D('',#3776,#3080,#3081);
#2478=AXIS2_PLACEMENT_3D('',#3778,#3083,#3084);
#2479=AXIS2_PLACEMENT_3D('',#3782,#3087,#3088);
#2480=AXIS2_PLACEMENT_3D('',#3784,#3089,#3090);
#2481=AXIS2_PLACEMENT_3D('',#3786,#3092,#3093);
#2482=AXIS2_PLACEMENT_3D('',#3790,#3096,#3097);
#2483=AXIS2_PLACEMENT_3D('',#3794,#3100,#3101);
#2484=AXIS2_PLACEMENT_3D('',#3796,#3102,#3103);
#2485=AXIS2_PLACEMENT_3D('',#3798,#3105,#3106);
#2486=AXIS2_PLACEMENT_3D('',#3802,#3109,#3110);
#2487=AXIS2_PLACEMENT_3D('',#3803,#3111,#3112);
#2488=AXIS2_PLACEMENT_3D('',#3804,#3113,#3114);
#2489=DIRECTION('axis',(0.,0.,1.));
#2490=DIRECTION('refdir',(1.,0.,0.));
#2491=DIRECTION('center_axis',(1.13153930669796E-11,1.,0.));
#2492=DIRECTION('ref_axis',(0.,0.,1.));
#2493=DIRECTION('',(0.,0.,-1.));
#2494=DIRECTION('',(1.,-1.13191965821553E-11,0.));
#2495=DIRECTION('',(0.,0.,1.));
#2496=DIRECTION('',(-1.,1.13191965821553E-11,0.));
#2497=DIRECTION('center_axis',(0.,0.,1.));
#2498=DIRECTION('ref_axis',(1.,0.,0.));
#2499=DIRECTION('',(8.34544996269144E-16,1.,0.));
#2500=DIRECTION('',(1.,-1.13153930669796E-11,0.));
#2501=DIRECTION('',(-7.2751734784053E-15,-1.,0.));
#2502=DIRECTION('center_axis',(1.13153930669796E-11,1.,0.));
#2503=DIRECTION('ref_axis',(0.,0.,1.));
#2504=DIRECTION('',(0.,0.,1.));
#2505=DIRECTION('',(-1.,1.13191965821553E-11,0.));
#2506=DIRECTION('',(0.,0.,-1.));
#2507=DIRECTION('center_axis',(0.,0.,1.));
#2508=DIRECTION('ref_axis',(1.,0.,0.));
#2509=DIRECTION('',(8.34544996269144E-16,1.,0.));
#2510=DIRECTION('',(-1.,1.12798659301916E-11,0.));
#2511=DIRECTION('',(5.3815947646738E-17,1.,0.));
#2512=DIRECTION('center_axis',(0.,0.,-1.));
#2513=DIRECTION('ref_axis',(-0.707106781186548,-0.707106781186548,0.));
#2514=DIRECTION('',(-1.,7.02117327826186E-16,0.));
#2515=DIRECTION('center_axis',(0.,0.,-1.));
#2516=DIRECTION('ref_axis',(0.707106781186548,-0.707106781186548,0.));
#2517=DIRECTION('',(-1.72770847546935E-15,-1.,0.));
#2518=DIRECTION('center_axis',(0.,0.,1.));
#2519=DIRECTION('ref_axis',(-0.919368318126889,0.393397884621327,0.));
#2520=DIRECTION('center_axis',(0.,0.,-1.));
#2521=DIRECTION('ref_axis',(0.967384221834916,-0.253313575129433,0.));
#2522=DIRECTION('center_axis',(0.,0.,1.));
#2523=DIRECTION('ref_axis',(-0.707106661886669,0.707106900486406,0.));
#2524=DIRECTION('',(-0.707106781186579,-0.707106781186516,0.));
#2525=DIRECTION('center_axis',(0.,0.,-1.));
#2526=DIRECTION('ref_axis',(0.883203505913559,0.468989943540368,0.));
#2527=DIRECTION('center_axis',(0.,0.,1.));
#2528=DIRECTION('ref_axis',(-0.985292279721298,-0.170877510286194,0.));
#2529=DIRECTION('',(-7.23640832493023E-15,-1.,0.));
#2530=DIRECTION('',(-1.,1.13242748511766E-11,0.));
#2531=DIRECTION('',(-7.2751734784053E-15,-1.,0.));
#2532=DIRECTION('',(1.,0.,0.));
#2533=DIRECTION('',(0.,-1.,0.));
#2534=DIRECTION('',(-1.,0.,0.));
#2535=DIRECTION('',(0.,1.,0.));
#2536=DIRECTION('',(1.,0.,0.));
#2537=DIRECTION('',(0.,-1.,0.));
#2538=DIRECTION('',(-1.,0.,0.));
#2539=DIRECTION('',(0.,1.,0.));
#2540=DIRECTION('',(1.,0.,0.));
#2541=DIRECTION('',(0.,-1.,0.));
#2542=DIRECTION('',(-1.,0.,0.));
#2543=DIRECTION('',(0.,1.,0.));
#2544=DIRECTION('',(1.,0.,0.));
#2545=DIRECTION('',(0.,-1.,0.));
#2546=DIRECTION('',(-1.,0.,0.));
#2547=DIRECTION('',(0.,1.,0.));
#2548=DIRECTION('',(1.,0.,0.));
#2549=DIRECTION('',(0.,-1.,0.));
#2550=DIRECTION('',(-1.,0.,0.));
#2551=DIRECTION('',(0.,1.,0.));
#2552=DIRECTION('',(0.,1.,0.));
#2553=DIRECTION('',(1.,0.,0.));
#2554=DIRECTION('',(0.,-1.,0.));
#2555=DIRECTION('',(-1.,0.,0.));
#2556=DIRECTION('',(-1.,0.,0.));
#2557=DIRECTION('',(0.,1.,0.));
#2558=DIRECTION('',(1.,0.,0.));
#2559=DIRECTION('',(0.,-1.,0.));
#2560=DIRECTION('',(0.,1.,0.));
#2561=DIRECTION('',(1.,0.,0.));
#2562=DIRECTION('',(0.,-1.,0.));
#2563=DIRECTION('',(-1.,0.,0.));
#2564=DIRECTION('',(0.,1.,0.));
#2565=DIRECTION('',(1.,0.,0.));
#2566=DIRECTION('',(0.,-1.,0.));
#2567=DIRECTION('',(-1.,0.,0.));
#2568=DIRECTION('center_axis',(0.,0.,1.));
#2569=DIRECTION('ref_axis',(1.,0.,0.));
#2570=DIRECTION('',(-8.34544996269144E-16,-1.,0.));
#2571=DIRECTION('',(7.2751734784053E-15,1.,0.));
#2572=DIRECTION('center_axis',(0.,0.,1.));
#2573=DIRECTION('ref_axis',(0.707106916393836,-0.707106645979234,0.));
#2574=DIRECTION('',(0.707106781186578,0.707106781186517,0.));
#2575=DIRECTION('center_axis',(0.,0.,-1.));
#2576=DIRECTION('ref_axis',(-0.707106429914624,0.707107132458297,0.));
#2577=DIRECTION('',(1.66747005166306E-15,1.,0.));
#2578=DIRECTION('center_axis',(0.,0.,1.));
#2579=DIRECTION('ref_axis',(-6.79159553858343E-7,-0.999999999999769,0.));
#2580=DIRECTION('',(1.,-6.74395156959318E-16,0.));
#2581=DIRECTION('center_axis',(0.,0.,1.));
#2582=DIRECTION('ref_axis',(-0.999999999999769,6.79159557895515E-7,0.));
#2583=DIRECTION('center_axis',(0.,0.,-1.));
#2584=DIRECTION('ref_axis',(-1.,0.,0.));
#2585=DIRECTION('center_axis',(0.,0.,-1.));
#2586=DIRECTION('ref_axis',(-1.,0.,0.));
#2587=DIRECTION('',(-1.,0.,0.));
#2588=DIRECTION('',(0.,-1.,0.));
#2589=DIRECTION('',(1.,0.,0.));
#2590=DIRECTION('',(0.,1.,0.));
#2591=DIRECTION('',(-1.,0.,0.));
#2592=DIRECTION('',(0.,-1.,0.));
#2593=DIRECTION('',(1.,0.,0.));
#2594=DIRECTION('',(0.,1.,0.));
#2595=DIRECTION('',(-1.,0.,0.));
#2596=DIRECTION('',(0.,-1.,0.));
#2597=DIRECTION('',(1.,0.,0.));
#2598=DIRECTION('',(0.,1.,0.));
#2599=DIRECTION('',(-1.,0.,0.));
#2600=DIRECTION('',(0.,-1.,0.));
#2601=DIRECTION('',(1.,0.,0.));
#2602=DIRECTION('',(0.,1.,0.));
#2603=DIRECTION('',(-1.,0.,0.));
#2604=DIRECTION('',(0.,-1.,0.));
#2605=DIRECTION('',(1.,0.,0.));
#2606=DIRECTION('',(0.,1.,0.));
#2607=DIRECTION('',(-1.,0.,0.));
#2608=DIRECTION('',(0.,-1.,0.));
#2609=DIRECTION('',(1.,0.,0.));
#2610=DIRECTION('',(0.,1.,0.));
#2611=DIRECTION('',(0.,1.,0.));
#2612=DIRECTION('',(-1.,0.,0.));
#2613=DIRECTION('',(0.,-1.,0.));
#2614=DIRECTION('',(1.,0.,0.));
#2615=DIRECTION('',(-1.,0.,0.));
#2616=DIRECTION('',(0.,-1.,0.));
#2617=DIRECTION('',(1.,0.,0.));
#2618=DIRECTION('',(0.,1.,0.));
#2619=DIRECTION('',(0.,-1.,0.));
#2620=DIRECTION('',(1.,0.,0.));
#2621=DIRECTION('',(0.,1.,0.));
#2622=DIRECTION('',(-1.,0.,0.));
#2623=DIRECTION('center_axis',(0.,0.,-1.));
#2624=DIRECTION('ref_axis',(-1.,0.,0.));
#2625=DIRECTION('center_axis',(0.,0.,-1.));
#2626=DIRECTION('ref_axis',(-1.,0.,0.));
#2627=DIRECTION('center_axis',(1.,0.,0.));
#2628=DIRECTION('ref_axis',(0.,1.,0.));
#2629=DIRECTION('',(0.,0.,1.));
#2630=DIRECTION('',(0.,0.,1.));
#2631=DIRECTION('center_axis',(0.,1.,0.));
#2632=DIRECTION('ref_axis',(-1.,0.,0.));
#2633=DIRECTION('',(0.,0.,1.));
#2634=DIRECTION('center_axis',(-1.,0.,0.));
#2635=DIRECTION('ref_axis',(0.,-1.,0.));
#2636=DIRECTION('',(0.,0.,-1.));
#2637=DIRECTION('center_axis',(0.,-1.,0.));
#2638=DIRECTION('ref_axis',(1.,0.,0.));
#2639=DIRECTION('center_axis',(-1.,0.,0.));
#2640=DIRECTION('ref_axis',(0.,-1.,0.));
#2641=DIRECTION('',(0.,0.,1.));
#2642=DIRECTION('',(0.,0.,1.));
#2643=DIRECTION('center_axis',(0.,1.,0.));
#2644=DIRECTION('ref_axis',(-1.,0.,0.));
#2645=DIRECTION('',(0.,0.,1.));
#2646=DIRECTION('center_axis',(-1.,0.,0.));
#2647=DIRECTION('ref_axis',(0.,-1.,0.));
#2648=DIRECTION('',(0.,0.,1.));
#2649=DIRECTION('',(0.,0.,1.));
#2650=DIRECTION('center_axis',(0.,1.,0.));
#2651=DIRECTION('ref_axis',(-1.,0.,0.));
#2652=DIRECTION('',(0.,0.,1.));
#2653=DIRECTION('center_axis',(-1.,0.,0.));
#2654=DIRECTION('ref_axis',(0.,-1.,0.));
#2655=DIRECTION('',(0.,0.,1.));
#2656=DIRECTION('',(0.,0.,1.));
#2657=DIRECTION('center_axis',(0.,1.,0.));
#2658=DIRECTION('ref_axis',(-1.,0.,0.));
#2659=DIRECTION('',(0.,0.,1.));
#2660=DIRECTION('center_axis',(-1.,0.,0.));
#2661=DIRECTION('ref_axis',(0.,-1.,0.));
#2662=DIRECTION('',(0.,0.,1.));
#2663=DIRECTION('',(0.,0.,1.));
#2664=DIRECTION('center_axis',(0.,1.,0.));
#2665=DIRECTION('ref_axis',(-1.,0.,0.));
#2666=DIRECTION('',(0.,0.,1.));
#2667=DIRECTION('center_axis',(-1.,0.,0.));
#2668=DIRECTION('ref_axis',(0.,-1.,0.));
#2669=DIRECTION('',(0.,0.,1.));
#2670=DIRECTION('',(0.,0.,1.));
#2671=DIRECTION('center_axis',(0.,1.,0.));
#2672=DIRECTION('ref_axis',(-1.,0.,0.));
#2673=DIRECTION('',(0.,0.,1.));
#2674=DIRECTION('center_axis',(-1.,0.,0.));
#2675=DIRECTION('ref_axis',(0.,-1.,0.));
#2676=DIRECTION('',(0.,0.,1.));
#2677=DIRECTION('',(0.,0.,1.));
#2678=DIRECTION('center_axis',(0.,1.,0.));
#2679=DIRECTION('ref_axis',(-1.,0.,0.));
#2680=DIRECTION('',(0.,0.,1.));
#2681=DIRECTION('center_axis',(0.,1.,0.));
#2682=DIRECTION('ref_axis',(-1.,0.,0.));
#2683=DIRECTION('',(0.,0.,1.));
#2684=DIRECTION('',(0.,0.,1.));
#2685=DIRECTION('center_axis',(1.,0.,0.));
#2686=DIRECTION('ref_axis',(0.,1.,0.));
#2687=DIRECTION('',(0.,0.,1.));
#2688=DIRECTION('center_axis',(-1.,0.,0.));
#2689=DIRECTION('ref_axis',(0.,-1.,0.));
#2690=DIRECTION('',(0.,0.,1.));
#2691=DIRECTION('',(0.,0.,1.));
#2692=DIRECTION('center_axis',(0.,1.,0.));
#2693=DIRECTION('ref_axis',(-1.,0.,0.));
#2694=DIRECTION('',(0.,0.,1.));
#2695=DIRECTION('center_axis',(1.,0.,0.));
#2696=DIRECTION('ref_axis',(0.,1.,0.));
#2697=DIRECTION('',(0.,0.,1.));
#2698=DIRECTION('center_axis',(1.,0.,0.));
#2699=DIRECTION('ref_axis',(0.,1.,0.));
#2700=DIRECTION('',(0.,0.,1.));
#2701=DIRECTION('center_axis',(1.,0.,0.));
#2702=DIRECTION('ref_axis',(0.,1.,0.));
#2703=DIRECTION('',(0.,0.,1.));
#2704=DIRECTION('center_axis',(1.,0.,0.));
#2705=DIRECTION('ref_axis',(0.,1.,0.));
#2706=DIRECTION('',(0.,0.,1.));
#2707=DIRECTION('center_axis',(1.,0.,0.));
#2708=DIRECTION('ref_axis',(0.,1.,0.));
#2709=DIRECTION('',(0.,0.,1.));
#2710=DIRECTION('center_axis',(-1.,0.,0.));
#2711=DIRECTION('ref_axis',(0.,-1.,0.));
#2712=DIRECTION('',(0.,0.,1.));
#2713=DIRECTION('center_axis',(0.,-1.,0.));
#2714=DIRECTION('ref_axis',(1.,0.,0.));
#2715=DIRECTION('center_axis',(0.,-1.,0.));
#2716=DIRECTION('ref_axis',(1.,0.,0.));
#2717=DIRECTION('center_axis',(0.,-1.,0.));
#2718=DIRECTION('ref_axis',(1.,0.,0.));
#2719=DIRECTION('center_axis',(0.,-1.,0.));
#2720=DIRECTION('ref_axis',(1.,0.,0.));
#2721=DIRECTION('',(0.,0.,1.));
#2722=DIRECTION('center_axis',(1.,0.,0.));
#2723=DIRECTION('ref_axis',(0.,1.,0.));
#2724=DIRECTION('center_axis',(0.,-1.,0.));
#2725=DIRECTION('ref_axis',(1.,0.,0.));
#2726=DIRECTION('center_axis',(0.,-1.,0.));
#2727=DIRECTION('ref_axis',(1.,0.,0.));
#2728=DIRECTION('center_axis',(0.,-1.,0.));
#2729=DIRECTION('ref_axis',(1.,0.,0.));
#2730=DIRECTION('center_axis',(0.,-1.,0.));
#2731=DIRECTION('ref_axis',(1.,0.,0.));
#2732=DIRECTION('',(0.,0.,1.));
#2733=DIRECTION('center_axis',(1.,0.,0.));
#2734=DIRECTION('ref_axis',(0.,1.,0.));
#2735=DIRECTION('center_axis',(0.,0.,1.));
#2736=DIRECTION('ref_axis',(-0.999999999999769,6.79159557895515E-7,0.));
#2737=DIRECTION('',(0.,0.,1.));
#2738=DIRECTION('center_axis',(0.,0.,-1.));
#2739=DIRECTION('ref_axis',(-0.999999999999769,6.79159557895515E-7,0.));
#2740=DIRECTION('',(0.,0.,1.));
#2741=DIRECTION('center_axis',(6.74395156959318E-16,1.,0.));
#2742=DIRECTION('ref_axis',(-1.,6.74395156959318E-16,0.));
#2743=DIRECTION('',(0.,0.,1.));
#2744=DIRECTION('',(-1.,6.74395156959318E-16,0.));
#2745=DIRECTION('center_axis',(0.,0.,1.));
#2746=DIRECTION('ref_axis',(-6.79159553858343E-7,-0.999999999999769,0.));
#2747=DIRECTION('',(0.,0.,1.));
#2748=DIRECTION('center_axis',(0.,0.,-1.));
#2749=DIRECTION('ref_axis',(-6.79159553858343E-7,-0.999999999999769,0.));
#2750=DIRECTION('center_axis',(-1.,1.66747005166306E-15,0.));
#2751=DIRECTION('ref_axis',(-1.66747005166306E-15,-1.,0.));
#2752=DIRECTION('',(0.,0.,1.));
#2753=DIRECTION('',(-1.66747005166306E-15,-1.,0.));
#2754=DIRECTION('center_axis',(0.,0.,1.));
#2755=DIRECTION('ref_axis',(-0.707106429914624,0.707107132458297,0.));
#2756=DIRECTION('',(0.,0.,1.));
#2757=DIRECTION('center_axis',(0.,0.,1.));
#2758=DIRECTION('ref_axis',(-0.707106429914624,0.707107132458297,0.));
#2759=DIRECTION('center_axis',(-0.707106781186517,0.707106781186578,0.));
#2760=DIRECTION('ref_axis',(-0.707106781186578,-0.707106781186517,0.));
#2761=DIRECTION('',(0.,0.,-1.));
#2762=DIRECTION('',(-0.707106781186578,-0.707106781186517,0.));
#2763=DIRECTION('center_axis',(0.,0.,1.));
#2764=DIRECTION('ref_axis',(0.707106916393836,-0.707106645979234,0.));
#2765=DIRECTION('',(0.,0.,1.));
#2766=DIRECTION('center_axis',(0.,0.,-1.));
#2767=DIRECTION('ref_axis',(0.707106916393836,-0.707106645979234,0.));
#2768=DIRECTION('center_axis',(-1.,7.2751734784053E-15,0.));
#2769=DIRECTION('ref_axis',(-7.2751734784053E-15,-1.,0.));
#2770=DIRECTION('',(0.,0.,1.));
#2771=DIRECTION('',(-7.2751734784053E-15,-1.,0.));
#2772=DIRECTION('',(0.,0.,1.));
#2773=DIRECTION('',(-7.2751734784053E-15,-1.,0.));
#2774=DIRECTION('center_axis',(0.707106827394929,0.707106734978163,0.));
#2775=DIRECTION('ref_axis',(0.499999967325738,-0.500000032674259,0.707106781186548));
#2776=DIRECTION('',(0.707106827394929,0.707106734978163,0.));
#2777=DIRECTION('center_axis',(-0.707106827394932,-0.70710673497816,0.));
#2778=DIRECTION('ref_axis',(0.70710673497816,-0.707106827394932,0.));
#2779=DIRECTION('',(-0.707106827394929,-0.707106734978163,0.));
#2780=DIRECTION('center_axis',(0.382683456623012,0.923879522463326,1.02571231781848E-15));
#2781=DIRECTION('ref_axis',(-0.923879522463326,0.382683456623012,2.47628831497055E-15));
#2782=DIRECTION('center_axis',(-7.12145075480586E-15,-1.,0.));
#2783=DIRECTION('ref_axis',(-0.707106781186548,4.71027737605132E-15,0.707106781186547));
#2784=DIRECTION('center_axis',(-1.12798659301916E-11,-1.,0.));
#2785=DIRECTION('ref_axis',(-0.707106781186548,4.71027737605132E-15,0.707106781186547));
#2786=DIRECTION('',(-7.12145075480586E-15,-1.,0.));
#2787=DIRECTION('center_axis',(8.88178419700124E-15,1.,0.));
#2788=DIRECTION('ref_axis',(-1.,8.88178419700124E-15,0.));
#2789=DIRECTION('',(7.12145075480586E-15,1.,0.));
#2790=DIRECTION('center_axis',(-0.999999999999721,-7.47075561413521E-7,
0.));
#2791=DIRECTION('ref_axis',(7.47075561413521E-7,-0.999999999999721,0.));
#2792=DIRECTION('center_axis',(0.,0.,-1.));
#2793=DIRECTION('ref_axis',(-0.707106649120939,-0.707106913252131,0.));
#2794=DIRECTION('center_axis',(0.,0.,1.));
#2795=DIRECTION('ref_axis',(-0.707106649120939,-0.707106913252131,0.));
#2796=DIRECTION('center_axis',(1.,-8.36250011706783E-15,0.));
#2797=DIRECTION('ref_axis',(-6.28036983473511E-15,-0.707106781186546,0.707106781186549));
#2798=DIRECTION('center_axis',(-1.,8.88178419700124E-15,0.));
#2799=DIRECTION('ref_axis',(-8.88178419700124E-15,-1.,0.));
#2800=DIRECTION('',(-1.,8.36250011706783E-15,0.));
#2801=DIRECTION('',(1.,-8.36250011706783E-15,0.));
#2802=DIRECTION('center_axis',(7.47075565854413E-7,-0.999999999999721,0.));
#2803=DIRECTION('ref_axis',(0.999999999999721,7.47075565854413E-7,0.));
#2804=DIRECTION('center_axis',(0.,0.,-1.));
#2805=DIRECTION('ref_axis',(0.707106913252134,-0.707106649120937,0.));
#2806=DIRECTION('center_axis',(0.,0.,1.));
#2807=DIRECTION('ref_axis',(0.707106913252134,-0.707106649120937,0.));
#2808=DIRECTION('center_axis',(-1.28353430611572E-8,1.,0.));
#2809=DIRECTION('ref_axis',(0.707106781186549,9.07595713964055E-9,0.707106781186546));
#2810=DIRECTION('',(1.28353430611572E-8,-1.,0.));
#2811=DIRECTION('',(-1.28353430611572E-8,1.,0.));
#2812=DIRECTION('center_axis',(3.67430036396495E-8,-0.999999999999999,0.));
#2813=DIRECTION('ref_axis',(0.999999999999999,3.67430036396495E-8,0.));
#2814=DIRECTION('center_axis',(0.,0.,-1.));
#2815=DIRECTION('ref_axis',(0.923879559664506,-0.382683366811414,0.));
#2816=DIRECTION('center_axis',(0.,0.,1.));
#2817=DIRECTION('ref_axis',(0.923879559664506,-0.382683366811414,0.));
#2818=DIRECTION('center_axis',(1.13182753169532E-11,1.,0.));
#2819=DIRECTION('ref_axis',(0.707106781186548,-8.00315378502587E-12,0.707106781186547));
#2820=DIRECTION('center_axis',(-1.13242748511766E-11,-1.,0.));
#2821=DIRECTION('ref_axis',(0.707106781186548,-8.00315378502587E-12,0.707106781186547));
#2822=DIRECTION('',(-1.13182753169532E-11,-1.,0.));
#2823=DIRECTION('',(1.13182753169532E-11,1.,0.));
#2824=DIRECTION('center_axis',(-1.13242748511766E-11,-1.,0.));
#2825=DIRECTION('ref_axis',(0.,0.,-1.));
#2826=DIRECTION('',(1.,-1.13192178173218E-11,0.));
#2827=DIRECTION('',(0.,0.,1.));
#2828=DIRECTION('',(-1.,1.13242748511766E-11,0.));
#2829=DIRECTION('center_axis',(1.,-1.13182753169532E-11,0.));
#2830=DIRECTION('ref_axis',(1.13182753169532E-11,1.,0.));
#2831=DIRECTION('',(0.,0.,1.));
#2832=DIRECTION('',(1.13182753169532E-11,1.,0.));
#2833=DIRECTION('',(0.,0.,-1.));
#2834=DIRECTION('',(1.13182753169532E-11,1.,0.));
#2835=DIRECTION('center_axis',(0.,0.,1.));
#2836=DIRECTION('ref_axis',(0.707106855550539,-0.707106706822548,0.));
#2837=DIRECTION('',(0.,0.,1.));
#2838=DIRECTION('center_axis',(0.,0.,1.));
#2839=DIRECTION('ref_axis',(0.707106855550539,-0.707106706822548,0.));
#2840=DIRECTION('center_axis',(0.707106734978163,-0.707106827394929,0.));
#2841=DIRECTION('ref_axis',(0.707106827394929,0.707106734978163,0.));
#2842=DIRECTION('',(0.,0.,1.));
#2843=DIRECTION('',(0.707106827394929,0.707106734978163,0.));
#2844=DIRECTION('center_axis',(1.,1.28353430611572E-8,0.));
#2845=DIRECTION('ref_axis',(-1.28353430611572E-8,1.,0.));
#2846=DIRECTION('',(0.,0.,1.));
#2847=DIRECTION('',(-1.28353430611572E-8,1.,0.));
#2848=DIRECTION('center_axis',(0.,0.,1.));
#2849=DIRECTION('ref_axis',(-3.73537644901795E-7,-0.99999999999993,0.));
#2850=DIRECTION('',(0.,0.,1.));
#2851=DIRECTION('center_axis',(0.,0.,1.));
#2852=DIRECTION('ref_axis',(-3.73537644901795E-7,-0.99999999999993,0.));
#2853=DIRECTION('center_axis',(-8.36250011706783E-15,-1.,0.));
#2854=DIRECTION('ref_axis',(1.,-8.36250011706783E-15,0.));
#2855=DIRECTION('',(0.,0.,1.));
#2856=DIRECTION('',(1.,-8.36250011706783E-15,0.));
#2857=DIRECTION('center_axis',(0.,0.,1.));
#2858=DIRECTION('ref_axis',(-0.99999999999993,3.73537647122241E-7,0.));
#2859=DIRECTION('',(0.,0.,1.));
#2860=DIRECTION('center_axis',(0.,0.,1.));
#2861=DIRECTION('ref_axis',(-0.99999999999993,3.73537647122241E-7,0.));
#2862=DIRECTION('center_axis',(-1.,7.12145075480586E-15,0.));
#2863=DIRECTION('ref_axis',(-7.12145075480586E-15,-1.,0.));
#2864=DIRECTION('',(-7.12145075480586E-15,-1.,0.));
#2865=DIRECTION('',(0.,0.,1.));
#2866=DIRECTION('',(-7.12145075480586E-15,-1.,0.));
#2867=DIRECTION('center_axis',(0.,0.,-1.));
#2868=DIRECTION('ref_axis',(0.707106781186548,-0.707106781186548,0.));
#2869=DIRECTION('',(0.,0.,1.));
#2870=DIRECTION('center_axis',(0.,0.,1.));
#2871=DIRECTION('ref_axis',(0.707106781186548,-0.707106781186548,0.));
#2872=DIRECTION('',(0.,0.,-1.));
#2873=DIRECTION('center_axis',(-1.,0.,0.));
#2874=DIRECTION('ref_axis',(0.,0.,1.));
#2875=DIRECTION('',(-1.72770847546935E-15,-1.,0.));
#2876=DIRECTION('',(0.,0.,-1.));
#2877=DIRECTION('center_axis',(0.,0.,1.));
#2878=DIRECTION('ref_axis',(-1.,0.,0.));
#2879=DIRECTION('center_axis',(0.,0.,-1.));
#2880=DIRECTION('ref_axis',(-1.,0.,0.));
#2881=DIRECTION('center_axis',(0.,0.,1.));
#2882=DIRECTION('ref_axis',(-1.,0.,0.));
#2883=DIRECTION('',(0.,0.,1.));
#2884=DIRECTION('center_axis',(0.,1.,0.));
#2885=DIRECTION('ref_axis',(-0.707106781186546,0.,-0.707106781186549));
#2886=DIRECTION('center_axis',(0.,-1.,0.));
#2887=DIRECTION('ref_axis',(-0.707106781186546,0.,-0.707106781186549));
#2888=DIRECTION('',(0.,1.,0.));
#2889=DIRECTION('center_axis',(0.,1.,0.));
#2890=DIRECTION('ref_axis',(-0.707106781186546,0.,-0.707106781186549));
#2891=DIRECTION('',(0.,-1.,0.));
#2892=DIRECTION('center_axis',(0.,0.,-1.));
#2893=DIRECTION('ref_axis',(-1.,0.,0.));
#2894=DIRECTION('',(-1.,0.,0.));
#2895=DIRECTION('',(0.,-1.,0.));
#2896=DIRECTION('',(1.,0.,0.));
#2897=DIRECTION('center_axis',(0.,1.,0.));
#2898=DIRECTION('ref_axis',(-0.707106781186546,0.,0.707106781186549));
#2899=DIRECTION('center_axis',(0.,-1.,0.));
#2900=DIRECTION('ref_axis',(-0.707106781186546,0.,0.707106781186549));
#2901=DIRECTION('',(0.,1.,0.));
#2902=DIRECTION('center_axis',(0.,1.,0.));
#2903=DIRECTION('ref_axis',(-0.707106781186546,0.,0.707106781186549));
#2904=DIRECTION('',(0.,-1.,0.));
#2905=DIRECTION('center_axis',(-1.,0.,0.));
#2906=DIRECTION('ref_axis',(0.,0.,1.));
#2907=DIRECTION('',(0.,0.,-1.));
#2908=DIRECTION('',(0.,0.,1.));
#2909=DIRECTION('center_axis',(0.,1.,0.));
#2910=DIRECTION('ref_axis',(0.707106781186547,0.,0.707106781186548));
#2911=DIRECTION('center_axis',(0.,-1.,0.));
#2912=DIRECTION('ref_axis',(0.707106781186547,0.,0.707106781186548));
#2913=DIRECTION('',(0.,1.,0.));
#2914=DIRECTION('center_axis',(0.,1.,0.));
#2915=DIRECTION('ref_axis',(0.707106781186547,0.,0.707106781186548));
#2916=DIRECTION('',(0.,-1.,0.));
#2917=DIRECTION('center_axis',(0.,0.,1.));
#2918=DIRECTION('ref_axis',(1.,0.,0.));
#2919=DIRECTION('',(-1.,0.,0.));
#2920=DIRECTION('',(1.,0.,0.));
#2921=DIRECTION('center_axis',(0.,-1.,0.));
#2922=DIRECTION('ref_axis',(0.707106781186547,0.,-0.707106781186548));
#2923=DIRECTION('center_axis',(0.,1.,0.));
#2924=DIRECTION('ref_axis',(0.707106781186547,0.,-0.707106781186548));
#2925=DIRECTION('center_axis',(0.,-1.,0.));
#2926=DIRECTION('ref_axis',(0.707106781186547,0.,-0.707106781186548));
#2927=DIRECTION('',(0.,1.,0.));
#2928=DIRECTION('center_axis',(1.,0.,0.));
#2929=DIRECTION('ref_axis',(0.,0.,-1.));
#2930=DIRECTION('',(0.,0.,1.));
#2931=DIRECTION('',(0.,0.,-1.));
#2932=DIRECTION('center_axis',(0.,0.,1.));
#2933=DIRECTION('ref_axis',(-1.,0.,0.));
#2934=DIRECTION('',(-7.23640832493023E-15,-1.,0.));
#2935=DIRECTION('center_axis',(0.,0.,1.));
#2936=DIRECTION('ref_axis',(-0.985292279721298,-0.170877510286194,0.));
#2937=DIRECTION('center_axis',(0.,0.,-1.));
#2938=DIRECTION('ref_axis',(0.883203505913559,0.468989943540368,0.));
#2939=DIRECTION('',(-0.707106781186579,-0.707106781186516,0.));
#2940=DIRECTION('center_axis',(0.,0.,1.));
#2941=DIRECTION('ref_axis',(-0.707106661886669,0.707106900486406,0.));
#2942=DIRECTION('center_axis',(0.,0.,-1.));
#2943=DIRECTION('ref_axis',(0.967384221834916,-0.253313575129433,0.));
#2944=DIRECTION('center_axis',(0.,0.,1.));
#2945=DIRECTION('ref_axis',(-0.919368318126889,0.393397884621327,0.));
#2946=DIRECTION('',(1.,-7.02117327826186E-16,0.));
#2947=DIRECTION('center_axis',(0.,0.,-1.));
#2948=DIRECTION('ref_axis',(-0.707106781186548,-0.707106781186548,0.));
#2949=DIRECTION('',(5.3815947646738E-17,1.,0.));
#2950=DIRECTION('',(-1.,1.12798659301916E-11,0.));
#2951=DIRECTION('center_axis',(0.,0.,1.));
#2952=DIRECTION('ref_axis',(-1.,0.,0.));
#2953=DIRECTION('',(0.,0.,1.));
#2954=DIRECTION('center_axis',(0.,0.,1.));
#2955=DIRECTION('ref_axis',(-1.,0.,0.));
#2956=DIRECTION('center_axis',(0.,0.,1.));
#2957=DIRECTION('ref_axis',(-1.,0.,0.));
#2958=DIRECTION('center_axis',(0.,0.,1.));
#2959=DIRECTION('ref_axis',(-1.,0.,0.));
#2960=DIRECTION('',(0.,0.,1.));
#2961=DIRECTION('center_axis',(0.,0.,1.));
#2962=DIRECTION('ref_axis',(-1.,0.,0.));
#2963=DIRECTION('center_axis',(0.,0.,1.));
#2964=DIRECTION('ref_axis',(-1.,0.,0.));
#2965=DIRECTION('center_axis',(0.,0.,1.));
#2966=DIRECTION('ref_axis',(-1.,0.,0.));
#2967=DIRECTION('',(0.,0.,1.));
#2968=DIRECTION('center_axis',(0.,0.,1.));
#2969=DIRECTION('ref_axis',(-1.,0.,0.));
#2970=DIRECTION('center_axis',(0.,0.,1.));
#2971=DIRECTION('ref_axis',(-1.,0.,0.));
#2972=DIRECTION('center_axis',(0.,0.,1.));
#2973=DIRECTION('ref_axis',(-0.707106781186548,-0.707106781186548,0.));
#2974=DIRECTION('',(0.,0.,1.));
#2975=DIRECTION('',(0.,0.,1.));
#2976=DIRECTION('center_axis',(1.,-5.3815947646738E-17,0.));
#2977=DIRECTION('ref_axis',(5.3815947646738E-17,1.,0.));
#2978=DIRECTION('',(0.,0.,1.));
#2979=DIRECTION('center_axis',(0.,0.,-1.));
#2980=DIRECTION('ref_axis',(-0.919368318126889,0.393397884621327,0.));
#2981=DIRECTION('',(0.,0.,1.));
#2982=DIRECTION('center_axis',(0.,0.,1.));
#2983=DIRECTION('ref_axis',(0.967384221834916,-0.253313575129433,0.));
#2984=DIRECTION('',(0.,0.,1.));
#2985=DIRECTION('center_axis',(0.,0.,1.));
#2986=DIRECTION('ref_axis',(-0.985292279721298,-0.170877510286194,0.));
#2987=DIRECTION('',(0.,0.,1.));
#2988=DIRECTION('',(0.,0.,1.));
#2989=DIRECTION('center_axis',(-1.,7.21644966006351E-15,0.));
#2990=DIRECTION('ref_axis',(0.,0.,1.));
#2991=DIRECTION('center_axis',(0.,0.,-1.));
#2992=DIRECTION('ref_axis',(0.883203505913559,0.468989943540368,0.));
#2993=DIRECTION('',(0.,0.,-1.));
#2994=DIRECTION('center_axis',(0.,0.,1.));
#2995=DIRECTION('ref_axis',(1.,0.,0.));
#2996=DIRECTION('center_axis',(0.,0.,1.));
#2997=DIRECTION('ref_axis',(3.73537640460901E-7,0.99999999999993,0.));
#2998=DIRECTION('',(-1.,0.,0.));
#2999=DIRECTION('center_axis',(0.,0.,1.));
#3000=DIRECTION('ref_axis',(0.707106706822507,0.70710685555058,0.));
#3001=DIRECTION('',(-0.707106781186603,0.707106781186492,0.));
#3002=DIRECTION('',(-1.,-1.30335256783297E-11,0.));
#3003=DIRECTION('center_axis',(0.,0.,1.));
#3004=DIRECTION('ref_axis',(0.707114142330775,0.707099419965688,0.));
#3005=DIRECTION('',(-0.707106781123771,0.707106781249324,0.));
#3006=DIRECTION('center_axis',(0.,0.,1.));
#3007=DIRECTION('ref_axis',(0.999999999960301,8.91059854713356E-6,0.));
#3008=DIRECTION('center_axis',(0.,0.,-1.));
#3009=DIRECTION('ref_axis',(0.999999999803146,1.98420785356114E-5,0.));
#3010=DIRECTION('',(0.707106781173123,-0.707106781199972,0.));
#3011=DIRECTION('center_axis',(0.,0.,-1.));
#3012=DIRECTION('ref_axis',(0.707123173095266,0.707090388897829,0.));
#3013=DIRECTION('',(1.,-1.95918199467446E-12,0.));
#3014=DIRECTION('center_axis',(0.,0.,1.));
#3015=DIRECTION('ref_axis',(-0.70712599251117,-0.70708756933996,0.));
#3016=DIRECTION('',(0.707106781159631,-0.707106781213464,0.));
#3017=DIRECTION('center_axis',(0.,0.,-1.));
#3018=DIRECTION('ref_axis',(0.707106645979227,0.707106916393842,0.));
#3019=DIRECTION('',(1.,0.,0.));
#3020=DIRECTION('center_axis',(0.,0.,-1.));
#3021=DIRECTION('ref_axis',(6.79159553858342E-7,0.999999999999769,0.));
#3022=DIRECTION('',(8.34544996269144E-16,1.,0.));
#3023=DIRECTION('center_axis',(0.,0.,1.));
#3024=DIRECTION('ref_axis',(6.79159553858342E-7,0.999999999999769,0.));
#3025=DIRECTION('',(0.,0.,1.));
#3026=DIRECTION('center_axis',(0.,0.,-1.));
#3027=DIRECTION('ref_axis',(6.79159553858342E-7,0.999999999999769,0.));
#3028=DIRECTION('',(0.,0.,1.));
#3029=DIRECTION('center_axis',(0.,-1.,0.));
#3030=DIRECTION('ref_axis',(1.,0.,0.));
#3031=DIRECTION('',(0.,0.,1.));
#3032=DIRECTION('',(1.,0.,0.));
#3033=DIRECTION('center_axis',(0.,0.,1.));
#3034=DIRECTION('ref_axis',(0.707106645979227,0.707106916393842,0.));
#3035=DIRECTION('',(0.,0.,1.));
#3036=DIRECTION('center_axis',(0.,0.,-1.));
#3037=DIRECTION('ref_axis',(0.707106645979227,0.707106916393842,0.));
#3038=DIRECTION('center_axis',(-0.707106781213464,-0.707106781159631,0.));
#3039=DIRECTION('ref_axis',(0.707106781159631,-0.707106781213464,0.));
#3040=DIRECTION('',(0.,0.,1.));
#3041=DIRECTION('',(0.707106781159631,-0.707106781213464,0.));
#3042=DIRECTION('center_axis',(0.,0.,1.));
#3043=DIRECTION('ref_axis',(-0.70712599251117,-0.70708756933996,0.));
#3044=DIRECTION('',(0.,0.,1.));
#3045=DIRECTION('center_axis',(0.,0.,1.));
#3046=DIRECTION('ref_axis',(-0.70712599251117,-0.70708756933996,0.));
#3047=DIRECTION('center_axis',(-1.95918199467446E-12,-1.,0.));
#3048=DIRECTION('ref_axis',(1.,-1.95918199467446E-12,0.));
#3049=DIRECTION('',(0.,0.,1.));
#3050=DIRECTION('',(1.,-1.95918199467446E-12,0.));
#3051=DIRECTION('center_axis',(0.,0.,1.));
#3052=DIRECTION('ref_axis',(0.707123173095266,0.707090388897829,0.));
#3053=DIRECTION('',(0.,0.,1.));
#3054=DIRECTION('center_axis',(0.,0.,-1.));
#3055=DIRECTION('ref_axis',(0.707123173095266,0.707090388897829,0.));
#3056=DIRECTION('center_axis',(-0.707106781199972,-0.707106781173123,0.));
#3057=DIRECTION('ref_axis',(0.707106781173123,-0.707106781199972,0.));
#3058=DIRECTION('',(0.,0.,1.));
#3059=DIRECTION('',(0.707106781173123,-0.707106781199972,0.));
#3060=DIRECTION('center_axis',(0.,0.,1.));
#3061=DIRECTION('ref_axis',(0.999999999803146,1.98420785356114E-5,0.));
#3062=DIRECTION('center_axis',(0.,0.,-1.));
#3063=DIRECTION('ref_axis',(0.999999999803146,1.98420785356114E-5,0.));
#3064=DIRECTION('center_axis',(0.,0.,1.));
#3065=DIRECTION('ref_axis',(3.73537640460901E-7,0.99999999999993,0.));
#3066=DIRECTION('center_axis',(0.,0.,1.));
#3067=DIRECTION('ref_axis',(3.73537640460901E-7,0.99999999999993,0.));
#3068=DIRECTION('',(0.,0.,1.));
#3069=DIRECTION('center_axis',(-1.12798659301916E-11,-1.,0.));
#3070=DIRECTION('ref_axis',(0.,0.,-1.));
#3071=DIRECTION('',(0.,0.,-1.));
#3072=DIRECTION('',(1.,-1.13192178173218E-11,0.));
#3073=DIRECTION('center_axis',(7.02117327826186E-16,1.,0.));
#3074=DIRECTION('ref_axis',(-1.,7.02117327826186E-16,0.));
#3075=DIRECTION('center_axis',(0.,0.,1.));
#3076=DIRECTION('ref_axis',(-0.707106661886669,0.707106900486406,0.));
#3077=DIRECTION('',(0.,0.,1.));
#3078=DIRECTION('center_axis',(-0.707106781186516,0.707106781186579,0.));
#3079=DIRECTION('ref_axis',(-0.707106781186579,-0.707106781186516,0.));
#3080=DIRECTION('center_axis',(1.,-8.34544996269143E-16,0.));
#3081=DIRECTION('ref_axis',(8.34544996269144E-16,1.,0.));
#3082=DIRECTION('',(8.34544996269144E-16,1.,0.));
#3083=DIRECTION('center_axis',(0.,1.,0.));
#3084=DIRECTION('ref_axis',(-1.,0.,0.));
#3085=DIRECTION('',(-1.,0.,0.));
#3086=DIRECTION('',(0.,0.,1.));
#3087=DIRECTION('center_axis',(0.,0.,1.));
#3088=DIRECTION('ref_axis',(0.707106706822507,0.70710685555058,0.));
#3089=DIRECTION('center_axis',(0.,0.,1.));
#3090=DIRECTION('ref_axis',(0.707106706822507,0.70710685555058,0.));
#3091=DIRECTION('',(0.,0.,1.));
#3092=DIRECTION('center_axis',(0.707106781186492,0.707106781186603,0.));
#3093=DIRECTION('ref_axis',(-0.707106781186603,0.707106781186492,0.));
#3094=DIRECTION('',(-0.707106781186603,0.707106781186492,0.));
#3095=DIRECTION('',(0.,0.,1.));
#3096=DIRECTION('center_axis',(-1.30335256783297E-11,1.,0.));
#3097=DIRECTION('ref_axis',(-1.,-1.30335256783297E-11,0.));
#3098=DIRECTION('',(-1.,-1.30335256783297E-11,0.));
#3099=DIRECTION('',(0.,0.,1.));
#3100=DIRECTION('center_axis',(0.,0.,1.));
#3101=DIRECTION('ref_axis',(0.707114142330775,0.707099419965688,0.));
#3102=DIRECTION('center_axis',(0.,0.,1.));
#3103=DIRECTION('ref_axis',(0.707114142330775,0.707099419965688,0.));
#3104=DIRECTION('',(0.,0.,1.));
#3105=DIRECTION('center_axis',(0.707106781249324,0.707106781123771,0.));
#3106=DIRECTION('ref_axis',(-0.707106781123771,0.707106781249324,0.));
#3107=DIRECTION('',(-0.707106781123771,0.707106781249324,0.));
#3108=DIRECTION('',(0.,0.,1.));
#3109=DIRECTION('center_axis',(0.,0.,1.));
#3110=DIRECTION('ref_axis',(0.999999999960301,8.91059854713356E-6,0.));
#3111=DIRECTION('center_axis',(0.,0.,1.));
#3112=DIRECTION('ref_axis',(0.999999999960301,8.91059854713356E-6,0.));
#3113=DIRECTION('center_axis',(0.,0.,1.));
#3114=DIRECTION('ref_axis',(-1.,0.,0.));
#3115=CARTESIAN_POINT('',(0.,0.,0.));
#3116=CARTESIAN_POINT('Origin',(40.3000000001709,20.4999995744068,8.51));
#3117=CARTESIAN_POINT('',(-38.3,20.4999995752965,8.5));
#3118=CARTESIAN_POINT('',(-38.3,20.4999995752965,4.));
#3119=CARTESIAN_POINT('',(-38.3,20.4999995752962,5.01));
#3120=CARTESIAN_POINT('',(38.2999999999999,20.4999995744295,8.5));
#3121=CARTESIAN_POINT('',(19.2150961502553,20.4999995746455,8.5));
#3122=CARTESIAN_POINT('',(38.2999999999999,20.4999995744295,4.));
#3123=CARTESIAN_POINT('',(38.2999999999999,20.4999995744295,5.01));
#3124=CARTESIAN_POINT('',(19.2150961502553,20.4999995746455,4.));
#3125=CARTESIAN_POINT('Origin',(-38.5999154,18.9999995752999,8.5));
#3126=CARTESIAN_POINT('',(-38.3,19.4999995752962,8.5));
#3127=CARTESIAN_POINT('',(-38.3,-10.45500021235,8.5));
#3128=CARTESIAN_POINT('',(38.2999999999999,19.4999995744295,8.5));
#3129=CARTESIAN_POINT('',(-38.5999153999943,19.4999995752996,8.5));
#3130=CARTESIAN_POINT('',(38.3,26.2307862876497,8.5));
#3131=CARTESIAN_POINT('Origin',(-38.5999153999943,19.4999995752996,5.));
#3132=CARTESIAN_POINT('',(-38.3,19.4999995752965,5.));
#3133=CARTESIAN_POINT('',(-38.3,19.4999995752962,3.255));
#3134=CARTESIAN_POINT('',(38.2999999999999,19.4999995744295,5.));
#3135=CARTESIAN_POINT('',(-20.234861549833,19.499999575092,5.));
#3136=CARTESIAN_POINT('',(38.2999999999999,19.4999995744295,3.255));
#3137=CARTESIAN_POINT('Origin',(-1.86980769999999,-9.5074035,5.));
#3138=CARTESIAN_POINT('',(-38.3,18.8999995752965,5.));
#3139=CARTESIAN_POINT('',(-38.3,-24.70870175,5.));
#3140=CARTESIAN_POINT('',(-31.9500015175447,18.8999995752247,5.));
#3141=CARTESIAN_POINT('',(-20.0849038498398,18.8999995750911,5.));
#3142=CARTESIAN_POINT('',(-31.9500015175436,-36.6099999999999,5.));
#3143=CARTESIAN_POINT('',(-31.9500015175436,4.69629803761233,5.));
#3144=CARTESIAN_POINT('',(-29.9500015175436,-38.61,5.));
#3145=CARTESIAN_POINT('Origin',(-29.9500015175436,-36.6099999999999,5.));
#3146=CARTESIAN_POINT('',(24.9499999999999,-38.61,5.));
#3147=CARTESIAN_POINT('',(-15.9099046087718,-38.61,5.));
#3148=CARTESIAN_POINT('',(27.4499999999999,-36.11,5.));
#3149=CARTESIAN_POINT('Origin',(24.9499999999999,-36.11,5.));
#3150=CARTESIAN_POINT('',(27.45,-3.6687103616101,5.));
#3151=CARTESIAN_POINT('',(27.45,-22.80870175,5.));
#3152=CARTESIAN_POINT('',(28.0690475824981,-2.22200015545416,5.));
#3153=CARTESIAN_POINT('Origin',(29.4499999999999,-3.6687103616101,5.));
#3154=CARTESIAN_POINT('',(28.6228636086661,-1.28191709955708,5.));
#3155=CARTESIAN_POINT('Origin',(26.6880951649962,-0.775289949298217,5.));
#3156=CARTESIAN_POINT('',(30.0023345518299,1.12318730766158,5.));
#3157=CARTESIAN_POINT('Origin',(33.749999521427,-2.624478926514,5.));
#3158=CARTESIAN_POINT('',(32.4478065505457,3.56865930637716,5.));
#3159=CARTESIAN_POINT('',(19.3766512869563,-9.50249595721106,5.));
#3160=CARTESIAN_POINT('',(32.9167964940862,5.65633003540227,5.));
#3161=CARTESIAN_POINT('Origin',(31.0335929881727,4.98287286875032,5.));
#3162=CARTESIAN_POINT('',(32.7999999999998,6.32978720205423,5.));
#3163=CARTESIAN_POINT('Origin',(34.7999999999998,6.32978720205421,5.));
#3164=CARTESIAN_POINT('',(32.7999999999988,18.8999995744691,5.));
#3165=CARTESIAN_POINT('',(32.7999999999997,-1.58880814897301,5.));
#3166=CARTESIAN_POINT('',(38.2999999999999,18.8999995744295,5.));
#3167=CARTESIAN_POINT('',(15.4650961501602,18.8999995746881,5.));
#3168=CARTESIAN_POINT('',(38.2999999999998,11.9770847499999,5.));
#3169=CARTESIAN_POINT('',(-27.92035,2.5438,5.));
#3170=CARTESIAN_POINT('',(-13.9208,2.5438,5.));
#3171=CARTESIAN_POINT('',(-7.89530385,2.5438,5.));
#3172=CARTESIAN_POINT('',(-27.92035,16.5431,5.));
#3173=CARTESIAN_POINT('',(-27.92035,-3.48180175,5.));
#3174=CARTESIAN_POINT('',(-13.9208,16.5431,5.));
#3175=CARTESIAN_POINT('',(-14.89507885,16.5431,5.));
#3176=CARTESIAN_POINT('',(-13.9208,3.51784825,5.));
#3177=CARTESIAN_POINT('',(-27.92035,-35.55636,5.));
#3178=CARTESIAN_POINT('',(-13.9208,-35.55636,5.));
#3179=CARTESIAN_POINT('',(-7.89530385,-35.55636,5.));
#3180=CARTESIAN_POINT('',(-27.92035,-21.5569,5.));
#3181=CARTESIAN_POINT('',(-27.92035,-22.53188175,5.));
#3182=CARTESIAN_POINT('',(-13.9208,-21.5569,5.));
#3183=CARTESIAN_POINT('',(-14.89507885,-21.5569,5.));
#3184=CARTESIAN_POINT('',(-13.9208,-15.53215175,5.));
#3185=CARTESIAN_POINT('',(-8.8703,-16.5064,5.));
#3186=CARTESIAN_POINT('',(5.12900000000001,-16.5064,5.));
#3187=CARTESIAN_POINT('',(1.62959615,-16.5064,5.));
#3188=CARTESIAN_POINT('',(-8.8703,-2.50700000000001,5.));
#3189=CARTESIAN_POINT('',(-8.8703,-13.00690175,5.));
#3190=CARTESIAN_POINT('',(5.12900000000001,-2.50700000000001,5.));
#3191=CARTESIAN_POINT('',(-5.37005385,-2.507,5.));
#3192=CARTESIAN_POINT('',(5.129,-6.00720175,5.));
#3193=CARTESIAN_POINT('',(-27.92035,-16.5064,5.));
#3194=CARTESIAN_POINT('',(-13.9208,-16.5064,5.));
#3195=CARTESIAN_POINT('',(-7.89530385,-16.5064,5.));
#3196=CARTESIAN_POINT('',(-27.92035,-2.50700000000001,5.));
#3197=CARTESIAN_POINT('',(-27.92035,-13.00690175,5.));
#3198=CARTESIAN_POINT('',(-13.9208,-2.50700000000001,5.));
#3199=CARTESIAN_POINT('',(-14.89507885,-2.507,5.));
#3200=CARTESIAN_POINT('',(-13.9208,-6.00720175,5.));
#3201=CARTESIAN_POINT('',(-8.8703,2.5438,5.));
#3202=CARTESIAN_POINT('',(5.12900000000001,2.5438,5.));
#3203=CARTESIAN_POINT('',(1.62959615,2.5438,5.));
#3204=CARTESIAN_POINT('',(-8.8703,16.5431,5.));
#3205=CARTESIAN_POINT('',(-8.8703,-3.48180175,5.));
#3206=CARTESIAN_POINT('',(5.12900000000001,16.5431,5.));
#3207=CARTESIAN_POINT('',(-5.37005385,16.5431,5.));
#3208=CARTESIAN_POINT('',(5.129,3.51784825,5.));
#3209=CARTESIAN_POINT('',(5.12900000000001,-35.55636,5.));
#3210=CARTESIAN_POINT('',(5.12900000000001,-21.5569,5.));
#3211=CARTESIAN_POINT('',(5.129,-15.53215175,5.));
#3212=CARTESIAN_POINT('',(-8.8703,-35.55636,5.));
#3213=CARTESIAN_POINT('',(1.62959615,-35.55636,5.));
#3214=CARTESIAN_POINT('',(-8.8703,-21.5569,5.));
#3215=CARTESIAN_POINT('',(-8.8703,-22.53188175,5.));
#3216=CARTESIAN_POINT('',(-5.37005385,-21.5569,5.));
#3217=CARTESIAN_POINT('',(24.179,-21.5569,5.));
#3218=CARTESIAN_POINT('',(10.1797,-21.5569,5.));
#3219=CARTESIAN_POINT('',(4.15494615,-21.5569,5.));
#3220=CARTESIAN_POINT('',(24.179,-35.55636,5.));
#3221=CARTESIAN_POINT('',(24.179,-15.53215175,5.));
#3222=CARTESIAN_POINT('',(10.1797,-35.55636,5.));
#3223=CARTESIAN_POINT('',(11.15459615,-35.55636,5.));
#3224=CARTESIAN_POINT('',(10.1797,-22.53188175,5.));
#3225=CARTESIAN_POINT('',(24.179,-16.5064,5.));
#3226=CARTESIAN_POINT('',(24.179,-2.50700000000001,5.));
#3227=CARTESIAN_POINT('',(24.179,-6.00720175,5.));
#3228=CARTESIAN_POINT('',(10.1797,-16.5064,5.));
#3229=CARTESIAN_POINT('',(11.15459615,-16.5064,5.));
#3230=CARTESIAN_POINT('',(10.1797,-2.50700000000001,5.));
#3231=CARTESIAN_POINT('',(10.1797,-13.00690175,5.));
#3232=CARTESIAN_POINT('',(4.15494615,-2.507,5.));
#3233=CARTESIAN_POINT('',(16.0000002384186,4.00000005960464,5.));
#3234=CARTESIAN_POINT('',(16.0000002384186,18.0000002682209,5.));
#3235=CARTESIAN_POINT('',(16.0000002384186,4.24629838411045,5.));
#3236=CARTESIAN_POINT('',(30.0000004470348,18.0000002682209,5.));
#3237=CARTESIAN_POINT('',(14.0650963735174,18.0000002682209,5.));
#3238=CARTESIAN_POINT('',(30.0000004470348,4.00000005960464,5.));
#3239=CARTESIAN_POINT('',(30.0000004470348,-2.75370172019768,5.));
#3240=CARTESIAN_POINT('',(7.06509626920929,4.00000005960464,5.));
#3241=CARTESIAN_POINT('Origin',(-1.86980769999999,-9.5074035,4.));
#3242=CARTESIAN_POINT('',(-38.3,-39.91,4.));
#3243=CARTESIAN_POINT('',(-38.3,-24.70870175,4.));
#3244=CARTESIAN_POINT('',(38.2999999999998,5.3823750073486,4.));
#3245=CARTESIAN_POINT('',(38.2999999999998,11.9770847499999,4.));
#3246=CARTESIAN_POINT('',(37.6556353562373,3.82674064376268,4.));
#3247=CARTESIAN_POINT('Origin',(36.100000478574,5.38237492651401,4.));
#3248=CARTESIAN_POINT('',(32.4772082859827,-1.35168642649145,4.));
#3249=CARTESIAN_POINT('',(24.4407385562365,-9.38815615623702,4.));
#3250=CARTESIAN_POINT('',(31.95,-2.62447900000001,4.));
#3251=CARTESIAN_POINT('Origin',(33.749999521427,-2.624478926514,4.));
#3252=CARTESIAN_POINT('',(31.9499999999999,-39.9099998505849,4.));
#3253=CARTESIAN_POINT('',(31.95,-6.06594125000003,4.));
#3254=CARTESIAN_POINT('',(29.75,-42.11,4.));
#3255=CARTESIAN_POINT('Origin',(29.75000149415,-39.91000149415,4.));
#3256=CARTESIAN_POINT('',(-36.0999998505849,-42.1099999999999,4.));
#3257=CARTESIAN_POINT('',(13.94009615,-42.11,4.));
#3258=CARTESIAN_POINT('Origin',(-36.10000149415,-39.91000149415,4.));
#3259=CARTESIAN_POINT('',(31.24,-39.03,4.));
#3260=CARTESIAN_POINT('Origin',(29.04,-39.03,4.));
#3261=CARTESIAN_POINT('',(37.74,14.47,4.));
#3262=CARTESIAN_POINT('Origin',(35.54,14.47,4.));
#3263=CARTESIAN_POINT('',(5.129,2.5438,4.));
#3264=CARTESIAN_POINT('',(-8.8703,2.5438,4.));
#3265=CARTESIAN_POINT('',(1.62959615,2.5438,4.));
#3266=CARTESIAN_POINT('',(5.129,16.5431,4.));
#3267=CARTESIAN_POINT('',(5.129,3.51784825,4.));
#3268=CARTESIAN_POINT('',(-8.8703,16.5431,4.));
#3269=CARTESIAN_POINT('',(-5.37005385,16.5431,4.));
#3270=CARTESIAN_POINT('',(-8.8703,-3.48180175,4.));
#3271=CARTESIAN_POINT('',(-13.9208,-16.5064,4.));
#3272=CARTESIAN_POINT('',(-27.92035,-16.5064,4.));
#3273=CARTESIAN_POINT('',(-7.89530385,-16.5064,4.));
#3274=CARTESIAN_POINT('',(-13.9208,-2.50700000000001,4.));
#3275=CARTESIAN_POINT('',(-13.9208,-6.00720175,4.));
#3276=CARTESIAN_POINT('',(-27.92035,-2.50700000000001,4.));
#3277=CARTESIAN_POINT('',(-14.89507885,-2.507,4.));
#3278=CARTESIAN_POINT('',(-27.92035,-13.00690175,4.));
#3279=CARTESIAN_POINT('',(5.129,-16.5064,4.));
#3280=CARTESIAN_POINT('',(-8.8703,-16.5064,4.));
#3281=CARTESIAN_POINT('',(1.62959615,-16.5064,4.));
#3282=CARTESIAN_POINT('',(5.129,-2.50700000000001,4.));
#3283=CARTESIAN_POINT('',(5.129,-6.00720175,4.));
#3284=CARTESIAN_POINT('',(-8.8703,-2.50700000000001,4.));
#3285=CARTESIAN_POINT('',(-5.37005385,-2.507,4.));
#3286=CARTESIAN_POINT('',(-8.8703,-13.00690175,4.));
#3287=CARTESIAN_POINT('',(-13.9208,-35.55636,4.));
#3288=CARTESIAN_POINT('',(-27.92035,-35.55636,4.));
#3289=CARTESIAN_POINT('',(-7.89530385,-35.55636,4.));
#3290=CARTESIAN_POINT('',(-13.9208,-21.5569,4.));
#3291=CARTESIAN_POINT('',(-13.9208,-15.53215175,4.));
#3292=CARTESIAN_POINT('',(-27.92035,-21.5569,4.));
#3293=CARTESIAN_POINT('',(-14.89507885,-21.5569,4.));
#3294=CARTESIAN_POINT('',(-27.92035,-22.53188175,4.));
#3295=CARTESIAN_POINT('',(-13.9208,2.5438,4.));
#3296=CARTESIAN_POINT('',(-27.92035,2.5438,4.));
#3297=CARTESIAN_POINT('',(-7.89530385,2.5438,4.));
#3298=CARTESIAN_POINT('',(-13.9208,16.5431,4.));
#3299=CARTESIAN_POINT('',(-13.9208,3.51784825,4.));
#3300=CARTESIAN_POINT('',(-27.92035,16.5431,4.));
#3301=CARTESIAN_POINT('',(-14.89507885,16.5431,4.));
#3302=CARTESIAN_POINT('',(-27.92035,-3.48180175,4.));
#3303=CARTESIAN_POINT('',(24.179,-16.5064,4.));
#3304=CARTESIAN_POINT('',(10.1797,-16.5064,4.));
#3305=CARTESIAN_POINT('',(11.15459615,-16.5064,4.));
#3306=CARTESIAN_POINT('',(24.179,-2.50700000000001,4.));
#3307=CARTESIAN_POINT('',(24.179,-6.00720175,4.));
#3308=CARTESIAN_POINT('',(10.1797,-2.50700000000001,4.));
#3309=CARTESIAN_POINT('',(4.15494615,-2.507,4.));
#3310=CARTESIAN_POINT('',(10.1797,-13.00690175,4.));
#3311=CARTESIAN_POINT('',(10.1797,-35.55636,4.));
#3312=CARTESIAN_POINT('',(10.1797,-21.5569,4.));
#3313=CARTESIAN_POINT('',(10.1797,-22.53188175,4.));
#3314=CARTESIAN_POINT('',(24.179,-35.55636,4.));
#3315=CARTESIAN_POINT('',(11.15459615,-35.55636,4.));
#3316=CARTESIAN_POINT('',(24.179,-21.5569,4.));
#3317=CARTESIAN_POINT('',(24.179,-15.53215175,4.));
#3318=CARTESIAN_POINT('',(4.15494615,-21.5569,4.));
#3319=CARTESIAN_POINT('',(5.129,-35.55636,4.));
#3320=CARTESIAN_POINT('',(-8.8703,-35.55636,4.));
#3321=CARTESIAN_POINT('',(1.62959615,-35.55636,4.));
#3322=CARTESIAN_POINT('',(5.129,-21.5569,4.));
#3323=CARTESIAN_POINT('',(5.129,-15.53215175,4.));
#3324=CARTESIAN_POINT('',(-8.8703,-21.5569,4.));
#3325=CARTESIAN_POINT('',(-5.37005385,-21.5569,4.));
#3326=CARTESIAN_POINT('',(-8.8703,-22.53188175,4.));
#3327=CARTESIAN_POINT('',(16.0000002384186,18.0000002682209,4.));
#3328=CARTESIAN_POINT('',(16.0000002384186,4.00000005960464,4.));
#3329=CARTESIAN_POINT('',(16.0000002384186,4.24629838411045,4.));
#3330=CARTESIAN_POINT('',(30.0000004470348,4.00000005960464,4.));
#3331=CARTESIAN_POINT('',(7.06509626920929,4.00000005960464,4.));
#3332=CARTESIAN_POINT('',(30.0000004470348,18.0000002682209,4.));
#3333=CARTESIAN_POINT('',(30.0000004470348,-2.75370172019768,4.));
#3334=CARTESIAN_POINT('',(14.0650963735174,18.0000002682209,4.));
#3335=CARTESIAN_POINT('',(-33.26,12.47,4.));
#3336=CARTESIAN_POINT('Origin',(-35.46,12.47,4.));
#3337=CARTESIAN_POINT('',(-32.86,-39.03,4.));
#3338=CARTESIAN_POINT('Origin',(-35.06,-39.03,4.));
#3339=CARTESIAN_POINT('Origin',(30.0000004470348,4.00000005960464,5.));
#3340=CARTESIAN_POINT('',(30.0000004470348,4.00000005960464,5.));
#3341=CARTESIAN_POINT('',(30.0000004470348,18.0000002682209,5.));
#3342=CARTESIAN_POINT('Origin',(30.0000004470348,18.0000002682209,5.));
#3343=CARTESIAN_POINT('',(16.0000002384186,18.0000002682209,5.));
#3344=CARTESIAN_POINT('Origin',(16.0000002384186,18.0000002682209,5.));
#3345=CARTESIAN_POINT('',(16.0000002384186,4.00000005960464,5.));
#3346=CARTESIAN_POINT('Origin',(16.0000002384186,4.00000005960464,5.));
#3347=CARTESIAN_POINT('Origin',(5.129,16.5431,3.5));
#3348=CARTESIAN_POINT('',(5.129,2.5438,3.5));
#3349=CARTESIAN_POINT('',(5.129,16.5431,3.5));
#3350=CARTESIAN_POINT('Origin',(5.129,2.5438,3.5));
#3351=CARTESIAN_POINT('',(-8.8703,2.5438,3.5));
#3352=CARTESIAN_POINT('Origin',(-13.9208,-2.507,3.5));
#3353=CARTESIAN_POINT('',(-13.9208,-16.5064,3.5));
#3354=CARTESIAN_POINT('',(-13.9208,-2.507,3.5));
#3355=CARTESIAN_POINT('Origin',(-13.9208,-16.5064,3.5));
#3356=CARTESIAN_POINT('',(-27.92035,-16.5064,3.5));
#3357=CARTESIAN_POINT('Origin',(5.129,-2.507,3.5));
#3358=CARTESIAN_POINT('',(5.129,-16.5064,3.5));
#3359=CARTESIAN_POINT('',(5.129,-2.507,3.5));
#3360=CARTESIAN_POINT('Origin',(5.129,-16.5064,3.5));
#3361=CARTESIAN_POINT('',(-8.8703,-16.5064,3.5));
#3362=CARTESIAN_POINT('Origin',(-13.9208,-21.5569,3.5));
#3363=CARTESIAN_POINT('',(-13.9208,-35.55636,3.5));
#3364=CARTESIAN_POINT('',(-13.9208,-21.5569,3.5));
#3365=CARTESIAN_POINT('Origin',(-13.9208,-35.55636,3.5));
#3366=CARTESIAN_POINT('',(-27.92035,-35.55636,3.5));
#3367=CARTESIAN_POINT('Origin',(-13.9208,16.5431,3.5));
#3368=CARTESIAN_POINT('',(-13.9208,2.5438,3.5));
#3369=CARTESIAN_POINT('',(-13.9208,16.5431,3.5));
#3370=CARTESIAN_POINT('Origin',(-13.9208,2.5438,3.5));
#3371=CARTESIAN_POINT('',(-27.92035,2.5438,3.5));
#3372=CARTESIAN_POINT('Origin',(24.179,-2.507,3.5));
#3373=CARTESIAN_POINT('',(24.179,-16.5064,3.5));
#3374=CARTESIAN_POINT('',(24.179,-2.507,3.5));
#3375=CARTESIAN_POINT('Origin',(24.179,-16.5064,3.5));
#3376=CARTESIAN_POINT('',(10.1797,-16.5064,3.5));
#3377=CARTESIAN_POINT('Origin',(24.179,-35.55636,3.5));
#3378=CARTESIAN_POINT('',(10.1797,-35.55636,3.5));
#3379=CARTESIAN_POINT('',(24.179,-35.55636,3.5));
#3380=CARTESIAN_POINT('Origin',(10.1797,-35.55636,3.5));
#3381=CARTESIAN_POINT('',(10.1797,-21.5569,3.5));
#3382=CARTESIAN_POINT('Origin',(5.129,-21.5569,3.5));
#3383=CARTESIAN_POINT('',(5.129,-35.55636,3.5));
#3384=CARTESIAN_POINT('',(5.129,-21.5569,3.5));
#3385=CARTESIAN_POINT('Origin',(5.129,-35.55636,3.5));
#3386=CARTESIAN_POINT('',(-8.8703,-35.55636,3.5));
#3387=CARTESIAN_POINT('Origin',(-27.92035,2.5438,3.5));
#3388=CARTESIAN_POINT('',(-27.92035,16.5431,3.5));
#3389=CARTESIAN_POINT('Origin',(-27.92035,-35.55636,3.5));
#3390=CARTESIAN_POINT('',(-27.92035,-21.5569,3.5));
#3391=CARTESIAN_POINT('Origin',(-8.8703,-16.5064,3.5));
#3392=CARTESIAN_POINT('',(-8.8703,-2.507,3.5));
#3393=CARTESIAN_POINT('Origin',(-27.92035,-16.5064,3.5));
#3394=CARTESIAN_POINT('',(-27.92035,-2.507,3.5));
#3395=CARTESIAN_POINT('Origin',(-8.8703,2.5438,3.5));
#3396=CARTESIAN_POINT('',(-8.8703,16.5431,3.5));
#3397=CARTESIAN_POINT('Origin',(24.179,-21.5569,3.5));
#3398=CARTESIAN_POINT('',(24.179,-21.5569,3.5));
#3399=CARTESIAN_POINT('Origin',(10.1797,-21.5569,3.5));
#3400=CARTESIAN_POINT('Origin',(-27.92035,16.5431,3.5));
#3401=CARTESIAN_POINT('Origin',(-27.92035,-21.5569,3.5));
#3402=CARTESIAN_POINT('Origin',(-8.8703,-21.5569,3.5));
#3403=CARTESIAN_POINT('',(-8.8703,-21.5569,3.5));
#3404=CARTESIAN_POINT('Origin',(-8.8703,-35.55636,3.5));
#3405=CARTESIAN_POINT('Origin',(-8.8703,-2.507,3.5));
#3406=CARTESIAN_POINT('Origin',(-27.92035,-2.507,3.5));
#3407=CARTESIAN_POINT('Origin',(-8.8703,16.5431,3.5));
#3408=CARTESIAN_POINT('Origin',(10.1797,-2.507,3.5));
#3409=CARTESIAN_POINT('',(10.1797,-2.507,3.5));
#3410=CARTESIAN_POINT('Origin',(10.1797,-16.5064,3.5));
#3411=CARTESIAN_POINT('Origin',(-36.10000149415,-39.91000149415,1.51));
#3412=CARTESIAN_POINT('',(-36.0999998505849,-42.1099999999999,1.51));
#3413=CARTESIAN_POINT('',(-36.0999998505849,-42.1099999999999,1.51));
#3414=CARTESIAN_POINT('',(-38.3,-39.91,1.51));
#3415=CARTESIAN_POINT('Origin',(-36.10000149415,-39.91000149415,1.51));
#3416=CARTESIAN_POINT('',(-38.3,-39.91,1.51));
#3417=CARTESIAN_POINT('Origin',(29.75,-42.11,1.51));
#3418=CARTESIAN_POINT('',(29.75,-42.11,1.51));
#3419=CARTESIAN_POINT('',(29.75,-42.11,1.51));
#3420=CARTESIAN_POINT('',(14.8750000000793,-42.11,1.51));
#3421=CARTESIAN_POINT('Origin',(29.75000149415,-39.91000149415,1.51));
#3422=CARTESIAN_POINT('',(31.9499999999999,-39.9099998505849,1.51));
#3423=CARTESIAN_POINT('',(31.9499999999999,-39.9099998505849,1.51));
#3424=CARTESIAN_POINT('Origin',(29.75000149415,-39.91000149415,1.51));
#3425=CARTESIAN_POINT('Origin',(31.95,-2.62447900000001,1.51));
#3426=CARTESIAN_POINT('',(31.95,-2.62447900000001,1.51));
#3427=CARTESIAN_POINT('',(31.95,-2.62447900000001,1.51));
#3428=CARTESIAN_POINT('',(31.95,-1.31223950000003,1.51));
#3429=CARTESIAN_POINT('Origin',(33.749999521427,-2.624478926514,1.51));
#3430=CARTESIAN_POINT('',(32.4772082859827,-1.35168642649145,1.51));
#3431=CARTESIAN_POINT('',(32.4772082859827,-1.35168642649145,1.51));
#3432=CARTESIAN_POINT('Origin',(33.749999521427,-2.624478926514,1.51));
#3433=CARTESIAN_POINT('Origin',(37.6556353562373,3.82674064376268,1.51));
#3434=CARTESIAN_POINT('',(37.6556353562373,3.82674064376268,1.51));
#3435=CARTESIAN_POINT('',(37.6556353562373,3.82674064376268,1.51));
#3436=CARTESIAN_POINT('',(27.2850413562762,-6.54385335619757,1.51));
#3437=CARTESIAN_POINT('Origin',(36.100000478574,5.38237492651401,1.51));
#3438=CARTESIAN_POINT('',(38.2999999999998,5.3823750073486,1.51));
#3439=CARTESIAN_POINT('',(38.2999999999998,5.3823750073486,1.51));
#3440=CARTESIAN_POINT('Origin',(36.100000478574,5.38237492651401,1.51));
#3441=CARTESIAN_POINT('Origin',(38.3,33.461573,1.51));
#3442=CARTESIAN_POINT('',(38.2999999999999,18.8999995744295,8.51));
#3443=CARTESIAN_POINT('',(38.2999999999999,18.8999995744295,5.01));
#3444=CARTESIAN_POINT('',(38.3,33.461573,8.51));
#3445=CARTESIAN_POINT('',(38.2999999999998,5.3823750073486,8.51));
#3446=CARTESIAN_POINT('',(38.3,33.461573,1.51));
#3447=CARTESIAN_POINT('',(38.3,33.461573,1.51));
#3448=CARTESIAN_POINT('',(38.2999999999999,16.7307864999999,1.51));
#3449=CARTESIAN_POINT('Origin',(21.4406547469199,-12.1053951523135,8.51000000000001));
#3450=CARTESIAN_POINT('',(33.749999521427,-2.624478926514,8.51000000000001));
#3451=CARTESIAN_POINT('',(38.928427562373,2.55394843762685,8.51000000000001));
#3452=CARTESIAN_POINT('',(22.8548682168763,-13.5196088071034,8.51000000000001));
#3453=CARTESIAN_POINT('',(37.5142140924167,3.96816209241671,10.51));
#3454=CARTESIAN_POINT('Origin',(37.5142140924167,3.96816209241671,8.51000000000001));
#3455=CARTESIAN_POINT('',(31.7499995107938,-1.7960517358404,10.51));
#3456=CARTESIAN_POINT('',(21.4406547469199,-12.1053951523135,10.51));
#3457=CARTESIAN_POINT('Origin',(31.7499995107938,-1.79605173584041,8.51000000000001));
#3458=CARTESIAN_POINT('Origin',(-38.0999999999996,13.7274991467537,8.51000000000001));
#3459=CARTESIAN_POINT('',(-38.0999999999996,18.8999995752943,10.51));
#3460=CARTESIAN_POINT('',(-40.0999991036963,18.8999995753169,8.51));
#3461=CARTESIAN_POINT('Origin',(-38.0999999999996,18.899999575225,8.51000000000001));
#3462=CARTESIAN_POINT('',(-40.1,-39.91,8.51000000000001));
#3463=CARTESIAN_POINT('',(-40.0999999999996,13.7274991467537,8.51000000000001));
#3464=CARTESIAN_POINT('',(-38.1,-39.91,10.51));
#3465=CARTESIAN_POINT('Origin',(-38.1,-39.91,8.51000000000001));
#3466=CARTESIAN_POINT('',(-38.0999999999996,13.7274991467537,10.51));
#3467=CARTESIAN_POINT('Ctrl Pts',(-40.0999999999992,-39.9099985058489,8.51000000000001));
#3468=CARTESIAN_POINT('Ctrl Pts',(-40.1000012377953,-41.5668538869502,8.51000000000001));
#3469=CARTESIAN_POINT('Ctrl Pts',(-38.9284275623728,-42.7384275623728,8.51000000000001));
#3470=CARTESIAN_POINT('Ctrl Pts',(-37.7568538869503,-43.9100012377953,8.51000000000001));
#3471=CARTESIAN_POINT('Ctrl Pts',(-36.0999985058489,-43.9099999999992,8.51000000000001));
#3472=CARTESIAN_POINT('Ctrl Pts',(-40.0999999999992,-39.9099985058489,10.51));
#3473=CARTESIAN_POINT('Ctrl Pts',(-40.1000012377953,-41.5668538869502,10.51));
#3474=CARTESIAN_POINT('Ctrl Pts',(-38.9284275623728,-42.7384275623728,10.51));
#3475=CARTESIAN_POINT('Ctrl Pts',(-37.7568538869503,-43.9100012377953,10.51));
#3476=CARTESIAN_POINT('Ctrl Pts',(-36.0999985058489,-43.9099999999992,10.51));
#3477=CARTESIAN_POINT('Ctrl Pts',(-38.0999999999997,-39.91,10.51));
#3478=CARTESIAN_POINT('Ctrl Pts',(-38.1000006188976,-40.7384273811018,10.51));
#3479=CARTESIAN_POINT('Ctrl Pts',(-37.5142139999997,-41.3242139999997,10.51));
#3480=CARTESIAN_POINT('Ctrl Pts',(-36.9284273811018,-41.9100006188976,10.51));
#3481=CARTESIAN_POINT('Ctrl Pts',(-36.1,-41.9099999999997,10.51));
#3482=CARTESIAN_POINT('',(-36.0999985058489,-43.9099999999994,8.51000000000001));
#3483=CARTESIAN_POINT('',(-36.1,-41.9099999999997,10.51));
#3484=CARTESIAN_POINT('Origin',(-36.1,-41.9099999999997,8.51000000000001));
#3485=CARTESIAN_POINT('Origin',(-36.10000149415,-39.91000149415,10.51));
#3486=CARTESIAN_POINT('Origin',(-36.10000149415,-39.91000149415,8.51000000000001));
#3487=CARTESIAN_POINT('Origin',(-18.0499992528861,-41.9099999999996,8.51000000000001));
#3488=CARTESIAN_POINT('',(29.75,-43.91,8.51000000000001));
#3489=CARTESIAN_POINT('',(29.75,-41.91,10.51));
#3490=CARTESIAN_POINT('Origin',(29.75,-41.91,8.51000000000001));
#3491=CARTESIAN_POINT('',(-18.0499992528861,-41.9099999999996,10.51));
#3492=CARTESIAN_POINT('',(-18.0499992528862,-43.9099999999996,8.51000000000001));
#3493=CARTESIAN_POINT('Ctrl Pts',(29.7499985058489,-43.9099999999992,8.51000000000001));
#3494=CARTESIAN_POINT('Ctrl Pts',(31.4068538869503,-43.9100012377953,8.51000000000001));
#3495=CARTESIAN_POINT('Ctrl Pts',(32.5784275623728,-42.7384275623728,8.51000000000001));
#3496=CARTESIAN_POINT('Ctrl Pts',(33.7500012377953,-41.5668538869502,8.51000000000001));
#3497=CARTESIAN_POINT('Ctrl Pts',(33.7499999999992,-39.9099985058489,8.51000000000001));
#3498=CARTESIAN_POINT('Ctrl Pts',(29.7499985058489,-43.9099999999992,10.51));
#3499=CARTESIAN_POINT('Ctrl Pts',(31.4068538869503,-43.9100012377953,10.51));
#3500=CARTESIAN_POINT('Ctrl Pts',(32.5784275623728,-42.7384275623728,10.51));
#3501=CARTESIAN_POINT('Ctrl Pts',(33.7500012377953,-41.5668538869502,10.51));
#3502=CARTESIAN_POINT('Ctrl Pts',(33.7499999999992,-39.9099985058489,10.51));
#3503=CARTESIAN_POINT('Ctrl Pts',(29.75,-41.9099999999997,10.51));
#3504=CARTESIAN_POINT('Ctrl Pts',(30.5784273811018,-41.9100006188976,10.51));
#3505=CARTESIAN_POINT('Ctrl Pts',(31.1642139999997,-41.3242139999997,10.51));
#3506=CARTESIAN_POINT('Ctrl Pts',(31.7500006188976,-40.7384273811018,10.51));
#3507=CARTESIAN_POINT('Ctrl Pts',(31.7499999999997,-39.91,10.51));
#3508=CARTESIAN_POINT('',(33.7499999999994,-39.9099985058489,8.51000000000001));
#3509=CARTESIAN_POINT('',(31.7499999999997,-39.91,10.51));
#3510=CARTESIAN_POINT('Origin',(31.7499999999997,-39.91,8.51000000000001));
#3511=CARTESIAN_POINT('Origin',(29.75000149415,-39.91000149415,10.51));
#3512=CARTESIAN_POINT('Origin',(29.75000149415,-39.91000149415,8.51000000000001));
#3513=CARTESIAN_POINT('Origin',(31.7499998238023,-26.1824991681696,8.51000000000001));
#3514=CARTESIAN_POINT('',(31.7499998238023,-26.1824991681696,10.51));
#3515=CARTESIAN_POINT('',(33.7499998238023,-26.1824991424989,8.51000000000001));
#3516=CARTESIAN_POINT('Ctrl Pts',(38.928427562373,2.55394843762685,8.51000000000001));
#3517=CARTESIAN_POINT('Ctrl Pts',(40.1000000608776,3.72552118255192,8.51000000000001));
#3518=CARTESIAN_POINT('Ctrl Pts',(40.0999999999998,5.38237507348601,8.51000000000001));
#3519=CARTESIAN_POINT('Ctrl Pts',(38.928427562373,2.55394843762685,10.51));
#3520=CARTESIAN_POINT('Ctrl Pts',(40.1000000608776,3.72552118255192,10.51));
#3521=CARTESIAN_POINT('Ctrl Pts',(40.0999999999998,5.38237507348601,10.51));
#3522=CARTESIAN_POINT('Ctrl Pts',(37.514213851272,3.96816185127194,10.51));
#3523=CARTESIAN_POINT('Ctrl Pts',(38.1000000304387,4.55394815364891,10.51));
#3524=CARTESIAN_POINT('Ctrl Pts',(38.0999999999998,5.382375,10.51));
#3525=CARTESIAN_POINT('',(40.0999999999998,5.38237507348601,8.51000000000001));
#3526=CARTESIAN_POINT('',(38.0999999999998,5.382375,10.51));
#3527=CARTESIAN_POINT('Origin',(38.0999999999998,5.382375,8.51000000000001));
#3528=CARTESIAN_POINT('Origin',(36.100000478574,5.38237492651401,10.51));
#3529=CARTESIAN_POINT('Origin',(36.100000478574,5.38237492651401,8.51000000000001));
#3530=CARTESIAN_POINT('Origin',(38.0999999998989,-3.53631256963214,8.51000000000001));
#3531=CARTESIAN_POINT('',(40.1000000001528,18.8999995744091,8.51));
#3532=CARTESIAN_POINT('',(38.1000000001528,18.8999995744317,10.51));
#3533=CARTESIAN_POINT('Origin',(38.1000000001528,18.8999995744317,8.51000000000001));
#3534=CARTESIAN_POINT('',(38.0999999998989,-3.53631256963214,10.51));
#3535=CARTESIAN_POINT('',(40.0999999998989,-3.53631256965478,8.51000000000001));
#3536=CARTESIAN_POINT('Origin',(40.1000000001528,18.8999995744091,8.51));
#3537=CARTESIAN_POINT('',(-40.0999991036963,18.8999995753169,8.51));
#3538=CARTESIAN_POINT('',(32.7999999999988,18.8999995744691,10.51));
#3539=CARTESIAN_POINT('',(32.7999999999988,18.8999995744691,9.51));
#3540=CARTESIAN_POINT('',(20.0500000002923,18.8999995746361,10.51));
#3541=CARTESIAN_POINT('Origin',(40.0999999999998,5.38237507348601,1.51));
#3542=CARTESIAN_POINT('',(40.0999999999998,5.38237507348601,1.51));
#3543=CARTESIAN_POINT('',(40.0999999999998,5.38237507348601,1.51));
#3544=CARTESIAN_POINT('',(40.1000000003176,33.4615649886726,1.51));
#3545=CARTESIAN_POINT('',(40.0999999999693,2.69118753651607,1.51));
#3546=CARTESIAN_POINT('',(40.1000000003176,33.4615649886726,8.51));
#3547=CARTESIAN_POINT('',(40.1000000003176,33.4615649886726,1.51));
#3548=CARTESIAN_POINT('',(40.0999999999998,5.38237507348601,8.51));
#3549=CARTESIAN_POINT('Origin',(36.100000478574,5.38237492651401,1.51));
#3550=CARTESIAN_POINT('',(38.928427562373,2.55394843762685,1.51));
#3551=CARTESIAN_POINT('',(38.928427562373,2.55394843762685,1.51));
#3552=CARTESIAN_POINT('Origin',(36.100000478574,5.38237492651401,1.51));
#3553=CARTESIAN_POINT('Origin',(33.749999521427,-2.624478926514,1.51));
#3554=CARTESIAN_POINT('',(33.749999521427,-2.624478926514,1.51));
#3555=CARTESIAN_POINT('',(33.749999521427,-2.624478926514,1.51));
#3556=CARTESIAN_POINT('',(25.9686182699821,-10.4058591609554,1.51));
#3557=CARTESIAN_POINT('Origin',(33.7499999999994,-39.9099985058489,1.51));
#3558=CARTESIAN_POINT('',(33.7499999999994,-39.9099985058489,1.51));
#3559=CARTESIAN_POINT('',(33.7499999999994,-39.9099985058489,1.51));
#3560=CARTESIAN_POINT('',(33.7499997438702,-19.954999036328,1.51));
#3561=CARTESIAN_POINT('Origin',(29.75000149415,-39.91000149415,1.51));
#3562=CARTESIAN_POINT('',(29.75,-43.91,1.51));
#3563=CARTESIAN_POINT('',(29.75,-43.91,1.51));
#3564=CARTESIAN_POINT('Origin',(29.75000149415,-39.91000149415,1.51));
#3565=CARTESIAN_POINT('Origin',(-36.0999985058489,-43.9099999999994,1.51));
#3566=CARTESIAN_POINT('',(-36.0999985058489,-43.9099999999994,1.51));
#3567=CARTESIAN_POINT('',(-36.0999985058489,-43.9099999999994,1.51));
#3568=CARTESIAN_POINT('',(-18.0499992528453,-43.9099999999996,1.51));
#3569=CARTESIAN_POINT('Origin',(-36.10000149415,-39.91000149415,1.51));
#3570=CARTESIAN_POINT('',(-40.1,-39.91,1.51));
#3571=CARTESIAN_POINT('',(-40.1,-39.91,1.51));
#3572=CARTESIAN_POINT('Origin',(-36.10000149415,-39.91000149415,1.51));
#3573=CARTESIAN_POINT('Origin',(-40.0999999999994,39.9099985058489,1.51));
#3574=CARTESIAN_POINT('',(-40.0999999999994,39.9099985058489,8.51));
#3575=CARTESIAN_POINT('',(-40.0999999999994,39.9099985058489,8.51));
#3576=CARTESIAN_POINT('',(-40.0999999999994,39.9099985058489,1.51));
#3577=CARTESIAN_POINT('',(-40.0999999999994,39.9099985058489,1.51));
#3578=CARTESIAN_POINT('',(-40.0999999999996,19.9549992529246,1.51));
#3579=CARTESIAN_POINT('Origin',(24.9499999999999,-36.11,8.51));
#3580=CARTESIAN_POINT('',(24.9499999999999,-38.61,10.51));
#3581=CARTESIAN_POINT('',(24.9499999999999,-38.61,8.51));
#3582=CARTESIAN_POINT('',(27.4499999999999,-36.11,10.51));
#3583=CARTESIAN_POINT('Origin',(24.9499999999999,-36.11,10.51));
#3584=CARTESIAN_POINT('',(27.4499999999999,-36.11,8.51));
#3585=CARTESIAN_POINT('Origin',(27.4499999999999,-2.6244791428895,8.51));
#3586=CARTESIAN_POINT('',(27.45,-3.6687103616101,10.51));
#3587=CARTESIAN_POINT('',(27.45,-7.53973967761562,10.51));
#3588=CARTESIAN_POINT('',(27.45,-3.6687103616101,5.51));
#3589=CARTESIAN_POINT('Origin',(29.04,-39.03,9.31));
#3590=CARTESIAN_POINT('',(31.24,-39.03,9.31));
#3591=CARTESIAN_POINT('Origin',(29.04,-39.03,9.31));
#3592=CARTESIAN_POINT('Origin',(29.04,-39.03,7.41));
#3593=CARTESIAN_POINT('',(31.24,-39.03,7.41));
#3594=CARTESIAN_POINT('Origin',(-21.9107447142708,43.91,3.83623855679451));
#3595=CARTESIAN_POINT('',(-23.4107447142708,42.11,3.83623855679451));
#3596=CARTESIAN_POINT('',(-21.9107447142708,42.11,2.33623855679451));
#3597=CARTESIAN_POINT('Origin',(-21.9107447142708,42.11,3.83623855679451));
#3598=CARTESIAN_POINT('',(-21.9107447142708,43.91,2.33623855679451));
#3599=CARTESIAN_POINT('',(-21.9107447142708,43.91,2.33623855679451));
#3600=CARTESIAN_POINT('',(-23.4107447142708,43.91,3.83623855679451));
#3601=CARTESIAN_POINT('Origin',(-21.9107447142708,43.91,3.83623855679451));
#3602=CARTESIAN_POINT('',(-23.4107447142708,43.91,3.83623855679451));
#3603=CARTESIAN_POINT('Origin',(-13.4107447142708,43.91,2.33623855679451));
#3604=CARTESIAN_POINT('',(-14.9107447142708,42.11,2.33623855679451));
#3605=CARTESIAN_POINT('',(-24.7553723571354,42.11,2.33623855679451));
#3606=CARTESIAN_POINT('',(-14.9107447142708,43.91,2.33623855679451));
#3607=CARTESIAN_POINT('',(-14.9107447142708,43.91,2.33623855679451));
#3608=CARTESIAN_POINT('',(-9.65958589387841,43.91,2.33623855679451));
#3609=CARTESIAN_POINT('Origin',(-21.9107447142708,43.91,4.83623855679451));
#3610=CARTESIAN_POINT('',(-21.9107447142708,42.11,6.33623855679451));
#3611=CARTESIAN_POINT('',(-23.4107447142708,42.11,4.83623855679451));
#3612=CARTESIAN_POINT('Origin',(-21.9107447142708,42.11,4.83623855679451));
#3613=CARTESIAN_POINT('',(-23.4107447142708,43.91,4.83623855679451));
#3614=CARTESIAN_POINT('',(-23.4107447142708,43.91,4.83623855679451));
#3615=CARTESIAN_POINT('',(-21.9107447142708,43.91,6.33623855679451));
#3616=CARTESIAN_POINT('Origin',(-21.9107447142708,43.91,4.83623855679451));
#3617=CARTESIAN_POINT('',(-21.9107447142708,43.91,6.33623855679451));
#3618=CARTESIAN_POINT('Origin',(-23.4107447142708,43.91,2.33623855679451));
#3619=CARTESIAN_POINT('',(-23.4107447142708,43.91,1.92311927839725));
#3620=CARTESIAN_POINT('',(-23.4107447142708,42.11,1.92311927839725));
#3621=CARTESIAN_POINT('Origin',(-14.9107447142708,43.91,4.83623855679451));
#3622=CARTESIAN_POINT('',(-13.4107447142708,42.11,4.83623855679451));
#3623=CARTESIAN_POINT('',(-14.9107447142708,42.11,6.33623855679451));
#3624=CARTESIAN_POINT('Origin',(-14.9107447142708,42.11,4.83623855679451));
#3625=CARTESIAN_POINT('',(-14.9107447142708,43.91,6.33623855679451));
#3626=CARTESIAN_POINT('',(-14.9107447142708,43.91,6.33623855679451));
#3627=CARTESIAN_POINT('',(-13.4107447142708,43.91,4.83623855679451));
#3628=CARTESIAN_POINT('Origin',(-14.9107447142708,43.91,4.83623855679451));
#3629=CARTESIAN_POINT('',(-13.4107447142708,43.91,4.83623855679451));
#3630=CARTESIAN_POINT('Origin',(-23.4107447142708,43.91,6.33623855679451));
#3631=CARTESIAN_POINT('',(-14.6595858938784,43.91,6.33623855679451));
#3632=CARTESIAN_POINT('',(-29.7553723571354,42.11,6.33623855679451));
#3633=CARTESIAN_POINT('Origin',(-14.9107447142708,43.91,3.83623855679451));
#3634=CARTESIAN_POINT('',(-13.4107447142708,43.91,3.83623855679451));
#3635=CARTESIAN_POINT('Origin',(-14.9107447142708,43.91,3.83623855679451));
#3636=CARTESIAN_POINT('',(-13.4107447142708,42.11,3.83623855679451));
#3637=CARTESIAN_POINT('Origin',(-14.9107447142708,42.11,3.83623855679451));
#3638=CARTESIAN_POINT('',(-13.4107447142708,43.91,3.83623855679451));
#3639=CARTESIAN_POINT('Origin',(-13.4107447142708,43.91,6.33623855679451));
#3640=CARTESIAN_POINT('',(-13.4107447142708,43.91,3.92311927839725));
#3641=CARTESIAN_POINT('',(-13.4107447142708,42.11,3.92311927839725));
#3642=CARTESIAN_POINT('Origin',(7.68096697356668E-11,-12.4550002123417,
10.51));
#3643=CARTESIAN_POINT('',(32.7999999999998,6.32978720205423,10.51));
#3644=CARTESIAN_POINT('',(32.7999999999998,3.27249968106359,10.51));
#3645=CARTESIAN_POINT('',(32.9167964940862,5.65633003540227,10.51));
#3646=CARTESIAN_POINT('Origin',(34.7999999999998,6.32978720205421,10.51));
#3647=CARTESIAN_POINT('',(32.4478065505457,3.56865930637716,10.51));
#3648=CARTESIAN_POINT('Origin',(31.0335929881727,4.98287286875032,10.51));
#3649=CARTESIAN_POINT('',(30.0023345518299,1.12318730766158,10.51));
#3650=CARTESIAN_POINT('',(21.5060367579751,-7.37311048619249,10.51));
#3651=CARTESIAN_POINT('',(28.6228636086661,-1.28191709955708,10.51));
#3652=CARTESIAN_POINT('Origin',(33.749999521427,-2.624478926514,10.51));
#3653=CARTESIAN_POINT('',(28.0690475824981,-2.22200015545416,10.51));
#3654=CARTESIAN_POINT('Origin',(26.6880951649962,-0.775289949298217,10.51));
#3655=CARTESIAN_POINT('Origin',(29.4499999999999,-3.6687103616101,10.51));
#3656=CARTESIAN_POINT('',(-29.9500015175436,-38.61,10.51));
#3657=CARTESIAN_POINT('',(14.2250000000384,-38.61,10.51));
#3658=CARTESIAN_POINT('',(-31.9500015175436,-36.6099999999999,10.51));
#3659=CARTESIAN_POINT('Origin',(-29.9500015175436,-36.6099999999999,10.51));
#3660=CARTESIAN_POINT('',(-31.9500015175447,18.8999995752247,10.51));
#3661=CARTESIAN_POINT('',(-31.9500015175436,-25.5325010231091,10.51));
#3662=CARTESIAN_POINT('',(-15.9750007585571,18.8999995750448,10.51));
#3663=CARTESIAN_POINT('Origin',(35.54,14.47,7.41));
#3664=CARTESIAN_POINT('',(37.74,14.47,9.31));
#3665=CARTESIAN_POINT('',(37.74,14.47,7.41));
#3666=CARTESIAN_POINT('Origin',(35.54,14.47,9.31));
#3667=CARTESIAN_POINT('Origin',(35.54,14.47,9.31));
#3668=CARTESIAN_POINT('Origin',(-35.46,12.47,7.41));
#3669=CARTESIAN_POINT('',(-33.26,12.47,9.31));
#3670=CARTESIAN_POINT('',(-33.26,12.47,7.41));
#3671=CARTESIAN_POINT('Origin',(-35.46,12.47,9.31));
#3672=CARTESIAN_POINT('Origin',(-35.46,12.47,9.31));
#3673=CARTESIAN_POINT('Origin',(-35.06,-39.03,7.41));
#3674=CARTESIAN_POINT('',(-32.86,-39.03,9.31));
#3675=CARTESIAN_POINT('',(-32.86,-39.03,7.41));
#3676=CARTESIAN_POINT('Origin',(-35.06,-39.03,9.31));
#3677=CARTESIAN_POINT('Origin',(-35.06,-39.03,9.31));
#3678=CARTESIAN_POINT('Origin',(-29.9500015175436,-36.6099999999999,8.51));
#3679=CARTESIAN_POINT('',(-31.9500015175436,-36.6099999999999,8.51));
#3680=CARTESIAN_POINT('',(-29.9500015175436,-38.61,9.51));
#3681=CARTESIAN_POINT('Origin',(-31.9500015175436,-38.6100018338766,8.51));
#3682=CARTESIAN_POINT('',(-31.9500015175447,18.8999995752247,9.51));
#3683=CARTESIAN_POINT('Origin',(29.4499999999999,-3.6687103616101,8.51));
#3684=CARTESIAN_POINT('',(28.0690475824981,-2.22200015545416,9.51));
#3685=CARTESIAN_POINT('Origin',(26.6880951649962,-0.775289949298217,8.51));
#3686=CARTESIAN_POINT('',(28.6228636086661,-1.28191709955708,9.51));
#3687=CARTESIAN_POINT('Origin',(34.7999999999998,6.32978720205421,8.51));
#3688=CARTESIAN_POINT('',(32.7999999999998,6.32978720205423,9.51));
#3689=CARTESIAN_POINT('',(32.9167964940862,5.65633003540227,9.51));
#3690=CARTESIAN_POINT('Origin',(32.7999999999999,18.9999995744691,8.51));
#3691=CARTESIAN_POINT('Origin',(31.0335929881727,4.98287286875032,8.51));
#3692=CARTESIAN_POINT('',(32.4478065505457,3.56865930637716,8.51));
#3693=CARTESIAN_POINT('Origin',(1.58659752003132E-10,-4.44089209850063E-15,
1.51));
#3694=CARTESIAN_POINT('',(-36.1,43.91,1.51));
#3695=CARTESIAN_POINT('Origin',(-36.10000149415,39.91000149415,1.51));
#3696=CARTESIAN_POINT('',(-5.90842707348602,43.91,1.51));
#3697=CARTESIAN_POINT('',(-2.95421353666368,43.91,1.51));
#3698=CARTESIAN_POINT('',(-3.08000043762687,42.7384275623734,1.51));
#3699=CARTESIAN_POINT('Origin',(-5.908426926514,39.910000478574,1.51));
#3700=CARTESIAN_POINT('',(-1.7115728752533,41.37,1.51));
#3701=CARTESIAN_POINT('',(9.05882034359976,30.5996067811486,1.51));
#3702=CARTESIAN_POINT('',(32.1915824559018,41.3700000004419,1.51));
#3703=CARTESIAN_POINT('',(16.0957912277606,41.3700000002321,1.51));
#3704=CARTESIAN_POINT('',(35.019992945918,40.1984341794412,1.51));
#3705=CARTESIAN_POINT('Origin',(32.191624491475,37.370124612624,1.51));
#3706=CARTESIAN_POINT('',(38.9284416704831,36.2899854541822,1.51));
#3707=CARTESIAN_POINT('',(38.2688276181755,36.9495995066068,1.51));
#3708=CARTESIAN_POINT('Origin',(36.099894909565,33.461529345342,1.51));
#3709=CARTESIAN_POINT('',(37.655637377835,35.0172053345748,1.51));
#3710=CARTESIAN_POINT('Origin',(36.099894909565,33.461529345342,1.51));
#3711=CARTESIAN_POINT('',(33.7472073562791,38.9256353562791,1.51));
#3712=CARTESIAN_POINT('',(35.0418143566391,37.6310283558699,1.51));
#3713=CARTESIAN_POINT('',(32.1915678505317,39.5699999999336,1.51));
#3714=CARTESIAN_POINT('Origin',(32.191624491475,37.370124612624,1.51));
#3715=CARTESIAN_POINT('',(-1.711573,39.5700000000796,1.51));
#3716=CARTESIAN_POINT('',(-0.855786499881907,39.5699999999983,1.51));
#3717=CARTESIAN_POINT('',(-2.98436180149752,40.0972045138682,1.51));
#3718=CARTESIAN_POINT('Origin',(-1.711626415056,41.369870743568,1.51));
#3719=CARTESIAN_POINT('',(-4.35279264376256,41.4656353562375,1.51));
#3720=CARTESIAN_POINT('',(7.10181435619426,30.0110283554086,1.51));
#3721=CARTESIAN_POINT('',(-5.9084270073486,42.11,1.51));
#3722=CARTESIAN_POINT('Origin',(-5.908426926514,39.910000478574,1.51));
#3723=CARTESIAN_POINT('',(-36.1,42.11,1.51));
#3724=CARTESIAN_POINT('',(-18.0499999999207,42.11,1.51));
#3725=CARTESIAN_POINT('',(-38.2999999999999,39.9099998505849,1.51));
#3726=CARTESIAN_POINT('Origin',(-36.10000149415,39.91000149415,1.51));
#3727=CARTESIAN_POINT('',(-38.3,-19.955,1.51));
#3728=CARTESIAN_POINT('Origin',(-36.10000149415,39.91000149415,1.51));
#3729=CARTESIAN_POINT('',(-36.1,42.11,8.51));
#3730=CARTESIAN_POINT('',(-36.1,42.11,1.51));
#3731=CARTESIAN_POINT('',(-38.2999999999999,39.9099998505849,8.51));
#3732=CARTESIAN_POINT('Origin',(-36.10000149415,39.91000149415,8.51));
#3733=CARTESIAN_POINT('',(-38.2999999999999,39.9099998505849,1.51));
#3734=CARTESIAN_POINT('Origin',(-36.1,42.11,1.51));
#3735=CARTESIAN_POINT('',(-5.9084270073486,42.11,8.51));
#3736=CARTESIAN_POINT('',(-5.9084270073486,42.11,1.51));
#3737=CARTESIAN_POINT('',(-5.9084270073486,42.11,8.51));
#3738=CARTESIAN_POINT('Origin',(-5.908426926514,39.910000478574,1.51));
#3739=CARTESIAN_POINT('',(-4.35279264376256,41.4656353562375,8.51));
#3740=CARTESIAN_POINT('',(-4.35279264376256,41.4656353562375,1.51));
#3741=CARTESIAN_POINT('Origin',(-5.908426926514,39.910000478574,8.51));
#3742=CARTESIAN_POINT('Origin',(-4.35279264376256,41.4656353562375,1.51));
#3743=CARTESIAN_POINT('',(-2.98436180149752,40.0972045138682,8.51));
#3744=CARTESIAN_POINT('',(-2.98436180149752,40.0972045138682,1.51));
#3745=CARTESIAN_POINT('',(-2.98436180149752,40.0972045138682,8.51));
#3746=CARTESIAN_POINT('Origin',(-1.711626415056,41.369870743568,1.51));
#3747=CARTESIAN_POINT('',(-1.711573,39.5700000000796,8.51));
#3748=CARTESIAN_POINT('',(-1.711573,39.5700000000796,1.51));
#3749=CARTESIAN_POINT('Origin',(-1.711626415056,41.369870743568,8.51));
#3750=CARTESIAN_POINT('Origin',(-1.711573,39.57,1.51));
#3751=CARTESIAN_POINT('',(32.1915678505317,39.5699999999336,8.51));
#3752=CARTESIAN_POINT('',(32.1915678505317,39.5699999999336,1.51));
#3753=CARTESIAN_POINT('',(32.1915678505317,39.5699999999336,8.51));
#3754=CARTESIAN_POINT('Origin',(32.191624491475,37.370124612624,1.51));
#3755=CARTESIAN_POINT('',(33.7472073562791,38.9256353562791,8.51));
#3756=CARTESIAN_POINT('',(33.7472073562791,38.9256353562791,1.51));
#3757=CARTESIAN_POINT('Origin',(32.191624491475,37.370124612624,8.51));
#3758=CARTESIAN_POINT('Origin',(33.7472073562791,38.9256353562791,1.51));
#3759=CARTESIAN_POINT('',(37.655637377835,35.0172053345748,8.51));
#3760=CARTESIAN_POINT('',(37.655637377835,35.0172053345748,1.51));
#3761=CARTESIAN_POINT('',(37.655637377835,35.0172053345748,8.51));
#3762=CARTESIAN_POINT('Origin',(36.099894909565,33.461529345342,1.51));
#3763=CARTESIAN_POINT('Origin',(36.099894909565,33.461529345342,8.51));
#3764=CARTESIAN_POINT('Origin',(-36.10000149415,39.91000149415,1.51));
#3765=CARTESIAN_POINT('',(-36.1,43.91,8.51));
#3766=CARTESIAN_POINT('Origin',(-36.10000149415,39.91000149415,8.51));
#3767=CARTESIAN_POINT('',(-36.1,43.91,1.51));
#3768=CARTESIAN_POINT('Origin',(-31.9500015175447,18.899999575225,8.51));
#3769=CARTESIAN_POINT('',(-38.3,18.8999995752965,8.51));
#3770=CARTESIAN_POINT('',(-38.3,18.8999995752966,5.01));
#3771=CARTESIAN_POINT('',(-15.975000758586,18.8999995750438,8.51));
#3772=CARTESIAN_POINT('Origin',(28.4499999999999,-38.61,8.51));
#3773=CARTESIAN_POINT('Origin',(33.749999521427,-2.624478926514,8.51));
#3774=CARTESIAN_POINT('',(30.0023345518299,1.12318730766158,9.51));
#3775=CARTESIAN_POINT('Origin',(34.7999999999998,5.92085275583104,8.51));
#3776=CARTESIAN_POINT('Origin',(-38.3,-39.91,1.51));
#3777=CARTESIAN_POINT('',(-38.2999999999999,39.9099998505849,8.51));
#3778=CARTESIAN_POINT('Origin',(-5.90842707348602,43.91,1.51));
#3779=CARTESIAN_POINT('',(-5.90842707348602,43.91,8.51));
#3780=CARTESIAN_POINT('',(-5.90842707348602,43.91,8.51));
#3781=CARTESIAN_POINT('',(-5.90842707348602,43.91,1.51));
#3782=CARTESIAN_POINT('Origin',(-5.908426926514,39.910000478574,1.51));
#3783=CARTESIAN_POINT('',(-3.08000043762687,42.7384275623734,8.51));
#3784=CARTESIAN_POINT('Origin',(-5.908426926514,39.910000478574,8.51));
#3785=CARTESIAN_POINT('',(-3.08000043762687,42.7384275623734,1.51));
#3786=CARTESIAN_POINT('Origin',(-1.7115728752533,41.37,1.51));
#3787=CARTESIAN_POINT('',(-1.7115728752533,41.37,8.51));
#3788=CARTESIAN_POINT('',(-1.7115728752533,41.37,8.51));
#3789=CARTESIAN_POINT('',(-1.7115728752533,41.37,1.51));
#3790=CARTESIAN_POINT('Origin',(32.1915824559018,41.3700000004419,1.51));
#3791=CARTESIAN_POINT('',(32.1915824559018,41.3700000004419,8.51));
#3792=CARTESIAN_POINT('',(32.1915824559018,41.3700000004419,8.51));
#3793=CARTESIAN_POINT('',(32.1915824559018,41.3700000004419,1.51));
#3794=CARTESIAN_POINT('Origin',(32.191624491475,37.370124612624,1.51));
#3795=CARTESIAN_POINT('',(35.019992945918,40.1984341794412,8.51));
#3796=CARTESIAN_POINT('Origin',(32.191624491475,37.370124612624,8.51));
#3797=CARTESIAN_POINT('',(35.019992945918,40.1984341794412,1.51));
#3798=CARTESIAN_POINT('Origin',(38.9284416704831,36.2899854541822,1.51));
#3799=CARTESIAN_POINT('',(38.9284416704831,36.2899854541822,8.51));
#3800=CARTESIAN_POINT('',(38.9284416704831,36.2899854541822,8.51));
#3801=CARTESIAN_POINT('',(38.9284416704831,36.2899854541822,1.51));
#3802=CARTESIAN_POINT('Origin',(36.099894909565,33.461529345342,1.51));
#3803=CARTESIAN_POINT('Origin',(36.099894909565,33.461529345342,8.51));
#3804=CARTESIAN_POINT('Origin',(1.5866419289523E-10,0.,8.51));
#3805=UNCERTAINTY_MEASURE_WITH_UNIT(LENGTH_MEASURE(0.01),#3809,
'DISTANCE_ACCURACY_VALUE',
'Maximum model space distance between geometric entities at asserted c
onnectivities');
#3806=UNCERTAINTY_MEASURE_WITH_UNIT(LENGTH_MEASURE(0.01),#3809,
'DISTANCE_ACCURACY_VALUE',
'Maximum model space distance between geometric entities at asserted c
onnectivities');
#3807=(
GEOMETRIC_REPRESENTATION_CONTEXT(3)
GLOBAL_UNCERTAINTY_ASSIGNED_CONTEXT((#3805))
GLOBAL_UNIT_ASSIGNED_CONTEXT((#3809,#3811,#3812))
REPRESENTATION_CONTEXT('','3D')
);
#3808=(
GEOMETRIC_REPRESENTATION_CONTEXT(3)
GLOBAL_UNCERTAINTY_ASSIGNED_CONTEXT((#3806))
GLOBAL_UNIT_ASSIGNED_CONTEXT((#3809,#3811,#3812))
REPRESENTATION_CONTEXT('','3D')
);
#3809=(
LENGTH_UNIT()
NAMED_UNIT(*)
SI_UNIT(.MILLI.,.METRE.)
);
#3810=(
LENGTH_UNIT()
NAMED_UNIT(*)
SI_UNIT($,.METRE.)
);
#3811=(
NAMED_UNIT(*)
PLANE_ANGLE_UNIT()
SI_UNIT($,.RADIAN.)
);
#3812=(
NAMED_UNIT(*)
SI_UNIT($,.STERADIAN.)
SOLID_ANGLE_UNIT()
);
#3813=SHAPE_DEFINITION_REPRESENTATION(#3814,#3815);
#3814=PRODUCT_DEFINITION_SHAPE('',$,#3817);
#3815=SHAPE_REPRESENTATION('',(#2301),#3807);
#3816=PRODUCT_DEFINITION_CONTEXT('part definition',#3821,'design');
#3817=PRODUCT_DEFINITION('2026-09-09-16-52-30-387','Rx-case 1.2',#3818,
#3816);
#3818=PRODUCT_DEFINITION_FORMATION('',$,#3823);
#3819=PRODUCT_RELATED_PRODUCT_CATEGORY('Rx-case 1.2','Rx-case 1.2',(#3823));
#3820=APPLICATION_PROTOCOL_DEFINITION('international standard',
'automotive_design',2009,#3821);
#3821=APPLICATION_CONTEXT(
'Core Data for Automotive Mechanical Design Process');
#3822=PRODUCT_CONTEXT('part definition',#3821,'mechanical');
#3823=PRODUCT('2026-09-09-16-52-30-387','Rx-case 1.2',$,(#3822));
#3824=PRESENTATION_STYLE_ASSIGNMENT((#3828));
#3825=PRESENTATION_STYLE_ASSIGNMENT((#3829));
#3826=PRESENTATION_STYLE_ASSIGNMENT((#3830));
#3827=PRESENTATION_STYLE_ASSIGNMENT((#3831));
#3828=SURFACE_STYLE_USAGE(.BOTH.,#3832);
#3829=SURFACE_STYLE_USAGE(.BOTH.,#3833);
#3830=SURFACE_STYLE_USAGE(.BOTH.,#3834);
#3831=SURFACE_STYLE_USAGE(.BOTH.,#3835);
#3832=SURFACE_SIDE_STYLE('',(#3836));
#3833=SURFACE_SIDE_STYLE('',(#3837));
#3834=SURFACE_SIDE_STYLE('',(#3838));
#3835=SURFACE_SIDE_STYLE('',(#3839));
#3836=SURFACE_STYLE_FILL_AREA(#3840);
#3837=SURFACE_STYLE_FILL_AREA(#3841);
#3838=SURFACE_STYLE_FILL_AREA(#3842);
#3839=SURFACE_STYLE_FILL_AREA(#3843);
#3840=FILL_AREA_STYLE('Steel - Satin',(#3844));
#3841=FILL_AREA_STYLE('Opaque(210,209,199)',(#3845));
#3842=FILL_AREA_STYLE('Opaque(243,203,124)',(#3846));
#3843=FILL_AREA_STYLE('Opaque(160,160,160)',(#3847));
#3844=FILL_AREA_STYLE_COLOUR('Steel - Satin',#3848);
#3845=FILL_AREA_STYLE_COLOUR('Opaque(210,209,199)',#3849);
#3846=FILL_AREA_STYLE_COLOUR('Opaque(243,203,124)',#3850);
#3847=FILL_AREA_STYLE_COLOUR('Opaque(160,160,160)',#3851);
#3848=COLOUR_RGB('Steel - Satin',0.627450980392157,0.627450980392157,0.627450980392157);
#3849=COLOUR_RGB('Opaque(210,209,199)',0.823529411764706,0.819607843137255,
0.780392156862745);
#3850=COLOUR_RGB('Opaque(243,203,124)',0.952941176470588,0.796078431372549,
0.486274509803922);
#3851=COLOUR_RGB('Opaque(160,160,160)',0.627450980392157,0.627450980392157,
0.627450980392157);
ENDSEC;
END-ISO-10303-21;
